share_excavator,share_wheel_loader,share_backhoe_loader,share_telehandler,share_compactor,arrivals_excavator,arrivals_wheel_loader,arrivals_backhoe_loader,arrivals_telehandler,arrivals_compactor,machines_on_site,starts_this_week,site_age_weeks,mean_engine_hours,mean_idle_hours,utilisation,distinct_operators,site_id,week_start,phase,phase_order,window_id,weeks_elapsed_in_phase,is_complete,start_censored,phase_total_weeks,weeks_remaining,mix_drift_4w,machines_trend_4w,site_weeks_observed,site_pace_observed,site_phases_completed,phase_planned_weeks,weeks_elapsed_vs_planned,planned_x_pace
0.8333333333333334,0.0,0.16666666666666666,0.0,0.0,0.8333333333333334,0.0,0.16666666666666666,0.0,0.0,6.0,6.0,0.0,6.109999999999999,1.6433333333333333,0.7880481513327601,4.0,S001,2025-07-14,clearing,1.0,S001|clearing,0.0,False,False,,,0.0,0.0,0.0,1.0,0.0,10.0,0.0,10.0
0.7692307692307693,0.0,0.15384615384615385,0.07692307692307693,0.0,0.7142857142857143,0.0,0.14285714285714285,0.14285714285714285,0.0,7.0,1.0,1.0,6.191428571428571,1.817142857142857,0.7731002497324295,4.0,S001,2025-07-21,clearing,1.0,S001|clearing,1.0,False,False,,,0.0,0.0,1.0,1.0,0.0,10.0,0.1,10.0
0.7368421052631579,0.0,0.15789473684210525,0.10526315789473684,0.0,0.7142857142857143,0.0,0.14285714285714285,0.14285714285714285,0.0,6.0,0.0,2.0,5.995,1.7616666666666665,0.7728835410399656,4.0,S001,2025-07-28,clearing,1.0,S001|clearing,2.0,False,False,,,0.0,0.0,2.0,1.0,0.0,10.0,0.2,10.0
0.6551724137931034,0.034482758620689655,0.20689655172413793,0.10344827586206896,0.0,0.5833333333333334,0.08333333333333333,0.25,0.08333333333333333,0.0,10.0,5.0,3.0,6.122999999999999,1.8389999999999997,0.7690278824415976,5.0,S001,2025-08-04,clearing,1.0,S001|clearing,3.0,False,False,,,0.0,0.0,3.0,1.0,0.0,10.0,0.3,10.0
0.5882352941176471,0.08823529411764706,0.23529411764705882,0.08823529411764706,0.0,0.5714285714285714,0.14285714285714285,0.21428571428571427,0.07142857142857142,0.0,11.0,2.0,4.0,6.082727272727272,1.7300000000000002,0.778566441703514,7.0,S001,2025-08-11,clearing,1.0,S001|clearing,4.0,False,False,,,0.4901960784313726,5.0,4.0,1.0,0.0,10.0,0.4,10.0
0.5526315789473685,0.13157894736842105,0.2631578947368421,0.05263157894736842,0.0,0.5714285714285714,0.14285714285714285,0.21428571428571427,0.07142857142857142,0.0,11.0,0.0,5.0,6.082727272727272,1.7300000000000002,0.778566441703514,7.0,S001,2025-08-18,clearing,1.0,S001|clearing,5.0,False,False,,,0.48178137651821856,4.0,5.0,1.0,0.0,10.0,0.5,10.0
1.0,0.0,0.0,0.0,0.0,1.0,0.0,0.0,0.0,0.0,1.0,1.0,0.0,16.9,7.55,0.6912065439672801,1.0,S002,2025-07-07,clearing,1.0,S002|clearing,0.0,False,False,,,0.0,0.0,0.0,1.0,0.0,10.0,0.0,10.0
0.42857142857142855,0.2857142857142857,0.2857142857142857,0.0,0.0,0.3333333333333333,0.3333333333333333,0.3333333333333333,0.0,0.0,6.0,5.0,1.0,7.111666666666667,5.133333333333333,0.5807812712671839,6.0,S002,2025-07-14,clearing,1.0,S002|clearing,1.0,False,False,,,0.0,0.0,1.0,1.0,0.0,10.0,0.1,10.0
0.4375,0.25,0.3125,0.0,0.0,0.5,0.2,0.3,0.0,0.0,9.0,4.0,2.0,6.5888888888888895,3.561111111111111,0.6491516146688561,8.0,S002,2025-07-21,clearing,1.0,S002|clearing,2.0,False,False,,,0.0,0.0,2.0,1.0,0.0,10.0,0.2,10.0
0.39285714285714285,0.32142857142857145,0.25,0.03571428571428571,0.0,0.35714285714285715,0.35714285714285715,0.21428571428571427,0.07142857142857142,0.0,12.0,4.0,3.0,6.8566666666666665,3.3208333333333333,0.6737083435683288,8.0,S002,2025-07-28,clearing,1.0,S002|clearing,3.0,False,False,,,0.0,0.0,3.0,1.0,0.0,10.0,0.3,10.0
0.3125,0.3333333333333333,0.2916666666666667,0.041666666666666664,0.020833333333333332,0.25,0.2916666666666667,0.375,0.041666666666666664,0.041666666666666664,21.0,10.0,4.0,6.723809523809523,2.5599999999999996,0.7242511284366023,8.0,S002,2025-08-04,clearing,1.0,S002|clearing,4.0,False,False,,,1.375,20.0,4.0,1.0,0.0,10.0,0.4,10.0
0.3076923076923077,0.3384615384615385,0.27692307692307694,0.046153846153846156,0.03076923076923077,0.32142857142857145,0.2857142857142857,0.32142857142857145,0.03571428571428571,0.03571428571428571,23.0,4.0,5.0,6.389565217391303,2.4765217391304346,0.7206747744213418,8.0,S002,2025-08-11,clearing,1.0,S002|clearing,5.0,False,False,,,0.2593406593406593,17.0,5.0,1.0,0.0,10.0,0.5,10.0
0.3,0.34285714285714286,0.2714285714285714,0.04285714285714286,0.04285714285714286,0.32142857142857145,0.2857142857142857,0.32142857142857145,0.03571428571428571,0.03571428571428571,14.0,0.0,6.0,6.257142857142857,1.592857142857143,0.7970882620564149,7.0,S002,2025-08-18,clearing,1.0,S002|clearing,6.0,False,False,,,0.3571428571428572,5.0,6.0,1.0,0.0,10.0,0.6,10.0
0.5,0.0,0.0,0.5,0.0,0.5,0.0,0.0,0.5,0.0,2.0,2.0,0.0,5.165,1.39,0.7879481311975591,2.0,S003,2025-05-05,clearing,1.0,S003|clearing,0.0,True,False,9.0,8.0,0.0,0.0,0.0,1.0,0.0,10.0,0.0,10.0
0.5,0.0,0.16666666666666666,0.3333333333333333,0.0,0.5,0.0,0.25,0.25,0.0,4.0,2.0,1.0,5.289999999999999,1.3424999999999998,0.7975876366377687,4.0,S003,2025-05-12,clearing,1.0,S003|clearing,1.0,True,False,9.0,7.0,0.0,0.0,1.0,1.0,0.0,10.0,0.1,10.0
0.5384615384615384,0.0,0.23076923076923078,0.23076923076923078,0.0,0.5714285714285714,0.0,0.2857142857142857,0.14285714285714285,0.0,7.0,3.0,2.0,5.698571428571428,1.5,0.7916253224846199,6.0,S003,2025-05-19,clearing,1.0,S003|clearing,2.0,True,False,9.0,6.0,0.0,0.0,2.0,1.0,0.0,10.0,0.2,10.0
0.55,0.0,0.25,0.2,0.0,0.5714285714285714,0.0,0.2857142857142857,0.14285714285714285,0.0,7.0,0.0,3.0,5.698571428571428,1.5,0.7916253224846199,6.0,S003,2025-05-26,clearing,1.0,S003|clearing,3.0,True,False,9.0,5.0,0.0,0.0,3.0,1.0,0.0,10.0,0.3,10.0
0.5555555555555556,0.037037037037037035,0.2962962962962963,0.1111111111111111,0.0,0.5,0.08333333333333333,0.3333333333333333,0.08333333333333333,0.0,9.0,5.0,4.0,6.196666666666667,1.8377777777777777,0.7712626192781082,7.0,S003,2025-06-02,clearing,1.0,S003|clearing,4.0,True,False,9.0,4.0,0.7777777777777778,7.0,4.0,1.0,0.0,10.0,0.4,10.0
0.5454545454545454,0.06060606060606061,0.3333333333333333,0.06060606060606061,0.0,0.5,0.07142857142857142,0.35714285714285715,0.07142857142857142,0.0,10.0,2.0,5.0,6.127,1.718,0.7810070108349267,7.0,S003,2025-06-09,clearing,1.0,S003|clearing,5.0,True,False,9.0,3.0,0.5454545454545454,6.0,5.0,1.0,0.0,10.0,0.5,10.0
0.48717948717948717,0.07692307692307693,0.41025641025641024,0.02564102564102564,0.0,0.4444444444444444,0.05555555555555555,0.4444444444444444,0.05555555555555555,0.0,13.0,4.0,6.0,6.1000000000000005,1.6638461538461538,0.7856930545922917,7.0,S003,2025-06-16,clearing,1.0,S003|clearing,6.0,True,False,9.0,2.0,0.5128205128205128,6.0,6.0,1.0,0.0,10.0,0.6,10.0
0.4090909090909091,0.11363636363636363,0.4318181818181818,0.045454545454545456,0.0,0.391304347826087,0.13043478260869565,0.34782608695652173,0.13043478260869565,0.0,12.0,5.0,7.0,6.39,2.3383333333333334,0.732098529692572,6.0,S003,2025-06-23,clearing,1.0,S003|clearing,7.0,True,False,9.0,1.0,0.5909090909090909,5.0,7.0,1.0,0.0,10.0,0.7,10.0
0.35555555555555557,0.13333333333333333,0.4222222222222222,0.08888888888888889,0.0,0.4090909090909091,0.13636363636363635,0.36363636363636365,0.09090909090909091,0.0,10.0,1.0,8.0,6.601000000000001,3.03,0.6853909251375766,5.0,S003,2025-06-30,clearing,1.0,S003|clearing,8.0,True,False,9.0,0.0,0.4444444444444444,1.0,8.0,1.0,0.0,10.0,0.8,10.0
0.34782608695652173,0.17391304347826086,0.34782608695652173,0.13043478260869565,0.0,0.4230769230769231,0.15384615384615385,0.3076923076923077,0.11538461538461539,0.0,11.0,6.0,9.0,6.524545454545454,3.4354545454545455,0.6550748448338809,7.0,S003,2025-07-07,excavation,2.0,S003|excavation,0.0,False,False,,,0.39525691699604737,1.0,9.0,0.9,1.0,16.0,0.0,14.4
0.3541666666666667,0.2708333333333333,0.20833333333333334,0.16666666666666666,0.0,0.3793103448275862,0.2413793103448276,0.2413793103448276,0.13793103448275862,0.0,15.0,6.0,10.0,6.366666666666666,2.726666666666666,0.7001466275659824,6.0,S003,2025-07-14,excavation,2.0,S003|excavation,1.0,False,False,,,0.6698717948717947,2.0,10.0,0.9,1.0,16.0,0.0625,14.4
0.40384615384615385,0.3269230769230769,0.11538461538461539,0.15384615384615385,0.0,0.375,0.28125,0.21875,0.125,0.0,16.0,3.0,11.0,5.776875,2.134375,0.7302101437825881,6.0,S003,2025-07-21,excavation,2.0,S003|excavation,2.0,False,False,,,0.6433566433566434,4.0,11.0,0.9,1.0,16.0,0.125,14.4
0.43333333333333335,0.35,0.06666666666666667,0.15,0.0,0.41935483870967744,0.25806451612903225,0.16129032258064516,0.16129032258064516,0.0,18.0,4.0,12.0,5.714444444444444,1.5022222222222221,0.7918398768283295,8.0,S003,2025-07-28,excavation,2.0,S003|excavation,3.0,False,False,,,0.711111111111111,8.0,12.0,0.9,1.0,16.0,0.1875,14.4
0.4117647058823529,0.36764705882352944,0.07352941176470588,0.14705882352941177,0.0,0.3870967741935484,0.2903225806451613,0.16129032258064516,0.16129032258064516,0.0,19.0,2.0,13.0,6.111052631578946,1.661578947368421,0.786226977248104,8.0,S003,2025-08-04,excavation,2.0,S003|excavation,4.0,False,False,,,0.5485933503836318,8.0,13.0,0.9,1.0,16.0,0.25,14.4
0.4142857142857143,0.37142857142857144,0.07142857142857142,0.14285714285714285,0.0,0.4,0.36666666666666664,0.06666666666666667,0.16666666666666666,0.0,17.0,3.0,14.0,6.1000000000000005,1.6058823529411765,0.7916030534351145,8.0,S003,2025-08-11,excavation,2.0,S003|excavation,5.0,False,False,,,0.3214285714285715,2.0,14.0,0.9,1.0,16.0,0.3125,14.4
0.417910447761194,0.373134328358209,0.07462686567164178,0.13432835820895522,0.0,0.44,0.36,0.08,0.12,0.0,13.0,0.0,15.0,5.803076923076924,1.639230769230769,0.7797416020671835,6.0,S003,2025-08-18,excavation,2.0,S003|excavation,6.0,False,False,,,0.12055109070034445,-3.0,15.0,0.9,1.0,16.0,0.375,14.4
0.0,0.0,1.0,0.0,0.0,0.0,0.0,1.0,0.0,0.0,1.0,1.0,0.0,7.91,2.46,0.7627772420443587,1.0,S004,2025-01-06,clearing,1.0,S004|clearing,0.0,True,False,13.0,12.0,0.0,0.0,0.0,1.0,0.0,10.0,0.0,10.0
0.42857142857142855,0.2857142857142857,0.2857142857142857,0.0,0.0,0.5,0.3333333333333333,0.16666666666666666,0.0,0.0,6.0,5.0,1.0,8.86,3.4699999999999993,0.7185725871857259,6.0,S004,2025-01-13,clearing,1.0,S004|clearing,1.0,True,False,13.0,11.0,0.0,0.0,1.0,1.0,0.0,10.0,0.1,10.0
0.4117647058823529,0.4117647058823529,0.17647058823529413,0.0,0.0,0.36363636363636365,0.45454545454545453,0.18181818181818182,0.0,0.0,10.0,5.0,2.0,7.43,2.7670000000000003,0.7286456801019908,7.0,S004,2025-01-20,clearing,1.0,S004|clearing,2.0,True,False,13.0,10.0,0.0,0.0,2.0,1.0,0.0,10.0,0.2,10.0
0.42105263157894735,0.4473684210526316,0.13157894736842105,0.0,0.0,0.4090909090909091,0.45454545454545453,0.13636363636363635,0.0,0.0,21.0,11.0,3.0,7.131428571428571,2.3676190476190477,0.7507519550832162,8.0,S004,2025-01-27,clearing,1.0,S004|clearing,3.0,True,False,13.0,9.0,0.0,0.0,3.0,1.0,0.0,10.0,0.3,10.0
0.41379310344827586,0.46551724137931033,0.1206896551724138,0.0,0.0,0.44,0.4,0.16,0.0,0.0,21.0,3.0,4.0,7.126666666666667,2.043333333333333,0.777171937477281,8.0,S004,2025-02-03,clearing,1.0,S004|clearing,4.0,True,False,13.0,8.0,1.7586206896551724,20.0,4.0,1.0,0.0,10.0,0.4,10.0
0.43243243243243246,0.44594594594594594,0.12162162162162163,0.0,0.0,0.4827586206896552,0.3793103448275862,0.13793103448275862,0.0,0.0,22.0,4.0,5.0,7.256363636363639,2.058636363636363,0.7789977065339385,8.0,S004,2025-02-10,clearing,1.0,S004|clearing,5.0,True,False,13.0,7.0,0.3281853281853282,16.0,5.0,1.0,0.0,10.0,0.5,10.0
0.4891304347826087,0.40217391304347827,0.10869565217391304,0.0,0.0,0.5641025641025641,0.3333333333333333,0.10256410256410256,0.0,0.0,28.0,10.0,6.0,6.731071428571427,2.322857142857143,0.7434420732909943,8.0,S004,2025-02-17,clearing,1.0,S004|clearing,6.0,True,False,13.0,6.0,0.1547314578005115,18.0,6.0,1.0,0.0,10.0,0.6,10.0
0.5454545454545454,0.35353535353535354,0.10101010101010101,0.0,0.0,0.6046511627906976,0.3023255813953488,0.09302325581395349,0.0,0.0,28.0,4.0,7.0,6.377857142857144,2.096428571428571,0.7526129467296022,8.0,S004,2025-02-24,clearing,1.0,S004|clearing,7.0,True,False,13.0,5.0,0.24880382775119614,7.0,7.0,1.0,0.0,10.0,0.7,10.0
0.6181818181818182,0.3090909090909091,0.07272727272727272,0.0,0.0,0.6530612244897959,0.2857142857142857,0.061224489795918366,0.0,0.0,32.0,7.0,8.0,6.504375,2.3209375,0.7370135618427109,8.0,S004,2025-03-03,clearing,1.0,S004|clearing,8.0,True,False,13.0,4.0,0.4087774294670846,11.0,8.0,1.0,0.0,10.0,0.8,10.0
0.65,0.275,0.075,0.0,0.0,0.6326530612244898,0.24489795918367346,0.12244897959183673,0.0,0.0,32.0,5.0,9.0,6.5821875,2.3415625,0.7376033057851239,8.0,S004,2025-03-10,clearing,1.0,S004|clearing,9.0,True,False,13.0,3.0,0.43513513513513513,10.0,9.0,1.0,0.0,10.0,0.9,10.0
0.6412213740458015,0.25190839694656486,0.10687022900763359,0.0,0.0,0.6181818181818182,0.21818181818181817,0.16363636363636364,0.0,0.0,39.0,11.0,10.0,5.990512820512821,2.218461538461539,0.7297516789005154,8.0,S004,2025-03-17,clearing,1.0,S004|clearing,10.0,True,False,13.0,2.0,0.3041818785263857,11.0,10.0,1.0,0.0,10.0,1.0,10.0
0.6068965517241379,0.2482758620689655,0.14482758620689656,0.0,0.0,0.6140350877192983,0.21052631578947367,0.17543859649122806,0.0,0.0,42.0,13.0,11.0,6.1292857142857144,2.1602380952380953,0.7394014246323528,8.0,S004,2025-03-24,clearing,1.0,S004|clearing,11.0,True,False,13.0,1.0,0.2105189829327761,14.0,11.0,1.0,0.0,10.0,1.1,10.0
0.5454545454545454,0.24675324675324675,0.2077922077922078,0.0,0.0,0.5806451612903226,0.20967741935483872,0.20967741935483872,0.0,0.0,41.0,8.0,12.0,6.0129268292682925,2.020731707317073,0.7484668164430142,8.0,S004,2025-03-31,clearing,1.0,S004|clearing,12.0,True,False,13.0,0.0,0.27012987012987016,9.0,12.0,1.0,0.0,10.0,1.2,10.0
0.50625,0.24375,0.25,0.0,0.0,0.5625,0.203125,0.234375,0.0,0.0,38.0,6.0,13.0,6.0815789473684205,2.1786842105263156,0.7362451814329861,8.0,S004,2025-04-07,excavation,2.0,S004|excavation,0.0,False,False,,,0.3500000000000001,6.0,13.0,1.3,1.0,16.0,0.0,20.8
0.4642857142857143,0.25,0.2857142857142857,0.0,0.0,0.4827586206896552,0.22413793103448276,0.29310344827586204,0.0,0.0,19.0,4.0,14.0,5.92,1.7063157894736842,0.7762594893029675,8.0,S004,2025-04-14,excavation,2.0,S004|excavation,1.0,False,False,,,0.35768811341330414,-20.0,14.0,1.3,1.0,16.0,0.0625,20.8
0.4434782608695652,0.25217391304347825,0.30434782608695654,0.0,0.0,0.4576271186440678,0.23728813559322035,0.3050847457627119,0.0,0.0,17.0,5.0,15.0,6.2952941176470585,2.331176470588235,0.729764745993863,7.0,S004,2025-04-21,excavation,2.0,S004|excavation,2.0,False,False,,,0.3268365817091454,-25.0,15.0,1.3,1.0,16.0,0.125,20.8
0.43478260869565216,0.22826086956521738,0.33695652173913043,0.0,0.0,0.3684210526315789,0.22807017543859648,0.40350877192982454,0.0,0.0,18.0,5.0,16.0,6.2972222222222225,2.207222222222222,0.740462503266266,8.0,S004,2025-04-28,excavation,2.0,S004|excavation,3.0,False,False,,,0.25832862789384525,-23.0,16.0,1.3,1.0,16.0,0.1875,20.8
0.40789473684210525,0.23684210526315788,0.35526315789473684,0.0,0.0,0.39344262295081966,0.26229508196721313,0.3442622950819672,0.0,0.0,22.0,9.0,17.0,6.788181818181818,2.341818181818182,0.7435029373693121,8.0,S004,2025-05-05,excavation,2.0,S004|excavation,4.0,False,False,,,0.21052631578947367,-16.0,17.0,1.3,1.0,16.0,0.25,20.8
0.3924050632911392,0.24050632911392406,0.3670886075949367,0.0,0.0,0.3888888888888889,0.25925925925925924,0.35185185185185186,0.0,0.0,22.0,4.0,18.0,7.240909090909091,2.6390909090909087,0.7328855355171146,8.0,S004,2025-05-12,excavation,2.0,S004|excavation,5.0,False,False,,,0.16274864376130205,3.0,18.0,1.3,1.0,16.0,0.3125,20.8
0.37037037037037035,0.2345679012345679,0.3950617283950617,0.0,0.0,0.37209302325581395,0.23255813953488372,0.3953488372093023,0.0,0.0,19.0,2.0,19.0,7.4231578947368435,2.8857894736842105,0.7200694338081381,8.0,S004,2025-05-19,excavation,2.0,S004|excavation,6.0,False,False,,,0.1814278046162104,2.0,19.0,1.3,1.0,16.0,0.375,20.8
0.4,0.23333333333333334,0.36666666666666664,0.0,0.0,0.4222222222222222,0.2222222222222222,0.35555555555555557,0.0,0.0,27.0,10.0,20.0,7.14037037037037,2.9066666666666667,0.710694142367383,8.0,S004,2025-05-26,excavation,2.0,S004|excavation,7.0,False,False,,,0.06956521739130431,9.0,20.0,1.3,1.0,16.0,0.4375,20.8
0.4175824175824176,0.24175824175824176,0.34065934065934067,0.0,0.0,0.3953488372093023,0.2558139534883721,0.3488372093023256,0.0,0.0,23.0,4.0,21.0,7.278260869565218,2.8552173913043477,0.7182391556184836,8.0,S004,2025-06-02,excavation,2.0,S004|excavation,8.0,False,False,,,0.029207634470792387,1.0,21.0,1.3,1.0,16.0,0.5,20.8
0.48514851485148514,0.21782178217821782,0.297029702970297,0.0,0.0,0.5,0.2,0.3,0.0,0.0,32.0,11.0,22.0,6.90625,2.4312500000000004,0.7396251673360107,8.0,S004,2025-06-09,excavation,2.0,S004|excavation,9.0,False,False,,,0.18548690312069185,10.0,22.0,1.3,1.0,16.0,0.5625,20.8
0.5087719298245614,0.21929824561403508,0.2719298245614035,0.0,0.0,0.4583333333333333,0.25,0.2916666666666667,0.0,0.0,32.0,3.0,23.0,6.772187499999999,2.4143749999999997,0.7371840664013335,8.0,S004,2025-06-16,excavation,2.0,S004|excavation,10.0,False,False,,,0.27680311890838205,13.0,23.0,1.3,1.0,16.0,0.625,20.8
0.5130434782608696,0.23478260869565218,0.25217391304347825,0.0,0.0,0.46808510638297873,0.2978723404255319,0.23404255319148937,0.0,0.0,28.0,4.0,24.0,6.604285714285714,2.401785714285715,0.7333148272990442,8.0,S004,2025-06-23,excavation,2.0,S004|excavation,11.0,False,False,,,0.2289855072463768,1.0,24.0,1.3,1.0,16.0,0.6875,20.8
0.5081967213114754,0.2459016393442623,0.2459016393442623,0.0,0.0,0.4418604651162791,0.3023255813953488,0.2558139534883721,0.0,0.0,30.0,5.0,25.0,6.567666666666666,2.332,0.7379677141465973,8.0,S004,2025-06-30,excavation,2.0,S004|excavation,12.0,False,False,,,0.18951540263015673,7.0,25.0,1.3,1.0,16.0,0.75,20.8
0.45217391304347826,0.28695652173913044,0.2608695652173913,0.0,0.0,0.42857142857142855,0.30952380952380953,0.2619047619047619,0.0,0.0,25.0,3.0,26.0,6.2244,2.4403999999999995,0.7183547225556274,7.0,S004,2025-07-07,excavation,2.0,S004|excavation,13.0,False,False,,,0.13826947912182522,-7.0,26.0,1.3,1.0,16.0,0.8125,20.8
0.3944954128440367,0.3119266055045872,0.29357798165137616,0.0,0.0,0.37777777777777777,0.28888888888888886,0.3333333333333333,0.0,0.0,26.0,5.0,27.0,6.171153846153846,2.375769230769231,0.7220322203222032,8.0,S004,2025-07-14,excavation,2.0,S004|excavation,14.0,False,False,,,0.22855303396104945,-6.0,27.0,1.3,1.0,16.0,0.875,20.8
0.3557692307692308,0.3269230769230769,0.3173076923076923,0.0,0.0,0.32432432432432434,0.35135135135135137,0.32432432432432434,0.0,0.0,23.0,2.0,28.0,6.27608695652174,2.709130434782609,0.6984902738798026,8.0,S004,2025-07-21,excavation,2.0,S004|excavation,15.0,False,False,,,0.31454849498327764,-5.0,28.0,1.3,1.0,16.0,0.9375,20.8
0.3076923076923077,0.32967032967032966,0.3626373626373626,0.0,0.0,0.34285714285714286,0.3142857142857143,0.34285714285714286,0.0,0.0,17.0,2.0,29.0,6.57,2.5894117647058823,0.7172949714212318,8.0,S004,2025-07-28,excavation,2.0,S004|excavation,16.0,False,False,,,0.4010088272383354,-13.0,29.0,1.3,1.0,16.0,1.0,20.8
0.3,0.325,0.375,0.0,0.0,0.19230769230769232,0.4230769230769231,0.38461538461538464,0.0,0.0,14.0,2.0,30.0,6.927142857142857,2.358571428571429,0.7459999999999999,7.0,S004,2025-08-04,excavation,2.0,S004|excavation,17.0,False,False,,,0.30434782608695654,-11.0,30.0,1.3,1.0,16.0,1.0625,20.8
0.2878787878787879,0.30303030303030304,0.4090909090909091,0.0,0.0,0.20689655172413793,0.27586206896551724,0.5172413793103449,0.0,0.0,12.0,6.0,31.0,7.539166666666667,2.4491666666666663,0.7547972634740531,5.0,S004,2025-08-11,excavation,2.0,S004|excavation,18.0,False,False,,,0.2310258548790659,-14.0,31.0,1.3,1.0,16.0,1.125,20.8
0.24528301886792453,0.2830188679245283,0.4716981132075472,0.0,0.0,0.24,0.24,0.52,0.0,0.0,10.0,0.0,32.0,7.758,2.642,0.7459615384615385,5.0,S004,2025-08-18,excavation,2.0,S004|excavation,19.0,False,False,,,0.30878084179970977,-13.0,32.0,1.3,1.0,16.0,1.1875,20.8
0.0,0.0,1.0,0.0,0.0,0.0,0.0,1.0,0.0,0.0,1.0,1.0,0.0,4.41,1.15,0.7931654676258992,1.0,S005,2025-01-06,clearing,1.0,S005|clearing,0.0,True,False,8.0,7.0,0.0,0.0,0.0,1.0,0.0,10.0,0.0,10.0
0.0,0.6,0.4,0.0,0.0,0.0,0.75,0.25,0.0,0.0,4.0,3.0,1.0,6.505,5.7625,0.5302628897493377,3.0,S005,2025-01-13,clearing,1.0,S005|clearing,1.0,True,False,8.0,6.0,0.0,0.0,1.0,1.0,0.0,10.0,0.1,10.0
0.0,0.5,0.5,0.0,0.0,0.0,0.42857142857142855,0.5714285714285714,0.0,0.0,7.0,3.0,2.0,7.252857142857143,4.264285714285714,0.6297444802778467,4.0,S005,2025-01-20,clearing,1.0,S005|clearing,2.0,True,False,8.0,5.0,0.0,0.0,2.0,1.0,0.0,10.0,0.2,10.0
0.0,0.4090909090909091,0.5454545454545454,0.0,0.045454545454545456,0.0,0.36363636363636365,0.5454545454545454,0.0,0.09090909090909091,10.0,4.0,3.0,7.203,2.192,0.766684406599255,4.0,S005,2025-01-27,clearing,1.0,S005|clearing,3.0,True,False,8.0,4.0,0.0,0.0,3.0,1.0,0.0,10.0,0.3,10.0
0.0,0.4166666666666667,0.5,0.027777777777777776,0.05555555555555555,0.0,0.4375,0.4375,0.0625,0.0625,15.0,5.0,4.0,7.443333333333333,2.0806666666666667,0.7815343693126137,6.0,S005,2025-02-03,clearing,1.0,S005|clearing,4.0,True,False,8.0,3.0,1.0,14.0,4.0,1.0,0.0,10.0,0.4,10.0
0.0,0.37777777777777777,0.4888888888888889,0.06666666666666667,0.06666666666666667,0.0,0.4117647058823529,0.4117647058823529,0.11764705882352941,0.058823529411764705,13.0,1.0,5.0,7.53076923076923,2.175384615384615,0.7758757330797275,7.0,S005,2025-02-10,clearing,1.0,S005|clearing,5.0,True,False,8.0,2.0,0.44444444444444436,9.0,5.0,1.0,0.0,10.0,0.5,10.0
0.0,0.40384615384615385,0.4423076923076923,0.09615384615384616,0.057692307692307696,0.0,0.45,0.4,0.1,0.05,14.0,3.0,6.0,7.603571428571428,2.3849999999999993,0.7612271167048055,6.0,S005,2025-02-17,clearing,1.0,S005|clearing,6.0,True,False,8.0,1.0,0.3076923076923077,7.0,6.0,1.0,0.0,10.0,0.6,10.0
0.0,0.41509433962264153,0.41509433962264153,0.1320754716981132,0.03773584905660377,0.0,0.42857142857142855,0.42857142857142855,0.09523809523809523,0.047619047619047616,11.0,1.0,7.0,6.532727272727272,2.3945454545454545,0.7317718940936864,6.0,S005,2025-02-24,clearing,1.0,S005|clearing,7.0,True,False,8.0,0.0,0.27615780445969124,1.0,7.0,1.0,0.0,10.0,0.7,10.0
0.0,0.4489795918367347,0.3673469387755102,0.16326530612244897,0.02040816326530612,0.0,0.4782608695652174,0.391304347826087,0.08695652173913043,0.043478260869565216,11.0,3.0,8.0,6.430000000000001,2.2290909090909095,0.7425721784776903,6.0,S005,2025-03-03,excavation,2.0,S005|excavation,0.0,True,False,17.0,16.0,0.3356009070294784,-4.0,8.0,0.8,1.0,16.0,0.0,12.8
0.0,0.4782608695652174,0.3695652173913043,0.15217391304347827,0.0,0.0,0.391304347826087,0.4782608695652174,0.08695652173913043,0.043478260869565216,10.0,3.0,9.0,6.446000000000001,1.8039999999999998,0.7813333333333334,6.0,S005,2025-03-10,excavation,2.0,S005|excavation,1.0,True,False,17.0,15.0,0.37198067632850246,-3.0,9.0,0.8,1.0,16.0,0.0625,12.8
0.0,0.46511627906976744,0.37209302325581395,0.13953488372093023,0.023255813953488372,0.0,0.4583333333333333,0.3333333333333333,0.125,0.08333333333333333,11.0,4.0,10.0,6.423636363636363,1.5945454545454545,0.8011337868480726,4.0,S005,2025-03-17,excavation,2.0,S005|excavation,2.0,True,False,17.0,14.0,0.2093023255813953,-3.0,10.0,0.8,1.0,16.0,0.125,12.8
0.0,0.5,0.34782608695652173,0.10869565217391304,0.043478260869565216,0.0,0.5,0.34615384615384615,0.11538461538461539,0.038461538461538464,14.0,6.0,11.0,6.501428571428572,1.662857142857143,0.7963254593175854,7.0,S005,2025-03-24,excavation,2.0,S005|excavation,3.0,True,False,17.0,13.0,0.18129614438063987,3.0,11.0,0.8,1.0,16.0,0.1875,12.8
0.018867924528301886,0.4528301886792453,0.39622641509433965,0.07547169811320754,0.05660377358490566,0.038461538461538464,0.38461538461538464,0.46153846153846156,0.07692307692307693,0.038461538461538464,18.0,5.0,12.0,6.756666666666666,1.7027777777777777,0.7987128127667958,8.0,S005,2025-03-31,excavation,2.0,S005|excavation,4.0,True,False,17.0,12.0,0.17558721601848287,7.0,12.0,0.8,1.0,16.0,0.25,12.8
0.047619047619047616,0.42857142857142855,0.3968253968253968,0.06349206349206349,0.06349206349206349,0.07407407407407407,0.4074074074074074,0.4444444444444444,0.037037037037037035,0.037037037037037035,20.0,2.0,13.0,6.858,1.709,0.8005135986926578,8.0,S005,2025-04-07,excavation,2.0,S005|excavation,5.0,True,False,17.0,11.0,0.2767425810904072,10.0,13.0,0.8,1.0,16.0,0.3125,12.8
0.07462686567164178,0.417910447761194,0.3880597014925373,0.05970149253731343,0.05970149253731343,0.08333333333333333,0.375,0.4583333333333333,0.041666666666666664,0.041666666666666664,15.0,0.0,14.0,6.469999999999999,1.7313333333333332,0.7888961144529344,8.0,S005,2025-04-14,excavation,2.0,S005|excavation,6.0,True,False,17.0,10.0,0.2540784449843804,4.0,14.0,0.8,1.0,16.0,0.375,12.8
0.09375,0.390625,0.375,0.078125,0.0625,0.08333333333333333,0.375,0.4166666666666667,0.08333333333333333,0.041666666666666664,11.0,1.0,15.0,7.182727272727272,2.0681818181818183,0.7764347484276729,7.0,S005,2025-04-21,excavation,2.0,S005|excavation,7.0,True,False,17.0,9.0,0.27989130434782605,-3.0,15.0,0.8,1.0,16.0,0.4375,12.8
0.10714285714285714,0.35714285714285715,0.35714285714285715,0.10714285714285714,0.07142857142857142,0.08333333333333333,0.3333333333333333,0.4583333333333333,0.08333333333333333,0.041666666666666664,10.0,3.0,16.0,6.958,1.951,0.7810079694690761,7.0,S005,2025-04-28,excavation,2.0,S005|excavation,8.0,True,False,17.0,8.0,0.2695417789757413,-8.0,16.0,0.8,1.0,16.0,0.5,12.8
0.10869565217391304,0.34782608695652173,0.32608695652173914,0.15217391304347827,0.06521739130434782,0.08,0.4,0.4,0.08,0.04,10.0,4.0,17.0,6.453999999999999,1.921,0.7706268656716418,6.0,S005,2025-05-05,excavation,2.0,S005|excavation,9.0,True,False,17.0,7.0,0.30296756383712903,-10.0,17.0,0.8,1.0,16.0,0.5625,12.8
0.09302325581395349,0.3488372093023256,0.32558139534883723,0.18604651162790697,0.046511627906976744,0.08695652173913043,0.391304347826087,0.4782608695652174,0.043478260869565216,0.0,12.0,2.0,18.0,6.509166666666666,1.9500000000000002,0.7694808393261747,7.0,S005,2025-05-12,excavation,2.0,S005|excavation,10.0,True,False,17.0,6.0,0.2894828184658104,-3.0,18.0,0.8,1.0,16.0,0.625,12.8
0.0975609756097561,0.34146341463414637,0.34146341463414637,0.1951219512195122,0.024390243902439025,0.11764705882352941,0.35294117647058826,0.47058823529411764,0.058823529411764705,0.0,9.0,0.0,19.0,6.67,2.037777777777778,0.765981880821743,6.0,S005,2025-05-19,excavation,2.0,S005|excavation,11.0,True,False,17.0,5.0,0.24161585365853655,-2.0,19.0,0.8,1.0,16.0,0.6875,12.8
0.10256410256410256,0.358974358974359,0.3333333333333333,0.20512820512820512,0.0,0.07692307692307693,0.5384615384615384,0.3076923076923077,0.07692307692307693,0.0,8.0,1.0,20.0,5.965,1.79,0.7691811734364926,6.0,S005,2025-05-26,excavation,2.0,S005|excavation,12.0,True,False,17.0,4.0,0.19963369963369965,-2.0,20.0,0.8,1.0,16.0,0.75,12.8
0.07894736842105263,0.34210526315789475,0.39473684210526316,0.18421052631578946,0.0,0.0,0.5,0.375,0.125,0.0,9.0,5.0,21.0,6.41,2.2266666666666666,0.7421844847549209,5.0,S005,2025-06-02,excavation,2.0,S005|excavation,13.0,True,False,17.0,3.0,0.20137299771167044,-1.0,21.0,0.8,1.0,16.0,0.8125,12.8
0.05555555555555555,0.3333333333333333,0.4444444444444444,0.16666666666666666,0.0,0.0,0.5294117647058824,0.35294117647058826,0.11764705882352941,0.0,10.0,1.0,22.0,6.68,2.207,0.7516597276921345,6.0,S005,2025-06-09,excavation,2.0,S005|excavation,14.0,True,False,17.0,2.0,0.23772609819121446,-2.0,22.0,0.8,1.0,16.0,0.875,12.8
0.05,0.325,0.45,0.175,0.0,0.05,0.45,0.35,0.15,0.0,13.0,4.0,23.0,6.6123076923076916,1.906923076923077,0.7761625282167043,6.0,S005,2025-06-16,excavation,2.0,S005|excavation,15.0,True,False,17.0,1.0,0.21707317073170732,4.0,23.0,0.8,1.0,16.0,0.9375,12.8
0.045454545454545456,0.2727272727272727,0.5227272727272727,0.1590909090909091,0.0,0.047619047619047616,0.38095238095238093,0.42857142857142855,0.14285714285714285,0.0,12.0,4.0,24.0,6.251666666666666,1.7091666666666667,0.7853030461635089,7.0,S005,2025-06-23,excavation,2.0,S005|excavation,16.0,True,False,17.0,0.0,0.3787878787878788,4.0,24.0,0.8,1.0,16.0,1.0,12.8
0.06,0.2,0.6,0.14,0.0,0.045454545454545456,0.22727272727272727,0.5909090909090909,0.13636363636363635,0.0,15.0,5.0,25.0,6.666,2.6806666666666663,0.7131954350927246,7.0,S005,2025-06-30,foundation,3.0,S005|foundation,0.0,False,False,,,0.41052631578947363,6.0,25.0,0.93125,2.0,18.0,0.0,16.7625
0.06,0.14,0.64,0.14,0.02,0.041666666666666664,0.20833333333333334,0.5416666666666666,0.16666666666666666,0.041666666666666664,10.0,4.0,26.0,6.108,3.025,0.6687835322457024,6.0,S005,2025-07-07,foundation,3.0,S005|foundation,1.0,False,False,,,0.43999999999999995,0.0,26.0,0.93125,2.0,18.0,0.05555555555555555,16.7625
0.0425531914893617,0.10638297872340426,0.7021276595744681,0.10638297872340426,0.0425531914893617,0.04,0.24,0.52,0.16,0.04,10.0,1.0,27.0,6.096,2.9970000000000003,0.6704058066644671,6.0,S005,2025-07-14,foundation,3.0,S005|foundation,2.0,False,False,,,0.5893617021276596,-3.0,27.0,0.93125,2.0,18.0,0.1111111111111111,16.7625
0.021739130434782608,0.13043478260869565,0.6521739130434783,0.10869565217391304,0.08695652173913043,0.038461538461538464,0.19230769230769232,0.5,0.19230769230769232,0.07692307692307693,11.0,2.0,28.0,5.612727272727272,3.286363636363636,0.6307079374808459,6.0,S005,2025-07-21,foundation,3.0,S005|foundation,3.0,False,False,,,0.43280632411067194,-1.0,28.0,0.93125,2.0,18.0,0.16666666666666666,16.7625
0.0,0.20454545454545456,0.5227272727272727,0.13636363636363635,0.13636363636363635,0.04,0.2,0.52,0.16,0.08,13.0,4.0,29.0,5.686923076923078,2.8630769230769224,0.6651372019793073,7.0,S005,2025-07-28,foundation,3.0,S005|foundation,4.0,False,False,,,0.28181818181818186,-2.0,29.0,0.93125,2.0,18.0,0.2222222222222222,16.7625
0.0,0.26,0.42,0.16,0.16,0.03571428571428571,0.17857142857142858,0.5,0.17857142857142858,0.10714285714285714,16.0,4.0,30.0,5.89875,2.626875,0.6918847591818782,7.0,S005,2025-08-04,foundation,3.0,S005|foundation,5.0,False,False,,,0.56,6.0,30.0,0.93125,2.0,18.0,0.2777777777777778,16.7625
0.0,0.2777777777777778,0.37037037037037035,0.18518518518518517,0.16666666666666666,0.0,0.2,0.56,0.12,0.12,14.0,1.0,31.0,5.714999999999999,1.8599999999999999,0.7544554455445543,7.0,S005,2025-08-11,foundation,3.0,S005|foundation,6.0,False,False,,,0.7486209613869189,4.0,31.0,0.93125,2.0,18.0,0.3333333333333333,16.7625
0.0,0.2909090909090909,0.34545454545454546,0.2,0.16363636363636364,0.0,0.23809523809523808,0.47619047619047616,0.14285714285714285,0.14285714285714285,12.0,0.0,32.0,5.898333333333333,2.0116666666666667,0.7456805731142014,7.0,S005,2025-08-18,foundation,3.0,S005|foundation,7.0,False,False,,,0.6569169960474308,1.0,32.0,0.93125,2.0,18.0,0.3888888888888889,16.7625
0.2857142857142857,0.14285714285714285,0.42857142857142855,0.14285714285714285,0.0,0.2857142857142857,0.14285714285714285,0.42857142857142855,0.14285714285714285,0.0,7.0,7.0,0.0,7.8357142857142845,2.311428571428572,0.7722089258059974,5.0,S006,2024-07-22,clearing,1.0,S006|clearing,0.0,True,False,14.0,13.0,0.0,0.0,0.0,1.0,0.0,10.0,0.0,10.0
0.3333333333333333,0.13333333333333333,0.4,0.13333333333333333,0.0,0.375,0.125,0.375,0.125,0.0,8.0,1.0,1.0,7.723750000000001,2.3575,0.7661500309981402,5.0,S006,2024-07-29,clearing,1.0,S006|clearing,1.0,True,False,14.0,12.0,0.0,0.0,1.0,1.0,0.0,10.0,0.1,10.0
0.35714285714285715,0.17857142857142858,0.35714285714285715,0.10714285714285714,0.0,0.38461538461538464,0.23076923076923078,0.3076923076923077,0.07692307692307693,0.0,13.0,5.0,2.0,7.239230769230769,3.0061538461538464,0.7065845784218033,6.0,S006,2024-08-05,clearing,1.0,S006|clearing,2.0,True,False,14.0,11.0,0.0,0.0,2.0,1.0,0.0,10.0,0.2,10.0
0.38095238095238093,0.19047619047619047,0.3333333333333333,0.09523809523809523,0.0,0.4666666666666667,0.2,0.26666666666666666,0.06666666666666667,0.0,14.0,2.0,3.0,7.2299999999999995,2.8564285714285718,0.7168047588697684,6.0,S006,2024-08-12,clearing,1.0,S006|clearing,3.0,True,False,14.0,10.0,0.0,0.0,3.0,1.0,0.0,10.0,0.3,10.0
0.3877551020408163,0.20408163265306123,0.32653061224489793,0.08163265306122448,0.0,0.4375,0.1875,0.3125,0.0625,0.0,14.0,1.0,4.0,6.997857142857144,2.802857142857143,0.7140150134829822,6.0,S006,2024-08-19,clearing,1.0,S006|clearing,4.0,True,False,14.0,9.0,0.326530612244898,7.0,4.0,1.0,0.0,10.0,0.4,10.0
0.39285714285714285,0.21428571428571427,0.3392857142857143,0.05357142857142857,0.0,0.42105263157894735,0.21052631578947367,0.3157894736842105,0.05263157894736842,0.0,15.0,3.0,5.0,6.873333333333333,2.7033333333333336,0.7177166724678037,5.0,S006,2024-08-26,clearing,1.0,S006|clearing,5.0,True,False,14.0,8.0,0.28095238095238095,7.0,5.0,1.0,0.0,10.0,0.5,10.0
0.3787878787878788,0.21212121212121213,0.3787878787878788,0.030303030303030304,0.0,0.4,0.2,0.36666666666666664,0.03333333333333333,0.0,23.0,11.0,6.0,6.413043478260869,2.07,0.7559838040079955,8.0,S006,2024-09-02,clearing,1.0,S006|clearing,6.0,True,False,14.0,7.0,0.15367965367965364,10.0,6.0,1.0,0.0,10.0,0.6,10.0
0.36363636363636365,0.2077922077922078,0.4025974025974026,0.025974025974025976,0.0,0.4166666666666667,0.16666666666666666,0.3611111111111111,0.05555555555555555,0.0,25.0,6.0,7.0,6.1364,2.1592000000000002,0.739717440570905,8.0,S006,2024-09-09,clearing,1.0,S006|clearing,7.0,True,False,14.0,6.0,0.17316017316017318,11.0,7.0,1.0,0.0,10.0,0.7,10.0
0.36046511627906974,0.19767441860465115,0.4186046511627907,0.023255813953488372,0.0,0.41935483870967744,0.1935483870967742,0.3548387096774194,0.03225806451612903,0.0,23.0,2.0,8.0,6.3047826086956515,1.8447826086956522,0.773634229620145,8.0,S006,2024-09-16,clearing,1.0,S006|clearing,8.0,True,False,14.0,5.0,0.18414807783578555,9.0,8.0,1.0,0.0,10.0,0.8,10.0
0.32978723404255317,0.2127659574468085,0.40425531914893614,0.031914893617021274,0.02127659574468085,0.3611111111111111,0.2222222222222222,0.3333333333333333,0.027777777777777776,0.05555555555555555,23.0,6.0,9.0,6.597391304347824,1.9826086956521736,0.7689267254484645,8.0,S006,2024-09-23,clearing,1.0,S006|clearing,9.0,True,False,14.0,4.0,0.17249240121580542,8.0,9.0,1.0,0.0,10.0,0.9,10.0
0.30434782608695654,0.21739130434782608,0.40217391304347827,0.03260869565217391,0.043478260869565216,0.36363636363636365,0.18181818181818182,0.36363636363636365,0.030303030303030304,0.06060606060606061,21.0,2.0,10.0,6.5252380952380955,1.956190476190476,0.7693560159452024,8.0,S006,2024-09-30,clearing,1.0,S006|clearing,10.0,True,False,14.0,3.0,0.14888010540184451,-2.0,10.0,1.0,0.0,10.0,1.0,10.0
0.3191489361702128,0.22340425531914893,0.3723404255319149,0.02127659574468085,0.06382978723404255,0.4146341463414634,0.17073170731707318,0.34146341463414637,0.024390243902439025,0.04878048780487805,27.0,10.0,11.0,6.954444444444444,2.0300000000000002,0.774053920356171,8.0,S006,2024-10-07,clearing,1.0,S006|clearing,11.0,True,False,14.0,2.0,0.15888366952196742,2.0,11.0,1.0,0.0,10.0,1.1,10.0
0.3333333333333333,0.24242424242424243,0.3434343434343434,0.010101010101010102,0.0707070707070707,0.4,0.18,0.36,0.02,0.04,28.0,10.0,12.0,7.019642857142857,2.6314285714285712,0.7273433741627502,7.0,S006,2024-10-14,clearing,1.0,S006|clearing,12.0,True,False,14.0,1.0,0.230913789053324,5.0,12.0,1.0,0.0,10.0,1.2,10.0
0.36363636363636365,0.2545454545454545,0.3181818181818182,0.00909090909090909,0.05454545454545454,0.3888888888888889,0.2037037037037037,0.3333333333333333,0.037037037037037035,0.037037037037037035,34.0,7.0,13.0,6.979705882352942,2.470294117647059,0.7385932150638033,7.0,S006,2024-10-21,clearing,1.0,S006|clearing,13.0,True,False,14.0,0.0,0.21779497098646033,11.0,13.0,1.0,0.0,10.0,1.3,10.0
0.40869565217391307,0.2782608695652174,0.2608695652173913,0.017391304347826087,0.034782608695652174,0.3829787234042553,0.23404255319148937,0.2978723404255319,0.0425531914893617,0.0425531914893617,26.0,4.0,14.0,6.7907692307692304,2.4384615384615387,0.7357892982163694,8.0,S006,2024-10-28,excavation,2.0,S006|excavation,0.0,True,False,19.0,18.0,0.3304347826086957,5.0,14.0,1.4,1.0,16.0,0.0,22.4
0.3904761904761905,0.29523809523809524,0.2571428571428571,0.0380952380952381,0.01904761904761905,0.34782608695652173,0.2391304347826087,0.32608695652173914,0.043478260869565216,0.043478260869565216,17.0,5.0,15.0,5.623529411764706,1.8911764705882352,0.7483365949119374,8.0,S006,2024-11-04,excavation,2.0,S006|excavation,1.0,True,False,19.0,17.0,0.3199594731509625,-10.0,15.0,1.4,1.0,16.0,0.0625,22.4
0.375,0.3020833333333333,0.2604166666666667,0.052083333333333336,0.010416666666666666,0.37735849056603776,0.22641509433962265,0.32075471698113206,0.03773584905660377,0.03773584905660377,19.0,9.0,16.0,6.095263157894737,2.493684210526316,0.7096635823273485,7.0,S006,2024-11-11,excavation,2.0,S006|excavation,2.0,True,False,19.0,16.0,0.2866161616161616,-9.0,16.0,1.4,1.0,16.0,0.125,22.4
0.3488372093023256,0.313953488372093,0.27906976744186046,0.05813953488372093,0.0,0.37735849056603776,0.2641509433962264,0.32075471698113206,0.03773584905660377,0.0,24.0,6.0,17.0,6.007916666666667,2.4470833333333335,0.710575596294106,7.0,S006,2024-11-18,excavation,2.0,S006|excavation,3.0,True,False,19.0,15.0,0.21691331923890064,-10.0,17.0,1.4,1.0,16.0,0.1875,22.4
0.3333333333333333,0.3,0.3111111111111111,0.05555555555555555,0.0,0.4166666666666667,0.25,0.3,0.03333333333333333,0.0,30.0,9.0,18.0,6.242333333333334,2.4176666666666664,0.7208237105465743,8.0,S006,2024-11-25,excavation,2.0,S006|excavation,4.0,True,False,19.0,14.0,0.22028985507246382,4.0,18.0,1.4,1.0,16.0,0.25,22.4
0.40350877192982454,0.2719298245614035,0.2894736842105263,0.03508771929824561,0.0,0.42424242424242425,0.24242424242424243,0.30303030303030304,0.030303030303030304,0.0,41.0,16.0,19.0,6.337073170731707,2.2590243902439027,0.737203495630462,8.0,S006,2024-12-02,excavation,2.0,S006|excavation,5.0,True,False,19.0,13.0,0.09072681704260653,24.0,19.0,1.4,1.0,16.0,0.3125,22.4
0.45652173913043476,0.2608695652173913,0.2463768115942029,0.036231884057971016,0.0,0.4153846153846154,0.27692307692307694,0.26153846153846155,0.046153846153846156,0.0,43.0,9.0,20.0,6.43906976744186,2.235813953488372,0.7422658302503887,8.0,S006,2024-12-09,excavation,2.0,S006|excavation,6.0,True,False,19.0,12.0,0.16304347826086954,24.0,20.0,1.4,1.0,16.0,0.375,22.4
0.49079754601226994,0.24539877300613497,0.22085889570552147,0.04294478527607362,0.0,0.4117647058823529,0.27941176470588236,0.2647058823529412,0.04411764705882353,0.0,49.0,10.0,21.0,6.504489795918367,2.653469387755102,0.7102553817355262,8.0,S006,2024-12-16,excavation,2.0,S006|excavation,7.0,True,False,19.0,11.0,0.2839206734198887,25.0,21.0,1.4,1.0,16.0,0.4375,22.4
0.5026737967914439,0.24598930481283424,0.20320855614973263,0.0427807486631016,0.0053475935828877,0.45569620253164556,0.26582278481012656,0.22784810126582278,0.0379746835443038,0.012658227848101266,54.0,15.0,22.0,6.462777777777779,2.6970370370370373,0.7055576895861554,8.0,S006,2024-12-23,excavation,2.0,S006|excavation,8.0,True,False,19.0,10.0,0.3493761140819965,24.0,22.0,1.4,1.0,16.0,0.5,22.4
0.494949494949495,0.2676767676767677,0.18686868686868688,0.04040404040404041,0.010101010101010102,0.46987951807228917,0.2891566265060241,0.20481927710843373,0.024096385542168676,0.012048192771084338,52.0,9.0,23.0,6.468461538461539,2.62173076923077,0.7115868751189998,8.0,S006,2024-12-30,excavation,2.0,S006|excavation,9.0,True,False,19.0,9.0,0.21371610845295064,11.0,23.0,1.4,1.0,16.0,0.5625,22.4
0.47761194029850745,0.2885572139303483,0.18407960199004975,0.03482587064676617,0.014925373134328358,0.45121951219512196,0.3048780487804878,0.2073170731707317,0.024390243902439025,0.012195121951219513,46.0,8.0,24.0,6.503695652173912,3.1056521739130436,0.6768092663393888,8.0,S006,2025-01-06,excavation,2.0,S006|excavation,10.0,True,False,19.0,8.0,0.12740644603071605,3.0,24.0,1.4,1.0,16.0,0.625,22.4
0.465,0.305,0.185,0.025,0.02,0.47674418604651164,0.26744186046511625,0.22093023255813954,0.023255813953488372,0.011627906976744186,48.0,10.0,25.0,6.563125,3.0987500000000003,0.679280677922246,8.0,S006,2025-01-13,excavation,2.0,S006|excavation,11.0,True,False,19.0,7.0,0.15920245398773003,-1.0,25.0,1.4,1.0,16.0,0.6875,22.4
0.44221105527638194,0.3165829145728643,0.20603015075376885,0.020100502512562814,0.01507537688442211,0.43478260869565216,0.29347826086956524,0.2391304347826087,0.021739130434782608,0.010869565217391304,53.0,15.0,26.0,6.654528301886792,3.1026415094339628,0.6820141937230484,8.0,S006,2025-01-20,excavation,2.0,S006|excavation,12.0,True,False,19.0,6.0,0.1662859753312014,-1.0,26.0,1.4,1.0,16.0,0.75,22.4
0.415,0.3,0.25,0.025,0.01,0.3563218390804598,0.3103448275862069,0.28735632183908044,0.034482758620689655,0.011494252873563218,53.0,11.0,27.0,6.580566037735848,3.0115094339622637,0.6860419371336401,8.0,S006,2025-01-27,excavation,2.0,S006|excavation,13.0,True,False,19.0,5.0,0.19090909090909092,1.0,27.0,1.4,1.0,16.0,0.8125,22.4
0.3719806763285024,0.28502415458937197,0.30434782608695654,0.033816425120772944,0.004830917874396135,0.3522727272727273,0.2840909090909091,0.3068181818181818,0.045454545454545456,0.011363636363636364,53.0,10.0,28.0,6.513962264150943,2.6733962264150937,0.7090136159201528,8.0,S006,2025-02-03,excavation,2.0,S006|excavation,14.0,True,False,19.0,4.0,0.2405364481938136,7.0,28.0,1.4,1.0,16.0,0.875,22.4
0.33175355450236965,0.24644549763033174,0.3744075829383886,0.04265402843601896,0.004739336492890996,0.3522727272727273,0.23863636363636365,0.3522727272727273,0.03409090909090909,0.022727272727272728,52.0,10.0,29.0,6.492884615384616,2.3817307692307694,0.7316243390829505,8.0,S006,2025-02-10,excavation,2.0,S006|excavation,15.0,True,False,19.0,3.0,0.41412322274881525,4.0,29.0,1.4,1.0,16.0,0.9375,22.4
0.29207920792079206,0.21287128712871287,0.4306930693069307,0.054455445544554455,0.009900990099009901,0.2987012987012987,0.2597402597402597,0.38961038961038963,0.03896103896103896,0.012987012987012988,44.0,4.0,30.0,6.522499999999999,1.9340909090909089,0.7712918917466205,8.0,S006,2025-02-17,excavation,2.0,S006|excavation,16.0,True,False,19.0,2.0,0.518035723170307,-9.0,30.0,1.4,1.0,16.0,1.0,22.4
0.25405405405405407,0.1891891891891892,0.4756756756756757,0.05945945945945946,0.021621621621621623,0.2753623188405797,0.2463768115942029,0.4057971014492754,0.043478260869565216,0.028985507246376812,36.0,1.0,31.0,6.569166666666668,1.8919444444444449,0.7763952724885096,8.0,S006,2025-02-24,excavation,2.0,S006|excavation,17.0,True,False,19.0,1.0,0.5435135135135135,-17.0,31.0,1.4,1.0,16.0,1.0625,22.4
0.2654320987654321,0.16049382716049382,0.4876543209876543,0.04938271604938271,0.037037037037037035,0.3235294117647059,0.22058823529411764,0.38235294117647056,0.04411764705882353,0.029411764705882353,30.0,7.0,32.0,6.424,1.7830000000000006,0.7827464359692945,8.0,S006,2025-03-03,excavation,2.0,S006|excavation,18.0,True,False,19.0,0.0,0.4621578099838969,-23.0,32.0,1.4,1.0,16.0,1.125,22.4
0.323943661971831,0.1619718309859155,0.43661971830985913,0.04225352112676056,0.035211267605633804,0.3380281690140845,0.2112676056338028,0.36619718309859156,0.056338028169014086,0.028169014084507043,32.0,13.0,33.0,6.383125,1.8715625,0.7732727616884346,8.0,S006,2025-03-10,foundation,3.0,S006|foundation,0.0,False,False,,,0.18536813296842664,-20.0,33.0,1.29375,2.0,18.0,0.0,23.287499999999998
0.40625,0.1484375,0.3671875,0.046875,0.03125,0.391304347826087,0.17391304347826086,0.3188405797101449,0.08695652173913043,0.028985507246376812,30.0,13.0,34.0,6.270333333333335,1.918,0.7657642987991046,8.0,S006,2025-03-17,foundation,3.0,S006|foundation,1.0,False,False,,,0.27103960396039606,-14.0,34.0,1.29375,2.0,18.0,0.05555555555555555,23.287499999999998
0.45185185185185184,0.2,0.2740740740740741,0.05925925925925926,0.014814814814814815,0.3918918918918919,0.25675675675675674,0.24324324324324326,0.08108108108108109,0.02702702702702703,43.0,16.0,35.0,6.409069767441858,1.833255813953488,0.7775802719936799,8.0,S006,2025-03-24,foundation,3.0,S006|foundation,2.0,False,False,,,0.41721721721721716,7.0,35.0,1.29375,2.0,18.0,0.1111111111111111,23.287499999999998
0.4533333333333333,0.24666666666666667,0.22,0.08,0.0,0.4225352112676056,0.2676056338028169,0.22535211267605634,0.056338028169014086,0.028169014084507043,45.0,7.0,36.0,6.470222222222222,1.8951111111111112,0.7734565933482096,8.0,S006,2025-03-31,foundation,3.0,S006|foundation,3.0,False,False,,,0.6093827160493825,15.0,36.0,1.29375,2.0,18.0,0.16666666666666666,23.287499999999998
0.42073170731707316,0.29878048780487804,0.18902439024390244,0.09146341463414634,0.0,0.42028985507246375,0.30434782608695654,0.17391304347826086,0.08695652173913043,0.014492753623188406,46.0,8.0,37.0,6.438478260869566,2.3432608695652175,0.7331666501633826,8.0,S006,2025-04-07,foundation,3.0,S006|foundation,4.0,False,False,,,0.5656131913431809,14.0,37.0,1.29375,2.0,18.0,0.2222222222222222,23.287499999999998
0.3812154696132597,0.3314917127071823,0.1878453038674033,0.09392265193370165,0.0055248618784530384,0.4189189189189189,0.25675675675675674,0.20270270270270271,0.0945945945945946,0.02702702702702703,47.0,9.0,38.0,6.540425531914894,2.2570212765957445,0.7434458740446939,8.0,S006,2025-04-14,foundation,3.0,S006|foundation,5.0,False,False,,,0.4602037292817679,17.0,38.0,1.29375,2.0,18.0,0.2777777777777778,23.287499999999998
0.3756906077348066,0.3370165745856354,0.18232044198895028,0.09392265193370165,0.011049723756906077,0.41025641025641024,0.2948717948717949,0.19230769230769232,0.08974358974358974,0.01282051282051282,43.0,5.0,39.0,6.54813953488372,2.218837209302326,0.7469096503793304,8.0,S006,2025-04-21,foundation,3.0,S006|foundation,6.0,False,False,,,0.3433599345201555,0.0,39.0,1.29375,2.0,18.0,0.3333333333333333,23.287499999999998
0.3668639053254438,0.31952662721893493,0.1893491124260355,0.10650887573964497,0.01775147928994083,0.3815789473684211,0.2894736842105263,0.21052631578947367,0.10526315789473684,0.013157894736842105,33.0,5.0,40.0,6.506666666666667,2.053030303030303,0.7601515205154529,8.0,S006,2025-04-28,foundation,3.0,S006|foundation,7.0,False,False,,,0.2342406311637081,-12.0,40.0,1.29375,2.0,18.0,0.3888888888888889,23.287499999999998
0.3618421052631579,0.2894736842105263,0.19736842105263158,0.125,0.02631578947368421,0.34782608695652173,0.30434782608695654,0.2028985507246377,0.13043478260869565,0.014492753623188406,29.0,6.0,41.0,6.304137931034483,2.332758620689655,0.7299077733860343,8.0,S006,2025-05-05,foundation,3.0,S006|foundation,8.0,False,False,,,0.13639281129653397,-17.0,41.0,1.29375,2.0,18.0,0.4444444444444444,23.287499999999998
0.37777777777777777,0.25925925925925924,0.2,0.13333333333333333,0.02962962962962963,0.328125,0.3125,0.234375,0.109375,0.015625,30.0,8.0,42.0,6.51,2.3846666666666665,0.7318992654774397,8.0,S006,2025-05-12,foundation,3.0,S006|foundation,9.0,False,False,,,0.15134029056680998,-17.0,42.0,1.29375,2.0,18.0,0.5,23.287499999999998
0.384,0.216,0.208,0.16,0.032,0.3448275862068966,0.2413793103448276,0.25862068965517243,0.13793103448275862,0.017241379310344827,33.0,10.0,43.0,6.662727272727273,2.4096969696969697,0.7343932663081599,8.0,S006,2025-05-19,foundation,3.0,S006|foundation,10.0,False,False,,,0.24203314917127078,-10.0,43.0,1.29375,2.0,18.0,0.5555555555555556,23.287499999999998
0.3888888888888889,0.2222222222222222,0.20634920634920634,0.15873015873015872,0.023809523809523808,0.3392857142857143,0.26785714285714285,0.23214285714285715,0.14285714285714285,0.017857142857142856,34.0,5.0,44.0,6.409705882352942,1.8226470588235293,0.7785994998213648,8.0,S006,2025-05-26,foundation,3.0,S006|foundation,11.0,False,False,,,0.1946088099934254,1.0,44.0,1.29375,2.0,18.0,0.6111111111111112,23.287499999999998
0.373015873015873,0.23809523809523808,0.20634920634920634,0.15873015873015872,0.023809523809523808,0.3269230769230769,0.3076923076923077,0.21153846153846154,0.11538461538461539,0.038461538461538464,29.0,4.0,45.0,6.968275862068965,1.913103448275862,0.7845938810374282,8.0,S006,2025-06-02,foundation,3.0,S006|foundation,12.0,False,False,,,0.10776942355889724,0.0,45.0,1.29375,2.0,18.0,0.6666666666666666,23.287499999999998
0.33884297520661155,0.2727272727272727,0.19834710743801653,0.1652892561983471,0.024793388429752067,0.30434782608695654,0.34782608695652173,0.1956521739130435,0.13043478260869565,0.021739130434782608,25.0,3.0,46.0,6.787999999999999,2.6268000000000002,0.7209924799252241,8.0,S006,2025-06-09,foundation,3.0,S006|foundation,13.0,False,False,,,0.0908478726660545,-5.0,46.0,1.29375,2.0,18.0,0.7222222222222222,23.287499999999998
0.2897196261682243,0.3177570093457944,0.205607476635514,0.16822429906542055,0.018691588785046728,0.3170731707317073,0.2926829268292683,0.21951219512195122,0.14634146341463414,0.024390243902439025,19.0,0.0,47.0,6.918947368421051,2.8289473684210527,0.7097888882889692,8.0,S006,2025-06-16,foundation,3.0,S006|foundation,14.0,False,False,,,0.2199626168224299,-14.0,47.0,1.29375,2.0,18.0,0.7777777777777778,23.287499999999998
0.23076923076923078,0.32967032967032966,0.21978021978021978,0.1978021978021978,0.02197802197802198,0.3,0.325,0.175,0.175,0.025,18.0,4.0,48.0,6.879444444444443,3.0755555555555554,0.6910541882917574,7.0,S006,2025-06-23,foundation,3.0,S006|foundation,15.0,False,False,,,0.3199023199023199,-16.0,48.0,1.29375,2.0,18.0,0.8333333333333334,23.287499999999998
0.1625,0.3375,0.275,0.2125,0.0125,0.2631578947368421,0.3684210526315789,0.21052631578947367,0.13157894736842105,0.02631578947368421,18.0,4.0,49.0,6.595,3.2988888888888885,0.6665730810264473,7.0,S006,2025-06-30,foundation,3.0,S006|foundation,16.0,False,False,,,0.4436507936507937,-11.0,49.0,1.29375,2.0,18.0,0.8888888888888888,23.287499999999998
0.1267605633802817,0.30985915492957744,0.323943661971831,0.23943661971830985,0.0,0.18181818181818182,0.3939393939393939,0.21212121212121213,0.18181818181818182,0.030303030303030304,16.0,3.0,50.0,6.960625,2.39625,0.7439048827733619,8.0,S006,2025-07-07,foundation,3.0,S006|foundation,17.0,False,False,,,0.4737516005121639,-9.0,50.0,1.29375,2.0,18.0,0.9444444444444444,23.287499999999998
0.11267605633802817,0.30985915492957744,0.3380281690140845,0.23943661971830985,0.0,0.14814814814814814,0.48148148148148145,0.18518518518518517,0.14814814814814814,0.037037037037037035,19.0,4.0,51.0,6.571052631578947,2.7210526315789476,0.7071651090342679,8.0,S006,2025-07-14,foundation,3.0,S006|foundation,18.0,False,False,,,0.4072660260629195,0.0,51.0,1.29375,2.0,18.0,1.0,23.287499999999998
0.07142857142857142,0.34285714285714286,0.37142857142857144,0.21428571428571427,0.0,0.08,0.44,0.24,0.2,0.04,17.0,3.0,52.0,6.685882352941176,2.6988235294117646,0.7124232167481509,8.0,S006,2025-07-21,foundation,3.0,S006|foundation,19.0,False,False,,,0.3626373626373627,-1.0,52.0,1.29375,2.0,18.0,1.0555555555555556,23.287499999999998
0.06060606060606061,0.36363636363636365,0.3484848484848485,0.22727272727272727,0.0,0.08,0.4,0.24,0.28,0.0,14.0,4.0,53.0,6.375714285714286,2.510714285714286,0.7174664416043727,8.0,S006,2025-07-28,foundation,3.0,S006|foundation,20.0,False,False,,,0.2287878787878788,-4.0,53.0,1.29375,2.0,18.0,1.1111111111111112,23.287499999999998
0.05970149253731343,0.40298507462686567,0.31343283582089554,0.22388059701492538,0.0,0.14285714285714285,0.42857142857142855,0.21428571428571427,0.21428571428571427,0.0,17.0,6.0,54.0,6.677058823529412,2.095294117647059,0.7611479916851069,8.0,S006,2025-08-04,foundation,3.0,S006|foundation,21.0,False,False,,,0.1862518393945764,1.0,54.0,1.29375,2.0,18.0,1.1666666666666667,23.287499999999998
0.057971014492753624,0.43478260869565216,0.30434782608695654,0.2028985507246377,0.0,0.12121212121212122,0.45454545454545453,0.24242424242424243,0.18181818181818182,0.0,21.0,5.0,55.0,6.813809523809524,2.0623809523809524,0.7676502145922747,8.0,S006,2025-08-11,foundation,3.0,S006|foundation,22.0,False,False,,,0.2498469075321494,2.0,55.0,1.29375,2.0,18.0,1.2222222222222223,23.287499999999998
0.08695652173913043,0.4782608695652174,0.2608695652173913,0.17391304347826086,0.0,0.10344827586206896,0.4827586206896552,0.27586206896551724,0.13793103448275862,0.0,17.0,0.0,56.0,6.825294117647059,2.0352941176470587,0.7702980813914891,7.0,S006,2025-08-18,foundation,3.0,S006|foundation,23.0,False,False,,,0.30186335403726716,0.0,56.0,1.29375,2.0,18.0,1.2777777777777777,23.287499999999998
0.5,0.5,0.0,0.0,0.0,0.5,0.5,0.0,0.0,0.0,2.0,2.0,0.0,6.99,1.925,0.7840717891194615,2.0,S007,2024-08-19,clearing,1.0,S007|clearing,0.0,True,False,10.0,9.0,0.0,0.0,0.0,1.0,0.0,10.0,0.0,10.0
0.3333333333333333,0.5,0.16666666666666666,0.0,0.0,0.25,0.5,0.25,0.0,0.0,4.0,2.0,1.0,6.3825,1.5524999999999998,0.8043478260869565,4.0,S007,2024-08-26,clearing,1.0,S007|clearing,1.0,True,False,10.0,8.0,0.0,0.0,1.0,1.0,0.0,10.0,0.1,10.0
0.35714285714285715,0.42857142857142855,0.14285714285714285,0.07142857142857142,0.0,0.375,0.375,0.125,0.125,0.0,8.0,4.0,2.0,6.495,1.7062499999999998,0.791952446273434,6.0,S007,2024-09-02,clearing,1.0,S007|clearing,2.0,True,False,10.0,7.0,0.0,0.0,2.0,1.0,0.0,10.0,0.2,10.0
0.2916666666666667,0.375,0.25,0.08333333333333333,0.0,0.3076923076923077,0.3076923076923077,0.3076923076923077,0.07692307692307693,0.0,10.0,5.0,3.0,7.427000000000001,3.781,0.6626516773733048,6.0,S007,2024-09-09,clearing,1.0,S007|clearing,3.0,True,False,10.0,6.0,0.0,0.0,3.0,1.0,0.0,10.0,0.3,10.0
0.32432432432432434,0.32432432432432434,0.2702702702702703,0.08108108108108109,0.0,0.4444444444444444,0.2777777777777778,0.2222222222222222,0.05555555555555555,0.0,15.0,5.0,4.0,7.389333333333335,3.692666666666667,0.6667869818925585,6.0,S007,2024-09-16,clearing,1.0,S007|clearing,4.0,True,False,10.0,5.0,0.7027027027027026,13.0,4.0,1.0,0.0,10.0,0.4,10.0
0.37254901960784315,0.29411764705882354,0.2549019607843137,0.0784313725490196,0.0,0.45454545454545453,0.3181818181818182,0.18181818181818182,0.045454545454545456,0.0,18.0,4.0,5.0,6.990555555555555,3.2433333333333336,0.6830790945116986,8.0,S007,2024-09-23,clearing,1.0,S007|clearing,5.0,True,False,10.0,4.0,0.411764705882353,14.0,5.0,1.0,0.0,10.0,0.5,10.0
0.4032258064516129,0.2903225806451613,0.24193548387096775,0.06451612903225806,0.0,0.5,0.3076923076923077,0.15384615384615385,0.038461538461538464,0.0,19.0,4.0,6.0,6.951052631578947,3.19578947368421,0.6850459048705846,8.0,S007,2024-09-30,clearing,1.0,S007|clearing,6.0,True,False,10.0,3.0,0.29032258064516125,11.0,6.0,1.0,0.0,10.0,0.6,10.0
0.4583333333333333,0.2916666666666667,0.19444444444444445,0.05555555555555555,0.0,0.5172413793103449,0.3103448275862069,0.13793103448275862,0.034482758620689655,0.0,20.0,3.0,7.0,6.761,3.249,0.6754245754245755,8.0,S007,2024-10-07,clearing,1.0,S007|clearing,7.0,True,False,10.0,2.0,0.33333333333333326,10.0,7.0,1.0,0.0,10.0,0.7,10.0
0.4931506849315068,0.3013698630136986,0.1643835616438356,0.0410958904109589,0.0,0.5333333333333333,0.3,0.13333333333333333,0.03333333333333333,0.0,16.0,3.0,8.0,6.4025,2.6793750000000003,0.7049755694721629,7.0,S007,2024-10-14,clearing,1.0,S007|clearing,8.0,True,False,10.0,1.0,0.33765272121436507,1.0,8.0,1.0,0.0,10.0,0.8,10.0
0.5256410256410257,0.2948717948717949,0.14102564102564102,0.02564102564102564,0.01282051282051282,0.5555555555555556,0.25,0.1388888888888889,0.027777777777777776,0.027777777777777776,23.0,8.0,9.0,7.203913043478261,2.925652173913043,0.7111769250579449,8.0,S007,2024-10-21,clearing,1.0,S007|clearing,9.0,True,False,10.0,0.0,0.3333333333333333,5.0,9.0,1.0,0.0,10.0,0.9,10.0
0.5057471264367817,0.3218390804597701,0.13793103448275862,0.011494252873563218,0.022988505747126436,0.5111111111111111,0.3111111111111111,0.15555555555555556,0.0,0.022222222222222223,28.0,13.0,10.0,7.612857142857143,2.2982142857142853,0.7681164642715578,7.0,S007,2024-10-28,excavation,2.0,S007|excavation,0.0,True,False,16.0,15.0,0.314052651093808,9.0,10.0,1.0,1.0,16.0,0.0,16.0
0.5051546391752577,0.3402061855670103,0.13402061855670103,0.0,0.020618556701030927,0.5555555555555556,0.3148148148148148,0.1111111111111111,0.0,0.018518518518518517,30.0,14.0,11.0,6.745,2.033333333333333,0.7683690905638885,7.0,S007,2024-11-04,excavation,2.0,S007|excavation,1.0,True,False,16.0,14.0,0.23195876288659795,10.0,11.0,1.0,1.0,16.0,0.0625,16.0
0.5190839694656488,0.29770992366412213,0.16793893129770993,0.0,0.015267175572519083,0.5694444444444444,0.2361111111111111,0.18055555555555555,0.0,0.013888888888888888,50.0,23.0,12.0,6.612199999999998,2.3382,0.738760278870218,8.0,S007,2024-11-11,excavation,2.0,S007|excavation,2.0,True,False,16.0,13.0,0.08951165952107079,34.0,12.0,1.0,1.0,16.0,0.125,16.0
0.5321637426900585,0.2807017543859649,0.17543859649122806,0.0,0.011695906432748537,0.5952380952380952,0.2261904761904762,0.15476190476190477,0.0,0.023809523809523808,63.0,16.0,13.0,6.5246031746031745,2.152539682539683,0.7519299015841656,8.0,S007,2024-11-18,excavation,2.0,S007|excavation,3.0,True,False,16.0,12.0,0.08187134502923978,40.0,13.0,1.0,1.0,16.0,0.1875,16.0
0.5450236966824644,0.24644549763033174,0.1895734597156398,0.009478672985781991,0.009478672985781991,0.5434782608695652,0.22826086956521738,0.18478260869565216,0.021739130434782608,0.021739130434782608,68.0,12.0,14.0,6.5177941176470595,2.4913235294117646,0.7234664229049003,8.0,S007,2024-11-25,excavation,2.0,S007|excavation,4.0,True,False,16.0,11.0,0.181837990957128,40.0,14.0,1.0,1.0,16.0,0.25,16.0
0.5435684647302904,0.21991701244813278,0.2033195020746888,0.02074688796680498,0.012448132780082987,0.5252525252525253,0.2222222222222222,0.20202020202020202,0.030303030303030304,0.020202020202020204,60.0,10.0,15.0,6.514666666666668,2.520166666666667,0.7210610784187127,8.0,S007,2024-12-02,excavation,2.0,S007|excavation,5.0,True,False,16.0,10.0,0.25691919407965097,30.0,15.0,1.0,1.0,16.0,0.3125,16.0
0.5098814229249012,0.21739130434782608,0.21739130434782608,0.039525691699604744,0.015810276679841896,0.4954128440366973,0.22018348623853212,0.22018348623853212,0.045871559633027525,0.01834862385321101,62.0,13.0,16.0,6.3466129032258065,2.326129032258064,0.7317885105354188,8.0,S007,2024-12-09,excavation,2.0,S007|excavation,6.0,True,False,16.0,9.0,0.17904233171408734,12.0,16.0,1.0,1.0,16.0,0.375,16.0
0.466403162055336,0.21739130434782608,0.2450592885375494,0.05928853754940711,0.011857707509881422,0.47413793103448276,0.25,0.22413793103448276,0.04310344827586207,0.008620689655172414,63.0,15.0,17.0,6.312063492063493,2.0601587301587303,0.7539292823964358,8.0,S007,2024-12-16,excavation,2.0,S007|excavation,7.0,True,False,16.0,8.0,0.25814206134572265,0.0,17.0,1.0,1.0,16.0,0.4375,16.0
0.42616033755274263,0.21940928270042195,0.27848101265822783,0.06751054852320675,0.008438818565400843,0.47706422018348627,0.21100917431192662,0.25688073394495414,0.045871559633027525,0.009174311926605505,52.0,6.0,18.0,6.306923076923078,2.060192307692308,0.7537750810177206,8.0,S007,2024-12-23,excavation,2.0,S007|excavation,8.0,True,False,16.0,7.0,0.29387885696002547,-16.0,18.0,1.0,1.0,16.0,0.5,16.0
0.37333333333333335,0.23555555555555555,0.3111111111111111,0.07555555555555556,0.0044444444444444444,0.4326923076923077,0.21153846153846154,0.27884615384615385,0.0673076923076923,0.009615384615384616,48.0,9.0,19.0,6.085208333333334,1.5574999999999999,0.7962109854163827,8.0,S007,2024-12-30,excavation,2.0,S007|excavation,9.0,True,False,16.0,6.0,0.35647763946519123,-12.0,19.0,1.0,1.0,16.0,0.5625,16.0
0.33175355450236965,0.25118483412322273,0.3412322274881517,0.07109004739336493,0.004739336492890996,0.3522727272727273,0.25,0.29545454545454547,0.07954545454545454,0.022727272727272728,48.0,7.0,20.0,6.044583333333333,1.6056249999999999,0.790120094768661,8.0,S007,2025-01-06,excavation,2.0,S007|excavation,10.0,True,False,16.0,5.0,0.3783976172189649,-14.0,20.0,1.0,1.0,16.0,0.625,16.0
0.29381443298969073,0.26804123711340205,0.36082474226804123,0.06701030927835051,0.010309278350515464,0.2839506172839506,0.25925925925925924,0.35802469135802467,0.08641975308641975,0.012345679012345678,46.0,9.0,21.0,6.26217391304348,1.6813043478260867,0.7883415435139574,8.0,S007,2025-01-13,excavation,2.0,S007|excavation,11.0,True,False,16.0,4.0,0.34827431645002244,-17.0,21.0,1.0,1.0,16.0,0.6875,16.0
0.2727272727272727,0.2777777777777778,0.3484848484848485,0.08080808080808081,0.020202020202020204,0.29411764705882354,0.24705882352941178,0.32941176470588235,0.10588235294117647,0.023529411764705882,56.0,16.0,22.0,6.0633928571428575,1.8373214285714285,0.7674486936081729,8.0,S007,2025-01-20,excavation,2.0,S007|excavation,12.0,True,False,16.0,3.0,0.30686612965093985,4.0,22.0,1.0,1.0,16.0,0.75,16.0
0.28,0.255,0.335,0.095,0.035,0.2926829268292683,0.23170731707317074,0.32926829268292684,0.10975609756097561,0.036585365853658534,50.0,7.0,23.0,6.1979999999999995,1.969,0.7589077996816456,8.0,S007,2025-01-27,excavation,2.0,S007|excavation,13.0,True,False,16.0,2.0,0.1866666666666667,2.0,23.0,1.0,1.0,16.0,0.8125,16.0
0.29850746268656714,0.23383084577114427,0.31840796019900497,0.10945273631840796,0.03980099502487562,0.2875,0.2375,0.325,0.1125,0.0375,49.0,11.0,24.0,6.282857142857143,2.0551020408163265,0.7535245741139612,8.0,S007,2025-02-03,excavation,2.0,S007|excavation,14.0,True,False,16.0,1.0,0.14684869491405536,1.0,24.0,1.0,1.0,16.0,0.875,16.0
0.3121951219512195,0.21951219512195122,0.3024390243902439,0.12195121951219512,0.04390243902439024,0.2857142857142857,0.22077922077922077,0.3246753246753247,0.12987012987012986,0.03896103896103896,50.0,12.0,25.0,6.7608,2.0879999999999996,0.7640358014646055,8.0,S007,2025-02-10,excavation,2.0,S007|excavation,15.0,True,False,16.0,0.0,0.21382951973849632,4.0,25.0,1.0,1.0,16.0,0.9375,16.0
0.31958762886597936,0.23195876288659795,0.27319587628865977,0.12886597938144329,0.04639175257731959,0.2692307692307692,0.2692307692307692,0.28205128205128205,0.14102564102564102,0.038461538461538464,45.0,7.0,26.0,6.771777777777779,1.9837777777777776,0.7734263959390864,8.0,S007,2025-02-17,foundation,3.0,S007|foundation,0.0,True,False,18.0,17.0,0.2422159741747371,-11.0,26.0,1.0,2.0,18.0,0.0,18.0
0.32335329341317365,0.2694610778443114,0.23952095808383234,0.11976047904191617,0.04790419161676647,0.2911392405063291,0.27848101265822783,0.25316455696202533,0.12658227848101267,0.05063291139240506,23.0,10.0,27.0,6.79695652173913,1.7852173913043479,0.7919854095952176,8.0,S007,2025-02-24,foundation,3.0,S007|foundation,1.0,True,False,18.0,16.0,0.1909580838323353,-27.0,27.0,1.0,2.0,18.0,0.05555555555555555,18.0
0.3356643356643357,0.3076923076923077,0.1888111888111888,0.11888111888111888,0.04895104895104895,0.34177215189873417,0.26582278481012656,0.21518987341772153,0.13924050632911392,0.0379746835443038,25.0,7.0,28.0,6.8828,2.29,0.7503488574917146,8.0,S007,2025-03-03,foundation,3.0,S007|foundation,2.0,True,False,18.0,15.0,0.2591935427756324,-24.0,28.0,1.0,2.0,18.0,0.1111111111111111,18.0
0.35772357723577236,0.3252032520325203,0.13821138211382114,0.12195121951219512,0.056910569105691054,0.34615384615384615,0.2564102564102564,0.19230769230769232,0.15384615384615385,0.05128205128205128,30.0,8.0,29.0,6.743333333333333,2.4563333333333333,0.7329975723758108,8.0,S007,2025-03-10,foundation,3.0,S007|foundation,3.0,True,False,18.0,14.0,0.3284552845528455,-20.0,29.0,1.0,2.0,18.0,0.16666666666666666,18.0
0.38181818181818183,0.2909090909090909,0.14545454545454545,0.12727272727272726,0.05454545454545454,0.3380281690140845,0.2676056338028169,0.22535211267605634,0.1267605633802817,0.04225352112676056,32.0,9.0,30.0,6.3481250000000005,2.8987499999999997,0.6865157147685029,8.0,S007,2025-03-17,foundation,3.0,S007|foundation,4.0,True,False,18.0,13.0,0.25866916588566075,-13.0,30.0,1.0,2.0,18.0,0.2222222222222222,18.0
0.3953488372093023,0.24806201550387597,0.18604651162790697,0.13178294573643412,0.03875968992248062,0.358974358974359,0.2692307692307692,0.24358974358974358,0.10256410256410256,0.02564102564102564,42.0,14.0,31.0,6.6171428571428565,2.7926190476190476,0.703221072341287,8.0,S007,2025-03-24,foundation,3.0,S007|foundation,5.0,True,False,18.0,12.0,0.16803602098129325,19.0,31.0,1.0,2.0,18.0,0.2777777777777778,18.0
0.42207792207792205,0.21428571428571427,0.2077922077922078,0.11688311688311688,0.03896103896103896,0.41025641025641024,0.24358974358974358,0.23076923076923078,0.07692307692307693,0.038461538461538464,50.0,11.0,32.0,6.7966,3.0764,0.6884027144738175,8.0,S007,2025-03-31,foundation,3.0,S007|foundation,6.0,True,False,18.0,11.0,0.2107892107892108,25.0,32.0,1.0,2.0,18.0,0.3333333333333333,18.0
0.44571428571428573,0.17714285714285713,0.22857142857142856,0.10857142857142857,0.04,0.4225352112676056,0.2112676056338028,0.22535211267605634,0.08450704225352113,0.056338028169014086,51.0,5.0,33.0,6.768235294117647,3.1152941176470574,0.6847994286394478,8.0,S007,2025-04-07,foundation,3.0,S007|foundation,7.0,True,False,18.0,10.0,0.35670150987224164,21.0,33.0,1.0,2.0,18.0,0.3888888888888889,18.0
0.4708994708994709,0.15343915343915343,0.2222222222222222,0.10582010582010581,0.047619047619047616,0.4264705882352941,0.19117647058823528,0.22058823529411764,0.10294117647058823,0.058823529411764705,46.0,4.0,34.0,6.60086956521739,3.2536956521739127,0.6698285941188149,8.0,S007,2025-04-14,foundation,3.0,S007|foundation,8.0,True,False,18.0,9.0,0.33169793169793166,14.0,34.0,1.0,2.0,18.0,0.4444444444444444,18.0
0.4897959183673469,0.12244897959183673,0.2193877551020408,0.10714285714285714,0.061224489795918366,0.42424242424242425,0.13636363636363635,0.2727272727272727,0.10606060606060606,0.06060606060606061,49.0,8.0,35.0,6.534897959183673,3.133469387755102,0.6759050131926121,8.0,S007,2025-04-21,foundation,3.0,S007|foundation,9.0,True,False,18.0,8.0,0.3005062490112324,7.0,35.0,1.0,2.0,18.0,0.5,18.0
0.47150259067357514,0.10880829015544041,0.23834196891191708,0.11398963730569948,0.06735751295336788,0.37681159420289856,0.15942028985507245,0.2898550724637681,0.10144927536231885,0.07246376811594203,47.0,10.0,36.0,6.52063829787234,3.0880851063829784,0.6786165053918204,8.0,S007,2025-04-28,foundation,3.0,S007|foundation,10.0,True,False,18.0,7.0,0.21674180741538254,-3.0,36.0,1.0,2.0,18.0,0.5555555555555556,18.0
0.44565217391304346,0.11956521739130435,0.24456521739130435,0.11956521739130435,0.07065217391304347,0.3787878787878788,0.16666666666666666,0.30303030303030304,0.09090909090909091,0.06060606060606061,42.0,5.0,37.0,6.387380952380952,3.2842857142857143,0.6604219492380788,8.0,S007,2025-05-05,foundation,3.0,S007|foundation,11.0,True,False,18.0,6.0,0.1152795031055901,-9.0,37.0,1.0,2.0,18.0,0.6111111111111112,18.0
0.41208791208791207,0.13736263736263737,0.26373626373626374,0.11538461538461539,0.07142857142857142,0.3939393939393939,0.16666666666666666,0.2727272727272727,0.09090909090909091,0.07575757575757576,44.0,9.0,38.0,6.429090909090909,2.8988636363636364,0.6892283702458397,8.0,S007,2025-05-12,foundation,3.0,S007|foundation,12.0,True,False,18.0,5.0,0.14977614977614978,-2.0,38.0,1.0,2.0,18.0,0.6666666666666666,18.0
0.4046242774566474,0.16184971098265896,0.2658959537572254,0.10982658959537572,0.057803468208092484,0.4,0.16363636363636364,0.23636363636363636,0.10909090909090909,0.09090909090909091,40.0,3.0,39.0,6.468500000000001,3.1315,0.6738020833333332,8.0,S007,2025-05-19,foundation,3.0,S007|foundation,13.0,True,False,18.0,4.0,0.1771853249970508,-9.0,39.0,1.0,2.0,18.0,0.7222222222222222,18.0
0.43125,0.18125,0.2375,0.1,0.05,0.38,0.2,0.22,0.12,0.08,34.0,6.0,40.0,6.507352941176471,2.456764705882353,0.7259334602008005,8.0,S007,2025-05-26,foundation,3.0,S007|foundation,14.0,True,False,18.0,3.0,0.14488341968911914,-13.0,40.0,1.0,2.0,18.0,0.7777777777777778,18.0
0.4755244755244755,0.1958041958041958,0.2097902097902098,0.08391608391608392,0.03496503496503497,0.40425531914893614,0.2127659574468085,0.2127659574468085,0.10638297872340426,0.06382978723404255,25.0,2.0,41.0,6.1892,2.5572,0.7076282813500412,7.0,S007,2025-06-02,foundation,3.0,S007|foundation,15.0,True,False,18.0,2.0,0.21222256004864704,-17.0,41.0,1.0,2.0,18.0,0.8333333333333334,18.0
0.5478260869565217,0.19130434782608696,0.1565217391304348,0.0782608695652174,0.02608695652173913,0.43478260869565216,0.17391304347826086,0.21739130434782608,0.08695652173913043,0.08695652173913043,16.0,3.0,42.0,6.519375,1.8656249999999999,0.7775044722719142,8.0,S007,2025-06-09,foundation,3.0,S007|foundation,16.0,True,False,18.0,1.0,0.37935977066411847,-28.0,42.0,1.0,2.0,18.0,0.8888888888888888,18.0
0.6067415730337079,0.19101123595505617,0.10112359550561797,0.06741573033707865,0.033707865168539325,0.4878048780487805,0.21951219512195122,0.14634146341463414,0.07317073170731707,0.07317073170731707,14.0,3.0,43.0,6.428571428571429,2.061428571428572,0.7571933366986371,8.0,S007,2025-06-16,foundation,3.0,S007|foundation,17.0,True,False,18.0,0.0,0.46255764109891534,-26.0,43.0,1.0,2.0,18.0,0.9444444444444444,18.0
0.6417910447761194,0.19402985074626866,0.04477611940298507,0.05970149253731343,0.05970149253731343,0.5151515151515151,0.24242424242424243,0.09090909090909091,0.06060606060606061,0.09090909090909091,12.0,2.0,44.0,6.62,2.0975,0.7593920275308287,6.0,S007,2025-06-23,erection,4.0,S007|erection,0.0,False,False,,,0.466044776119403,-22.0,44.0,1.0,3.0,22.0,0.0,22.0
0.6041666666666666,0.1875,0.020833333333333332,0.08333333333333333,0.10416666666666667,0.5,0.21875,0.09375,0.09375,0.09375,6.0,4.0,45.0,5.791666666666667,1.4216666666666669,0.8029112754158965,4.0,S007,2025-06-30,erection,4.0,S007|erection,1.0,False,False,,,0.3956876456876457,-19.0,45.0,1.0,3.0,22.0,0.045454545454545456,22.0
0.40425531914893614,0.2127659574468085,0.10638297872340426,0.1702127659574468,0.10638297872340426,0.40625,0.1875,0.125,0.21875,0.0625,15.0,9.0,46.0,6.236,1.4346666666666665,0.8129671475751782,7.0,S007,2025-07-07,erection,4.0,S007|erection,2.0,False,False,,,0.38741905642923213,-1.0,46.0,1.0,3.0,22.0,0.09090909090909091,22.0
0.18867924528301888,0.22641509433962265,0.20754716981132076,0.24528301886792453,0.1320754716981132,0.2857142857142857,0.2,0.2,0.2,0.11428571428571428,20.0,6.0,47.0,6.4384999999999994,1.605,0.8004599987567601,8.0,S007,2025-07-14,erection,4.0,S007|erection,3.0,False,False,,,0.836124655501378,6.0,47.0,1.0,3.0,22.0,0.13636363636363635,22.0
0.06060606060606061,0.19696969696969696,0.30303030303030304,0.30303030303030304,0.13636363636363635,0.17647058823529413,0.14705882352941177,0.29411764705882354,0.23529411764705882,0.14705882352941177,25.0,5.0,48.0,6.6284,2.4088,0.73345726552472,8.0,S007,2025-07-21,erection,4.0,S007|erection,4.0,False,False,,,1.1623699683401174,13.0,48.0,1.0,3.0,22.0,0.18181818181818182,22.0
0.04938271604938271,0.16049382716049382,0.3333333333333333,0.30864197530864196,0.14814814814814814,0.15151515151515152,0.15151515151515152,0.30303030303030304,0.24242424242424243,0.15151515151515152,21.0,1.0,49.0,6.575714285714285,2.4952380952380953,0.7249199433041104,8.0,S007,2025-07-28,erection,4.0,S007|erection,5.0,False,False,,,1.1635802469135803,15.0,49.0,1.0,3.0,22.0,0.22727272727272727,22.0
0.05747126436781609,0.13793103448275862,0.3448275862068966,0.28735632183908044,0.1724137931034483,0.15151515151515152,0.15151515151515152,0.3333333333333333,0.24242424242424243,0.12121212121212122,21.0,3.0,50.0,6.5966666666666685,2.714761904761905,0.7084483993044902,8.0,S007,2025-08-04,erection,4.0,S007|erection,6.0,False,False,,,0.8432379554903399,6.0,50.0,1.0,3.0,22.0,0.2727272727272727,22.0
0.08139534883720931,0.10465116279069768,0.36046511627906974,0.26744186046511625,0.18604651162790697,0.11764705882352941,0.11764705882352941,0.35294117647058826,0.2647058823529412,0.14705882352941177,19.0,4.0,51.0,6.769473684210527,3.401052631578947,0.6655971848478577,8.0,S007,2025-08-11,erection,4.0,S007|erection,7.0,False,False,,,0.458095655989469,-1.0,51.0,1.0,3.0,22.0,0.3181818181818182,22.0
0.12,0.08,0.3466666666666667,0.26666666666666666,0.18666666666666668,0.125,0.09375,0.375,0.28125,0.125,14.0,0.0,52.0,6.703571428571428,3.947142857142857,0.629401113272081,7.0,S007,2025-08-18,erection,4.0,S007|erection,8.0,False,False,,,0.30666666666666664,-11.0,52.0,1.0,3.0,22.0,0.36363636363636365,22.0
0.5,0.375,0.0,0.125,0.0,0.5,0.375,0.0,0.125,0.0,8.0,8.0,0.0,6.57375,2.3112500000000002,0.7398705683736634,7.0,S008,2024-03-18,clearing,1.0,S008|clearing,0.0,True,False,12.0,11.0,0.0,0.0,0.0,1.0,0.0,10.0,0.0,10.0
0.4666666666666667,0.4,0.06666666666666667,0.06666666666666667,0.0,0.45454545454545453,0.4090909090909091,0.09090909090909091,0.045454545454545456,0.0,22.0,14.0,1.0,6.858181818181818,1.9418181818181817,0.7793388429752066,7.0,S008,2024-03-25,clearing,1.0,S008|clearing,1.0,True,False,12.0,10.0,0.0,0.0,1.0,1.0,0.0,10.0,0.1,10.0
0.4339622641509434,0.41509433962264153,0.09433962264150944,0.05660377358490566,0.0,0.4,0.44,0.12,0.04,0.0,23.0,3.0,2.0,6.72,2.142608695652174,0.7582417582417582,8.0,S008,2024-04-01,clearing,1.0,S008|clearing,2.0,True,False,12.0,9.0,0.0,0.0,2.0,1.0,0.0,10.0,0.2,10.0
0.44871794871794873,0.38461538461538464,0.11538461538461539,0.05128205128205128,0.0,0.45161290322580644,0.3548387096774194,0.12903225806451613,0.06451612903225806,0.0,25.0,6.0,3.0,6.636,1.9096000000000002,0.7765399737876802,8.0,S008,2024-04-08,clearing,1.0,S008|clearing,3.0,True,False,12.0,8.0,0.0,0.0,3.0,1.0,0.0,10.0,0.3,10.0
0.4175824175824176,0.3626373626373626,0.16483516483516483,0.054945054945054944,0.0,0.4,0.34285714285714286,0.17142857142857143,0.08571428571428572,0.0,21.0,4.0,4.0,6.722857142857143,1.7995238095238095,0.7888472928423759,8.0,S008,2024-04-15,clearing,1.0,S008|clearing,4.0,True,False,12.0,7.0,0.3296703296703296,13.0,4.0,1.0,0.0,10.0,0.4,10.0
0.4111111111111111,0.3111111111111111,0.2111111111111111,0.06666666666666667,0.0,0.425,0.325,0.175,0.075,0.0,21.0,5.0,5.0,6.935714285714285,2.0004761904761903,0.7761376958328893,6.0,S008,2024-04-22,clearing,1.0,S008|clearing,5.0,True,False,12.0,6.0,0.2888888888888889,-1.0,5.0,1.0,0.0,10.0,0.5,10.0
0.44680851063829785,0.22340425531914893,0.23404255319148937,0.07446808510638298,0.02127659574468085,0.4583333333333333,0.2708333333333333,0.16666666666666666,0.0625,0.041666666666666664,27.0,8.0,6.0,6.866666666666668,2.0014814814814814,0.7743067156698965,8.0,S008,2024-04-29,clearing,1.0,S008|clearing,6.0,True,False,12.0,5.0,0.3833801686069851,4.0,6.0,1.0,0.0,10.0,0.6,10.0
0.4631578947368421,0.15789473684210525,0.25263157894736843,0.08421052631578947,0.042105263157894736,0.48,0.26,0.16,0.06,0.04,26.0,2.0,7.0,7.029615384615384,1.9296153846153847,0.7846226496093415,8.0,S008,2024-05-06,clearing,1.0,S008|clearing,7.0,True,False,12.0,4.0,0.45344129554655876,1.0,7.0,1.0,0.0,10.0,0.7,10.0
0.47619047619047616,0.13333333333333333,0.2571428571428571,0.0761904761904762,0.05714285714285714,0.38461538461538464,0.2692307692307692,0.25,0.057692307692307696,0.038461538461538464,31.0,10.0,8.0,6.4070967741935485,1.8758064516129034,0.7735327335747946,8.0,S008,2024-05-13,clearing,1.0,S008|clearing,8.0,True,False,12.0,3.0,0.45860805860805864,10.0,8.0,1.0,0.0,10.0,0.8,10.0
0.47540983606557374,0.14754098360655737,0.2459016393442623,0.07377049180327869,0.05737704918032787,0.40816326530612246,0.22448979591836735,0.24489795918367346,0.08163265306122448,0.04081632653061224,38.0,11.0,9.0,6.372105263157895,1.8599999999999999,0.7740553673038809,8.0,S008,2024-05-20,clearing,1.0,S008|clearing,9.0,True,False,12.0,2.0,0.32714025500910743,17.0,9.0,1.0,0.0,10.0,0.9,10.0
0.4696969696969697,0.17424242424242425,0.23484848484848486,0.07575757575757576,0.045454545454545456,0.4716981132075472,0.18867924528301888,0.20754716981132076,0.09433962264150944,0.03773584905660377,37.0,7.0,10.0,6.151081081081082,1.81,0.7726439435089626,8.0,S008,2024-05-27,clearing,1.0,S008|clearing,10.0,True,False,12.0,1.0,0.09832366215344943,10.0,10.0,1.0,0.0,10.0,1.0,10.0
0.45390070921985815,0.2127659574468085,0.22695035460992907,0.07801418439716312,0.028368794326241134,0.4339622641509434,0.22641509433962265,0.22641509433962265,0.07547169811320754,0.03773584905660377,35.0,6.0,11.0,5.969714285714286,1.8734285714285712,0.7611380277585517,8.0,S008,2024-06-03,clearing,1.0,S008|clearing,11.0,True,False,12.0,0.0,0.10974244120940652,9.0,11.0,1.0,0.0,10.0,1.1,10.0
0.44285714285714284,0.2357142857142857,0.21428571428571427,0.09285714285714286,0.014285714285714285,0.42592592592592593,0.24074074074074073,0.2037037037037037,0.09259259259259259,0.037037037037037035,30.0,5.0,12.0,6.237333333333334,1.845333333333333,0.7716925107225339,8.0,S008,2024-06-10,excavation,2.0,S008|excavation,0.0,True,False,19.0,18.0,0.23809523809523808,-1.0,12.0,1.2,1.0,16.0,0.0,19.2
0.4132231404958678,0.2396694214876033,0.2231404958677686,0.11570247933884298,0.008264462809917356,0.4107142857142857,0.23214285714285715,0.23214285714285715,0.08928571428571429,0.03571428571428571,19.0,7.0,13.0,7.311052631578946,2.2936842105263158,0.7611923941037865,8.0,S008,2024-06-17,excavation,2.0,S008|excavation,1.0,True,False,19.0,17.0,0.2681208508332204,-19.0,13.0,1.2,1.0,16.0,0.0625,19.2
0.3557692307692308,0.25,0.25961538461538464,0.1346153846153846,0.0,0.35714285714285715,0.26785714285714285,0.26785714285714285,0.10714285714285714,0.0,20.0,8.0,14.0,6.9655000000000005,2.3165,0.7504309416074122,8.0,S008,2024-06-24,excavation,2.0,S008|excavation,2.0,True,False,19.0,16.0,0.31876456876456877,-17.0,14.0,1.2,1.0,16.0,0.125,19.2
0.28421052631578947,0.24210526315789474,0.30526315789473685,0.16842105263157894,0.0,0.31666666666666665,0.26666666666666666,0.2833333333333333,0.13333333333333333,0.0,26.0,6.0,15.0,7.003846153846154,2.197692307692308,0.7611603410800869,8.0,S008,2024-07-01,excavation,2.0,S008|excavation,3.0,True,False,19.0,15.0,0.39611795446061965,-9.0,15.0,1.2,1.0,16.0,0.1875,19.2
0.25252525252525254,0.25252525252525254,0.3333333333333333,0.16161616161616163,0.0,0.359375,0.265625,0.25,0.125,0.0,34.0,14.0,16.0,6.376470588235294,1.6899999999999997,0.7904907751768394,8.0,S008,2024-07-08,excavation,2.0,S008|excavation,4.0,True,False,19.0,14.0,0.40923520923520923,4.0,16.0,1.2,1.0,16.0,0.25,19.2
0.2413793103448276,0.28448275862068967,0.33620689655172414,0.12931034482758622,0.008620689655172414,0.29508196721311475,0.29508196721311475,0.2786885245901639,0.11475409836065574,0.01639344262295082,36.0,8.0,17.0,6.156388888888888,1.6591666666666667,0.7877096957634347,8.0,S008,2024-07-15,excavation,2.0,S008|excavation,5.0,True,False,19.0,13.0,0.3436876603020804,17.0,17.0,1.2,1.0,16.0,0.3125,19.2
0.2462686567164179,0.29850746268656714,0.3358208955223881,0.1044776119402985,0.014925373134328358,0.28125,0.265625,0.328125,0.109375,0.015625,38.0,10.0,18.0,6.193947368421052,1.8278947368421055,0.772135288521471,8.0,S008,2024-07-22,excavation,2.0,S008|excavation,6.0,True,False,19.0,12.0,0.2792766934557979,18.0,18.0,1.2,1.0,16.0,0.375,19.2
0.2569444444444444,0.3263888888888889,0.3263888888888889,0.0763888888888889,0.013888888888888888,0.26666666666666666,0.2833333333333333,0.31666666666666665,0.11666666666666667,0.016666666666666666,36.0,2.0,19.0,6.27,1.8688888888888888,0.7703754266211603,8.0,S008,2024-07-29,excavation,2.0,S008|excavation,7.0,True,False,19.0,11.0,0.2385964912280702,10.0,19.0,1.2,1.0,16.0,0.4375,19.2
0.2620689655172414,0.3310344827586207,0.3310344827586207,0.06206896551724138,0.013793103448275862,0.2857142857142857,0.25396825396825395,0.3492063492063492,0.09523809523809523,0.015873015873015872,35.0,8.0,20.0,6.333714285714285,2.1254285714285714,0.7487418515891512,8.0,S008,2024-08-05,excavation,2.0,S008|excavation,8.0,True,False,19.0,10.0,0.20369209334726576,1.0,20.0,1.2,1.0,16.0,0.5,19.2
0.29411764705882354,0.33088235294117646,0.3088235294117647,0.058823529411764705,0.007352941176470588,0.27419354838709675,0.2903225806451613,0.3064516129032258,0.11290322580645161,0.016129032258064516,27.0,6.0,21.0,6.497037037037038,2.631851851851852,0.7117007465108731,8.0,S008,2024-08-12,excavation,2.0,S008|excavation,9.0,True,False,19.0,9.0,0.19827586206896547,-9.0,21.0,1.2,1.0,16.0,0.5625,19.2
0.3053435114503817,0.3435114503816794,0.26717557251908397,0.07633587786259542,0.007633587786259542,0.25757575757575757,0.3181818181818182,0.25757575757575757,0.13636363636363635,0.030303030303030304,33.0,12.0,22.0,6.604242424242425,2.833939393939394,0.6997367238168626,8.0,S008,2024-08-19,excavation,2.0,S008|excavation,10.0,True,False,19.0,8.0,0.2081576848581521,-5.0,22.0,1.2,1.0,16.0,0.625,19.2
0.3333333333333333,0.3111111111111111,0.2222222222222222,0.0962962962962963,0.037037037037037035,0.3,0.2857142857142857,0.22857142857142856,0.11428571428571428,0.07142857142857142,40.0,10.0,23.0,6.633750000000001,2.21825,0.7494069136918211,8.0,S008,2024-08-26,excavation,2.0,S008|excavation,11.0,True,False,19.0,7.0,0.2388888888888889,4.0,23.0,1.2,1.0,16.0,0.6875,19.2
0.36428571428571427,0.3,0.17142857142857143,0.1,0.06428571428571428,0.328125,0.265625,0.21875,0.109375,0.078125,40.0,8.0,24.0,6.90125,2.3495,0.746020592924898,8.0,S008,2024-09-02,excavation,2.0,S008|excavation,12.0,True,False,19.0,6.0,0.3812807881773399,5.0,24.0,1.2,1.0,16.0,0.75,19.2
0.3691275167785235,0.2751677852348993,0.174496644295302,0.10067114093959731,0.08053691275167785,0.35,0.23333333333333334,0.23333333333333334,0.11666666666666667,0.06666666666666667,36.0,4.0,25.0,6.935000000000001,2.5188888888888896,0.7335605570899689,8.0,S008,2024-09-09,excavation,2.0,S008|excavation,13.0,True,False,19.0,5.0,0.38008290564547964,9.0,25.0,1.2,1.0,16.0,0.8125,19.2
0.38926174496644295,0.2348993288590604,0.19463087248322147,0.087248322147651,0.09395973154362416,0.3148148148148148,0.25925925925925924,0.2222222222222222,0.1111111111111111,0.09259259259259259,33.0,4.0,26.0,7.277575757575757,2.1457575757575755,0.7722931472489308,8.0,S008,2024-09-16,excavation,2.0,S008|excavation,14.0,True,False,19.0,4.0,0.36231364311696296,0.0,26.0,1.2,1.0,16.0,0.875,19.2
0.38028169014084506,0.21830985915492956,0.21830985915492956,0.09154929577464789,0.09154929577464789,0.3103448275862069,0.22413793103448276,0.22413793103448276,0.15517241379310345,0.08620689655172414,33.0,6.0,27.0,7.136363636363637,2.2154545454545453,0.7630990570623117,8.0,S008,2024-09-23,excavation,2.0,S008|excavation,15.0,True,False,19.0,3.0,0.20292123109024518,-7.0,27.0,1.2,1.0,16.0,0.9375,19.2
0.35,0.18571428571428572,0.24285714285714285,0.1357142857142857,0.08571428571428572,0.3,0.21666666666666667,0.2,0.2,0.08333333333333333,38.0,10.0,28.0,6.875263157894737,2.7197368421052635,0.7165464468884561,8.0,S008,2024-09-30,excavation,2.0,S008|excavation,16.0,True,False,19.0,2.0,0.2571428571428571,-2.0,28.0,1.2,1.0,16.0,1.0,19.2
0.3448275862068966,0.16551724137931034,0.25517241379310346,0.16551724137931034,0.06896551724137931,0.3484848484848485,0.16666666666666666,0.22727272727272727,0.18181818181818182,0.07575757575757576,41.0,12.0,29.0,6.633414634146342,2.7890243902439025,0.7040018637399048,8.0,S008,2024-10-07,excavation,2.0,S008|excavation,17.0,True,False,19.0,1.0,0.29104373987502896,5.0,29.0,1.2,1.0,16.0,1.0625,19.2
0.3795180722891566,0.15060240963855423,0.2289156626506024,0.18674698795180722,0.05421686746987952,0.4666666666666667,0.10666666666666667,0.21333333333333335,0.14666666666666667,0.06666666666666667,54.0,21.0,30.0,6.7105555555555565,2.86,0.7011667730887561,8.0,S008,2024-10-14,excavation,2.0,S008|excavation,18.0,True,False,19.0,0.0,0.2675669119430743,21.0,30.0,1.2,1.0,16.0,1.125,19.2
0.41711229946524064,0.15508021390374332,0.21390374331550802,0.17647058823529413,0.0374331550802139,0.46835443037974683,0.1518987341772152,0.21518987341772153,0.13924050632911392,0.02531645569620253,54.0,14.0,31.0,6.630740740740741,2.372777777777777,0.7364610543203275,8.0,S008,2024-10-21,foundation,3.0,S008|foundation,0.0,True,False,20.0,19.0,0.2435038035700836,21.0,31.0,1.19375,2.0,18.0,0.0,21.4875
0.494949494949495,0.15656565656565657,0.1919191919191919,0.13636363636363635,0.020202020202020204,0.5368421052631579,0.1368421052631579,0.18947368421052632,0.11578947368421053,0.021052631578947368,49.0,24.0,32.0,6.485510204081633,2.412857142857143,0.728842713636989,8.0,S008,2024-10-28,foundation,3.0,S008|foundation,1.0,True,False,20.0,18.0,0.29119769119769123,11.0,32.0,1.19375,2.0,18.0,0.05555555555555555,21.4875
0.5485436893203883,0.1650485436893204,0.17475728155339806,0.09223300970873786,0.019417475728155338,0.5339805825242718,0.13592233009708737,0.1941747572815534,0.10679611650485436,0.02912621359223301,49.0,12.0,33.0,6.342857142857143,2.4995918367346937,0.7173190546528805,8.0,S008,2024-11-04,foundation,3.0,S008|foundation,2.0,True,False,20.0,17.0,0.4074322062269835,8.0,33.0,1.19375,2.0,18.0,0.1111111111111111,21.4875
0.5707317073170731,0.17560975609756097,0.18048780487804877,0.05365853658536585,0.01951219512195122,0.5321100917431193,0.14678899082568808,0.1834862385321101,0.11009174311926606,0.027522935779816515,53.0,10.0,34.0,6.229056603773585,2.5160377358490567,0.7122915273252929,8.0,S008,2024-11-11,foundation,3.0,S008|foundation,3.0,True,False,20.0,16.0,0.4324419629738465,-1.0,34.0,1.19375,2.0,18.0,0.16666666666666666,21.4875
0.5565610859728507,0.19457013574660634,0.18552036199095023,0.03167420814479638,0.03167420814479638,0.5,0.18548387096774194,0.18548387096774194,0.08870967741935484,0.04032258064516129,70.0,21.0,35.0,6.244428571428571,2.3828571428571426,0.7237999039591992,8.0,S008,2024-11-18,foundation,3.0,S008|foundation,4.0,True,False,20.0,15.0,0.35787741670094614,16.0,35.0,1.19375,2.0,18.0,0.2222222222222222,21.4875
0.5041322314049587,0.2190082644628099,0.19834710743801653,0.03305785123966942,0.045454545454545456,0.52,0.2,0.176,0.064,0.04,70.0,11.0,36.0,6.179142857142856,1.8791428571428574,0.7668061267905262,8.0,S008,2024-11-25,foundation,3.0,S008|foundation,5.0,True,False,20.0,14.0,0.20661157024793383,21.0,36.0,1.19375,2.0,18.0,0.2777777777777778,21.4875
0.44866920152091255,0.23574144486692014,0.20152091254752852,0.057034220532319393,0.057034220532319393,0.4878048780487805,0.21138211382113822,0.17073170731707318,0.08130081300813008,0.04878048780487805,70.0,10.0,37.0,6.239428571428571,2.017857142857143,0.7556270652756872,8.0,S008,2024-12-02,foundation,3.0,S008|foundation,6.0,True,False,20.0,13.0,0.2701465539517885,21.0,37.0,1.19375,2.0,18.0,0.3333333333333333,21.4875
0.41911764705882354,0.25,0.1948529411764706,0.07352941176470588,0.0625,0.46788990825688076,0.22018348623853212,0.1926605504587156,0.07339449541284404,0.045871559633027525,62.0,7.0,38.0,6.230483870967742,2.0330645161290324,0.7539719717375181,8.0,S008,2024-12-09,foundation,3.0,S008|foundation,7.0,True,False,20.0,12.0,0.3032281205164992,9.0,38.0,1.19375,2.0,18.0,0.3888888888888889,21.4875
0.4166666666666667,0.25,0.19318181818181818,0.08333333333333333,0.056818181818181816,0.4727272727272727,0.21818181818181817,0.19090909090909092,0.07272727272727272,0.045454545454545456,62.0,15.0,39.0,5.941612903225805,1.820161290322581,0.7654967479167964,8.0,S008,2024-12-16,foundation,3.0,S008|foundation,8.0,True,False,20.0,11.0,0.27978883861236803,-8.0,39.0,1.19375,2.0,18.0,0.4444444444444444,21.4875
0.4166666666666667,0.24603174603174602,0.19444444444444445,0.09126984126984126,0.051587301587301584,0.3829787234042553,0.2553191489361702,0.2127659574468085,0.09574468085106383,0.05319148936170213,58.0,8.0,40.0,6.226206896551723,1.9082758620689655,0.7654090716405256,8.0,S008,2024-12-23,foundation,3.0,S008|foundation,9.0,True,False,20.0,10.0,0.18273645546372816,-12.0,40.0,1.19375,2.0,18.0,0.5,21.4875
0.43162393162393164,0.24358974358974358,0.20085470085470086,0.0811965811965812,0.042735042735042736,0.36363636363636365,0.26136363636363635,0.22727272727272727,0.10227272727272728,0.045454545454545456,52.0,6.0,41.0,6.406153846153847,1.9280769230769232,0.7686556832341132,8.0,S008,2024-12-30,foundation,3.0,S008|foundation,10.0,True,False,20.0,9.0,0.06402131877417047,-18.0,41.0,1.19375,2.0,18.0,0.5555555555555556,21.4875
0.4148471615720524,0.23580786026200873,0.23580786026200873,0.07423580786026202,0.039301310043668124,0.3163265306122449,0.24489795918367346,0.2857142857142857,0.11224489795918367,0.04081632653061224,57.0,20.0,42.0,6.43859649122807,2.0370175438596494,0.7596613607666991,8.0,S008,2025-01-06,foundation,3.0,S008|foundation,11.0,True,False,20.0,8.0,0.08332263036218854,-5.0,42.0,1.19375,2.0,18.0,0.6111111111111112,21.4875
0.375,0.22767857142857142,0.2857142857142857,0.07142857142857142,0.04017857142857143,0.3218390804597701,0.21839080459770116,0.3333333333333333,0.10344827586206896,0.022988505747126436,57.0,10.0,43.0,6.432456140350877,1.885964912280702,0.7732784983654962,8.0,S008,2025-01-13,foundation,3.0,S008|foundation,12.0,True,False,20.0,7.0,0.18506493506493504,-5.0,43.0,1.19375,2.0,18.0,0.6666666666666666,21.4875
0.3377777777777778,0.2222222222222222,0.3244444444444444,0.07111111111111111,0.044444444444444446,0.32222222222222224,0.2111111111111111,0.32222222222222224,0.1,0.044444444444444446,59.0,14.0,44.0,6.8445762711864395,2.003728813559322,0.7735465951537209,8.0,S008,2025-01-20,foundation,3.0,S008|foundation,13.0,True,False,20.0,6.0,0.25999999999999995,1.0,44.0,1.19375,2.0,18.0,0.7222222222222222,21.4875
0.29310344827586204,0.22844827586206898,0.3448275862068966,0.08620689655172414,0.04741379310344827,0.30337078651685395,0.25842696629213485,0.3146067415730337,0.0898876404494382,0.033707865168539325,59.0,9.0,45.0,6.743559322033898,1.9837288135593218,0.7726981414227728,8.0,S008,2025-01-27,foundation,3.0,S008|foundation,14.0,True,False,20.0,5.0,0.3073239021514884,7.0,45.0,1.19375,2.0,18.0,0.7777777777777778,21.4875
0.2719298245614035,0.2412280701754386,0.33771929824561403,0.10087719298245613,0.04824561403508772,0.27472527472527475,0.2857142857142857,0.3076923076923077,0.08791208791208792,0.04395604395604396,53.0,9.0,46.0,6.892830188679246,2.472075471698113,0.7360277229318613,8.0,S008,2025-02-03,foundation,3.0,S008|foundation,15.0,True,False,20.0,4.0,0.2858346740212978,-4.0,46.0,1.19375,2.0,18.0,0.8333333333333334,21.4875
0.26905829596412556,0.2645739910313901,0.3004484304932735,0.11659192825112108,0.04932735426008968,0.25842696629213485,0.29213483146067415,0.3146067415730337,0.0898876404494382,0.0449438202247191,52.0,13.0,47.0,6.639038461538461,2.4928846153846154,0.7270142778924314,8.0,S008,2025-02-10,foundation,3.0,S008|foundation,16.0,True,False,20.0,3.0,0.21188340807174888,-5.0,47.0,1.19375,2.0,18.0,0.8888888888888888,21.4875
0.2694063926940639,0.3013698630136986,0.2602739726027397,0.1141552511415525,0.0547945205479452,0.2608695652173913,0.29347826086956524,0.29347826086956524,0.08695652173913043,0.06521739130434782,55.0,11.0,48.0,6.591272727272728,2.477818181818182,0.7267842822774659,8.0,S008,2025-02-17,foundation,3.0,S008|foundation,17.0,True,False,20.0,2.0,0.2650837138508371,-4.0,48.0,1.19375,2.0,18.0,0.9444444444444444,21.4875
0.2764976958525346,0.31336405529953915,0.23963133640552994,0.10599078341013825,0.06451612903225806,0.26262626262626265,0.2828282828282828,0.2828282828282828,0.10101010101010101,0.0707070707070707,57.0,13.0,49.0,6.782105263157894,2.8105263157894735,0.7070119609349281,8.0,S008,2025-02-24,foundation,3.0,S008|foundation,18.0,True,False,20.0,1.0,0.24360400444938812,-2.0,49.0,1.19375,2.0,18.0,1.0,21.4875
0.27927927927927926,0.31981981981981983,0.23873873873873874,0.09009009009009009,0.07207207207207207,0.28888888888888886,0.28888888888888886,0.26666666666666666,0.08888888888888889,0.06666666666666667,58.0,11.0,50.0,6.876206896551724,2.605172413793104,0.7252327611288915,8.0,S008,2025-03-03,foundation,3.0,S008|foundation,19.0,True,False,20.0,0.0,0.21953532479848265,5.0,50.0,1.19375,2.0,18.0,1.0555555555555556,21.4875
0.26666666666666666,0.30666666666666664,0.26666666666666666,0.07111111111111111,0.08888888888888889,0.30434782608695654,0.2608695652173913,0.2391304347826087,0.09782608695652174,0.09782608695652174,55.0,12.0,51.0,6.532181818181819,2.171272727272727,0.750527481250914,8.0,S008,2025-03-10,erection,4.0,S008|erection,0.0,False,False,,,0.16330842052815145,3.0,51.0,1.1662037037037039,3.0,22.0,0.0,25.656481481481485
0.27184466019417475,0.2766990291262136,0.2669902912621359,0.08737864077669903,0.0970873786407767,0.2727272727272727,0.26136363636363635,0.25,0.13636363636363635,0.07954545454545454,36.0,10.0,52.0,6.532222222222222,2.081388888888889,0.7583604759908412,8.0,S008,2025-03-17,erection,4.0,S008|erection,1.0,False,False,,,0.10289488850467704,-19.0,52.0,1.1662037037037039,3.0,22.0,0.045454545454545456,25.656481481481485
0.28125,0.2708333333333333,0.24479166666666666,0.10416666666666667,0.09895833333333333,0.29896907216494845,0.26804123711340205,0.23711340206185566,0.12371134020618557,0.07216494845360824,43.0,18.0,53.0,6.619302325581395,2.3039534883720934,0.7418034923117017,8.0,S008,2025-03-24,erection,4.0,S008|erection,2.0,False,False,,,0.0887096774193548,-14.0,53.0,1.1662037037037039,3.0,22.0,0.09090909090909091,25.656481481481485
0.3,0.2722222222222222,0.20555555555555555,0.13333333333333333,0.08888888888888889,0.3229166666666667,0.2604166666666667,0.21875,0.13541666666666666,0.0625,46.0,8.0,54.0,6.856521739130436,2.3023913043478257,0.7486174076095987,8.0,S008,2025-03-31,erection,4.0,S008|erection,3.0,False,False,,,0.16156156156156162,-12.0,54.0,1.1662037037037039,3.0,22.0,0.13636363636363635,25.656481481481485
0.31976744186046513,0.29069767441860467,0.1511627906976744,0.1686046511627907,0.06976744186046512,0.2903225806451613,0.24731182795698925,0.24731182795698925,0.13978494623655913,0.07526881720430108,47.0,10.0,55.0,7.134255319148936,2.4002127659574466,0.748259394804963,8.0,S008,2025-04-07,erection,4.0,S008|erection,4.0,False,False,,,0.30118863049095607,-8.0,55.0,1.1662037037037039,3.0,22.0,0.18181818181818182,25.656481481481485
0.31868131868131866,0.3076923076923077,0.14835164835164835,0.16483516483516483,0.06043956043956044,0.3,0.24444444444444444,0.25555555555555554,0.13333333333333333,0.06666666666666667,46.0,8.0,56.0,7.151521739130434,2.0382608695652173,0.77820358148227,8.0,S008,2025-04-14,erection,4.0,S008|erection,5.0,False,False,,,0.31057292222340765,10.0,56.0,1.1662037037037039,3.0,22.0,0.22727272727272727,25.656481481481485
0.3259668508287293,0.2983425414364641,0.16022099447513813,0.16022099447513813,0.055248618784530384,0.3170731707317073,0.25609756097560976,0.23170731707317074,0.13414634146341464,0.06097560975609756,42.0,5.0,57.0,7.319285714285714,2.304047619047619,0.7605769706566381,8.0,S008,2025-04-21,erection,4.0,S008|erection,6.0,False,False,,,0.25656077348066303,-1.0,57.0,1.1662037037037039,3.0,22.0,0.2727272727272727,25.656481481481485
0.3160919540229885,0.28735632183908044,0.20114942528735633,0.13793103448275862,0.05747126436781609,0.3125,0.25,0.25,0.125,0.0625,39.0,9.0,58.0,6.954871794871795,2.1723076923076925,0.7619957298572873,8.0,S008,2025-04-28,erection,4.0,S008|erection,7.0,False,False,,,0.07164750957854407,-7.0,58.0,1.1662037037037039,3.0,22.0,0.3181818181818182,25.656481481481485
0.32098765432098764,0.2654320987654321,0.24691358024691357,0.1111111111111111,0.05555555555555555,0.28,0.29333333333333333,0.26666666666666666,0.12,0.04,35.0,7.0,59.0,7.115142857142858,2.202571428571429,0.7636146203851343,8.0,S008,2025-05-05,erection,4.0,S008|erection,8.0,False,False,,,0.19394200401952338,-12.0,59.0,1.1662037037037039,3.0,22.0,0.36363636363636365,25.656481481481485
0.3150684931506849,0.2465753424657534,0.2945205479452055,0.0821917808219178,0.06164383561643835,0.27941176470588236,0.3088235294117647,0.2647058823529412,0.07352941176470588,0.07352941176470588,30.0,3.0,60.0,7.201,2.3980000000000006,0.7501823106573601,8.0,S008,2025-05-12,erection,4.0,S008|erection,9.0,False,False,,,0.29474634954087015,-16.0,60.0,1.1662037037037039,3.0,22.0,0.4090909090909091,25.656481481481485
0.3007518796992481,0.21804511278195488,0.3458646616541353,0.06015037593984962,0.07518796992481203,0.26785714285714285,0.23214285714285715,0.32142857142857145,0.07142857142857142,0.10714285714285714,29.0,6.0,61.0,6.970689655172414,2.4555172413793103,0.7395010242903132,8.0,S008,2025-05-19,erection,4.0,S008|erection,10.0,False,False,,,0.4111660366385578,-13.0,61.0,1.1662037037037039,3.0,22.0,0.45454545454545453,25.656481481481485
0.2692307692307692,0.18461538461538463,0.36923076923076925,0.06923076923076923,0.1076923076923077,0.1935483870967742,0.20967741935483872,0.3709677419354839,0.08064516129032258,0.14516129032258066,36.0,14.0,62.0,7.133333333333332,3.0333333333333337,0.701639344262295,8.0,S008,2025-05-26,erection,4.0,S008|erection,11.0,False,False,,,0.43660477453580904,-3.0,62.0,1.1662037037037039,3.0,22.0,0.5,25.656481481481485
0.234375,0.1640625,0.3671875,0.09375,0.140625,0.19298245614035087,0.19298245614035087,0.3684210526315789,0.08771929824561403,0.15789473684210525,33.0,5.0,63.0,6.882727272727274,2.790909090909091,0.7114932807067005,8.0,S008,2025-06-02,erection,4.0,S008|erection,12.0,False,False,,,0.4106867283950617,-2.0,63.0,1.1662037037037039,3.0,22.0,0.5454545454545454,25.656481481481485
0.2047244094488189,0.13385826771653545,0.3779527559055118,0.13385826771653545,0.14960629921259844,0.17647058823529413,0.1568627450980392,0.39215686274509803,0.11764705882352941,0.1568627450980392,29.0,2.0,64.0,6.805172413793104,2.8634482758620687,0.7038410784978066,8.0,S008,2025-06-09,erection,4.0,S008|erection,13.0,False,False,,,0.4461223169021681,-1.0,64.0,1.1662037037037039,3.0,22.0,0.5909090909090909,25.656481481481485
0.1875,0.1171875,0.375,0.171875,0.1484375,0.14545454545454545,0.16363636363636364,0.38181818181818183,0.14545454545454545,0.16363636363636364,30.0,9.0,65.0,6.634666666666666,2.5250000000000004,0.7243349466865606,8.0,S008,2025-06-16,erection,4.0,S008|erection,14.0,False,False,,,0.428218984962406,1.0,65.0,1.1662037037037039,3.0,22.0,0.6363636363636364,25.656481481481485
0.18333333333333332,0.1,0.36666666666666664,0.20833333333333334,0.14166666666666666,0.12,0.18,0.32,0.18,0.2,28.0,4.0,66.0,6.668928571428572,1.7014285714285713,0.7967316636088237,8.0,S008,2025-06-23,erection,4.0,S008|erection,15.0,False,False,,,0.3461538461538462,-8.0,66.0,1.1662037037037039,3.0,22.0,0.6818181818181818,25.656481481481485
0.17272727272727273,0.08181818181818182,0.38181818181818183,0.22727272727272727,0.13636363636363635,0.13043478260869565,0.15217391304347827,0.32608695652173914,0.1956521739130435,0.1956521739130435,23.0,3.0,67.0,6.217826086956522,2.42304347826087,0.7195833752641642,8.0,S008,2025-06-30,erection,4.0,S008|erection,16.0,False,False,,,0.2963068181818182,-10.0,67.0,1.1662037037037039,3.0,22.0,0.7272727272727273,25.656481481481485
0.15384615384615385,0.08653846153846154,0.3942307692307692,0.23076923076923078,0.1346153846153846,0.13043478260869565,0.15217391304347827,0.34782608695652173,0.21739130434782608,0.15217391304347827,23.0,3.0,68.0,6.35695652173913,2.585217391304348,0.7108960956872659,8.0,S008,2025-07-07,erection,4.0,S008|erection,17.0,False,False,,,0.22637795275590553,-6.0,68.0,1.1662037037037039,3.0,22.0,0.7727272727272727,25.656481481481485
0.10784313725490197,0.11764705882352941,0.43137254901960786,0.19607843137254902,0.14705882352941177,0.1,0.18,0.38,0.18,0.16,28.0,10.0,69.0,6.672857142857142,2.5775,0.721362109571059,8.0,S008,2025-07-14,erection,4.0,S008|erection,18.0,False,False,,,0.16207107843137256,-2.0,69.0,1.1662037037037039,3.0,22.0,0.8181818181818182,25.656481481481485
0.06930693069306931,0.1485148514851485,0.46534653465346537,0.16831683168316833,0.1485148514851485,0.08108108108108109,0.1891891891891892,0.3783783783783784,0.21621621621621623,0.13513513513513514,27.0,1.0,70.0,6.612592592592592,2.6029629629629634,0.7175468209950968,8.0,S008,2025-07-21,erection,4.0,S008|erection,19.0,False,False,,,0.3080858085808581,-1.0,70.0,1.1662037037037039,3.0,22.0,0.8636363636363636,25.656481481481485
0.03773584905660377,0.16037735849056603,0.4716981132075472,0.16037735849056603,0.16981132075471697,0.05128205128205128,0.1794871794871795,0.38461538461538464,0.23076923076923078,0.15384615384615385,28.0,7.0,71.0,6.90142857142857,3.0175000000000005,0.6957836747920642,8.0,S008,2025-07-28,erection,4.0,S008|erection,20.0,False,False,,,0.4037735849056604,5.0,71.0,1.1662037037037039,3.0,22.0,0.9090909090909091,25.656481481481485
0.018518518518518517,0.1574074074074074,0.48148148148148145,0.1574074074074074,0.18518518518518517,0.024390243902439025,0.17073170731707318,0.3902439024390244,0.2682926829268293,0.14634146341463414,25.0,4.0,72.0,6.663599999999999,3.0176,0.6883031029211255,8.0,S008,2025-08-04,erection,4.0,S008|erection,21.0,False,False,,,0.4173789173789174,2.0,72.0,1.1662037037037039,3.0,22.0,0.9545454545454546,25.656481481481485
0.009615384615384616,0.16346153846153846,0.47115384615384615,0.17307692307692307,0.18269230769230768,0.0,0.21621621621621623,0.43243243243243246,0.21621621621621623,0.13513513513513514,24.0,5.0,73.0,6.325833333333333,2.8966666666666665,0.6859130749073822,7.0,S008,2025-08-11,erection,4.0,S008|erection,22.0,False,False,,,0.24245852187028655,-4.0,73.0,1.1662037037037039,3.0,22.0,1.0,25.656481481481485
0.0,0.16326530612244897,0.45918367346938777,0.1836734693877551,0.19387755102040816,0.0,0.24242424242424243,0.42424242424242425,0.21212121212121213,0.12121212121212122,21.0,0.0,74.0,6.3390476190476175,3.1452380952380943,0.6683737510669278,7.0,S008,2025-08-18,erection,4.0,S008|erection,23.0,False,False,,,0.1509395837542938,-6.0,74.0,1.1662037037037039,3.0,22.0,1.0454545454545454,25.656481481481485
0.0,0.0,0.0,0.0,0.0,0.0,0.0,0.0,0.0,0.0,0.0,0.0,-1.0,0.0,0.0,0.0,0.0,S009,2024-08-19,clearing,1.0,S009|clearing,0.0,True,False,7.0,6.0,0.0,0.0,0.0,1.0,0.0,10.0,0.0,10.0
0.0,0.0,0.0,1.0,0.0,0.0,0.0,0.0,1.0,0.0,1.0,1.0,0.0,6.03,2.18,0.7344701583434835,1.0,S009,2024-08-26,clearing,1.0,S009|clearing,1.0,True,False,7.0,5.0,0.0,0.0,1.0,1.0,0.0,10.0,0.1,10.0
0.0,0.0,0.3333333333333333,0.6666666666666666,0.0,0.0,0.0,0.5,0.5,0.0,2.0,1.0,1.0,4.640000000000001,1.5150000000000001,0.7538586515028431,2.0,S009,2024-09-02,clearing,1.0,S009|clearing,2.0,True,False,7.0,4.0,0.0,0.0,2.0,1.0,0.0,10.0,0.2,10.0
0.375,0.0,0.25,0.375,0.0,0.6,0.0,0.2,0.2,0.0,5.0,3.0,2.0,4.470000000000001,1.6060000000000003,0.7356813693219224,5.0,S009,2024-09-09,clearing,1.0,S009|clearing,3.0,True,False,7.0,3.0,0.0,0.0,3.0,1.0,0.0,10.0,0.3,10.0
0.45,0.0,0.3,0.25,0.0,0.5,0.0,0.3333333333333333,0.16666666666666666,0.0,12.0,7.0,3.0,5.5249999999999995,1.5508333333333333,0.7808267577434931,7.0,S009,2024-09-16,clearing,1.0,S009|clearing,4.0,True,False,7.0,2.0,1.0,12.0,4.0,1.0,0.0,10.0,0.4,10.0
0.47058823529411764,0.029411764705882353,0.3235294117647059,0.17647058823529413,0.0,0.4666666666666667,0.06666666666666667,0.3333333333333333,0.13333333333333333,0.0,15.0,3.0,4.0,5.684666666666667,1.6206666666666665,0.7781529476181785,7.0,S009,2024-09-23,clearing,1.0,S009|clearing,5.0,True,False,7.0,1.0,1.6470588235294117,14.0,5.0,1.0,0.0,10.0,0.5,10.0
0.5,0.06,0.3,0.14,0.0,0.5,0.1,0.25,0.15,0.0,18.0,5.0,5.0,6.250555555555555,1.7066666666666668,0.7855197933393842,7.0,S009,2024-09-30,clearing,1.0,S009|clearing,6.0,True,False,7.0,0.0,1.12,16.0,6.0,1.0,0.0,10.0,0.6,10.0
0.5074626865671642,0.07462686567164178,0.29850746268656714,0.11940298507462686,0.0,0.5185185185185185,0.07407407407407407,0.2962962962962963,0.1111111111111111,0.0,22.0,7.0,6.0,6.219545454545454,2.6209090909090906,0.7035323152861329,8.0,S009,2024-10-07,excavation,2.0,S009|excavation,0.0,True,False,11.0,10.0,0.5111940298507462,17.0,7.0,0.7,1.0,16.0,0.0,11.2
0.5301204819277109,0.08433734939759036,0.30120481927710846,0.08433734939759036,0.0,0.5581395348837209,0.06976744186046512,0.27906976744186046,0.09302325581395349,0.0,28.0,16.0,7.0,6.5514285714285725,2.8228571428571425,0.6988722950320024,8.0,S009,2024-10-14,excavation,2.0,S009|excavation,1.0,True,False,11.0,9.0,0.33132530120481934,16.0,8.0,0.7,1.0,16.0,0.0625,11.2
0.5425531914893617,0.10638297872340426,0.2765957446808511,0.07446808510638298,0.0,0.5208333333333334,0.125,0.2708333333333333,0.08333333333333333,0.0,26.0,6.0,8.0,7.066538461538461,2.9411538461538456,0.7061106840891623,8.0,S009,2024-10-21,excavation,2.0,S009|excavation,2.0,True,False,11.0,8.0,0.2978723404255319,11.0,9.0,0.7,1.0,16.0,0.125,11.2
0.5321100917431193,0.12844036697247707,0.27522935779816515,0.06422018348623854,0.0,0.509090909090909,0.14545454545454545,0.2727272727272727,0.07272727272727272,0.0,33.0,8.0,9.0,6.987272727272727,2.728181818181818,0.719191541124731,8.0,S009,2024-10-28,excavation,2.0,S009|excavation,3.0,True,False,11.0,7.0,0.20110091743119268,15.0,10.0,0.7,1.0,16.0,0.1875,11.2
0.4956521739130435,0.17391304347826086,0.28695652173913044,0.043478260869565216,0.0,0.4642857142857143,0.19642857142857142,0.26785714285714285,0.07142857142857142,0.0,28.0,4.0,10.0,7.293214285714287,2.0907142857142857,0.7772026641294005,8.0,S009,2024-11-04,excavation,2.0,S009|excavation,4.0,True,False,11.0,6.0,0.1985723556132381,6.0,11.0,0.7,1.0,16.0,0.25,11.2
0.45454545454545453,0.2396694214876033,0.2644628099173554,0.04132231404958678,0.0,0.46774193548387094,0.24193548387096775,0.22580645161290322,0.06451612903225806,0.0,34.0,13.0,11.0,6.6782352941176475,2.530588235294118,0.7251996167358672,8.0,S009,2024-11-11,excavation,2.0,S009|excavation,5.0,True,False,11.0,5.0,0.31066414418002597,6.0,12.0,0.7,1.0,16.0,0.3125,11.2
0.42063492063492064,0.2857142857142857,0.25396825396825395,0.03968253968253968,0.0,0.46774193548387094,0.24193548387096775,0.20967741935483872,0.08064516129032258,0.0,31.0,3.0,12.0,6.479354838709679,2.532258064516129,0.7190005727376862,8.0,S009,2024-11-18,excavation,2.0,S009|excavation,6.0,True,False,11.0,4.0,0.3586626139817629,5.0,13.0,0.7,1.0,16.0,0.375,11.2
0.3953488372093023,0.34108527131782945,0.21705426356589147,0.03875968992248062,0.007751937984496124,0.43661971830985913,0.28169014084507044,0.2112676056338028,0.056338028169014086,0.014084507042253521,36.0,14.0,13.0,6.699722222222223,2.6044444444444443,0.7200776235258994,8.0,S009,2024-11-25,excavation,2.0,S009|excavation,7.0,True,False,11.0,3.0,0.4407936846596971,3.0,14.0,0.7,1.0,16.0,0.4375,11.2
0.3724137931034483,0.3724137931034483,0.1793103448275862,0.06206896551724138,0.013793103448275862,0.38961038961038963,0.3246753246753247,0.19480519480519481,0.07792207792207792,0.012987012987012988,44.0,13.0,14.0,6.730454545454544,2.5431818181818184,0.7257621801784139,8.0,S009,2024-12-02,excavation,2.0,S009|excavation,8.0,True,False,11.0,2.0,0.46176911544227883,16.0,15.0,0.7,1.0,16.0,0.5,11.2
0.34838709677419355,0.3935483870967742,0.15483870967741936,0.07741935483870968,0.025806451612903226,0.3188405797101449,0.391304347826087,0.18840579710144928,0.07246376811594203,0.028985507246376812,44.0,8.0,15.0,6.623863636363635,2.135909090909091,0.7561684352541317,8.0,S009,2024-12-09,excavation,2.0,S009|excavation,9.0,True,False,11.0,1.0,0.431564916022394,10.0,16.0,0.7,1.0,16.0,0.5625,11.2
0.33136094674556216,0.39644970414201186,0.15976331360946747,0.07692307692307693,0.03550295857988166,0.3333333333333333,0.36,0.21333333333333335,0.06666666666666667,0.02666666666666667,45.0,12.0,16.0,6.715999999999999,2.068888888888889,0.7644945866639684,8.0,S009,2024-12-16,excavation,2.0,S009|excavation,10.0,True,False,11.0,0.0,0.36695782849629005,14.0,17.0,0.7,1.0,16.0,0.625,11.2
0.313953488372093,0.3953488372093023,0.18023255813953487,0.0755813953488372,0.03488372093023256,0.33783783783783783,0.3783783783783784,0.1891891891891892,0.06756756756756757,0.02702702702702703,39.0,7.0,17.0,6.383589743589743,1.846923076923077,0.7756004859964486,8.0,S009,2024-12-23,foundation,3.0,S009|foundation,0.0,True,False,14.0,13.0,0.23643410852713176,3.0,18.0,0.69375,2.0,18.0,0.0,12.487499999999999
0.3356164383561644,0.3835616438356164,0.1780821917808219,0.0684931506849315,0.03424657534246575,0.36,0.3466666666666667,0.18666666666666668,0.08,0.02666666666666667,18.0,5.0,18.0,6.427777777777778,2.001111111111111,0.7625889796994464,7.0,S009,2024-12-30,foundation,3.0,S009|foundation,1.0,True,False,14.0,12.0,0.07605101558809634,-26.0,19.0,0.69375,2.0,18.0,0.05555555555555555,12.487499999999999
0.3559322033898305,0.3728813559322034,0.1864406779661017,0.059322033898305086,0.025423728813559324,0.3333333333333333,0.36363636363636365,0.19696969696969696,0.07575757575757576,0.030303030303030304,16.0,4.0,19.0,6.145,1.959375,0.7582324361841598,6.0,S009,2025-01-06,foundation,3.0,S009|foundation,2.0,True,False,14.0,11.0,0.07829414980863858,-28.0,20.0,0.69375,2.0,18.0,0.1111111111111111,12.487499999999999
0.3854166666666667,0.375,0.16666666666666666,0.0625,0.010416666666666666,0.3333333333333333,0.375,0.19444444444444445,0.06944444444444445,0.027777777777777776,23.0,9.0,20.0,5.887391304347826,1.7495652173913043,0.7709080557927697,8.0,S009,2025-01-13,foundation,3.0,S009|foundation,3.0,True,False,14.0,10.0,0.1219181459566075,-22.0,21.0,0.69375,2.0,18.0,0.16666666666666666,12.487499999999999
0.4069767441860465,0.37209302325581395,0.1511627906976744,0.06976744186046512,0.0,0.31343283582089554,0.3582089552238806,0.23880597014925373,0.07462686567164178,0.014925373134328358,29.0,9.0,21.0,5.8451724137931045,1.6279310344827584,0.7821613141380584,8.0,S009,2025-01-20,foundation,3.0,S009|foundation,4.0,True,False,14.0,9.0,0.18604651162790697,-10.0,22.0,0.69375,2.0,18.0,0.2222222222222222,12.487499999999999
0.3431372549019608,0.35294117647058826,0.23529411764705882,0.06862745098039216,0.0,0.31746031746031744,0.30158730158730157,0.31746031746031744,0.047619047619047616,0.015873015873015872,34.0,9.0,22.0,5.843823529411765,1.5711764705882352,0.7881083653960572,8.0,S009,2025-01-27,foundation,3.0,S009|foundation,5.0,True,False,14.0,8.0,0.12973408541498788,16.0,23.0,0.69375,2.0,18.0,0.2777777777777778,12.487499999999999
0.3252032520325203,0.3252032520325203,0.2926829268292683,0.04878048780487805,0.008130081300813009,0.359375,0.28125,0.296875,0.046875,0.015625,37.0,9.0,23.0,6.347567567567568,1.7224324324324323,0.7865635151880505,6.0,S009,2025-02-03,foundation,3.0,S009|foundation,6.0,True,False,14.0,7.0,0.21248449772633318,21.0,24.0,0.69375,2.0,18.0,0.3333333333333333,12.487499999999999
0.31851851851851853,0.3111111111111111,0.32592592592592595,0.02962962962962963,0.014814814814814815,0.3709677419354839,0.3225806451612903,0.25806451612903225,0.03225806451612903,0.016129032258064516,35.0,10.0,24.0,6.518000000000001,2.251428571428572,0.7432639364024369,6.0,S009,2025-02-10,foundation,3.0,S009|foundation,7.0,True,False,14.0,6.0,0.32731481481481484,12.0,25.0,0.69375,2.0,18.0,0.3888888888888889,12.487499999999999
0.3263888888888889,0.3055555555555556,0.3125,0.034722222222222224,0.020833333333333332,0.36923076923076925,0.3076923076923077,0.23076923076923078,0.07692307692307693,0.015384615384615385,38.0,10.0,25.0,6.406842105263158,2.2289473684210526,0.7418941979522184,7.0,S009,2025-02-17,foundation,3.0,S009|foundation,8.0,True,False,14.0,5.0,0.36434108527131776,9.0,26.0,0.69375,2.0,18.0,0.4444444444444444,12.487499999999999
0.37012987012987014,0.2922077922077922,0.2597402597402597,0.045454545454545456,0.032467532467532464,0.3611111111111111,0.2916666666666667,0.2361111111111111,0.06944444444444445,0.041666666666666664,44.0,12.0,26.0,6.379318181818181,2.229090909090909,0.7410565778704755,8.0,S009,2025-02-24,foundation,3.0,S009|foundation,9.0,True,False,14.0,4.0,0.16781257957728551,10.0,27.0,0.69375,2.0,18.0,0.5,12.487499999999999
0.38461538461538464,0.2958579881656805,0.21893491124260356,0.0650887573964497,0.03550295857988166,0.34523809523809523,0.30952380952380953,0.25,0.05952380952380952,0.03571428571428571,52.0,16.0,27.0,6.30076923076923,2.067884615384615,0.7529011650619298,8.0,S009,2025-03-03,foundation,3.0,S009|foundation,10.0,True,False,14.0,3.0,0.20618655890700918,15.0,28.0,0.69375,2.0,18.0,0.5555555555555556,12.487499999999999
0.3684210526315789,0.2894736842105263,0.22105263157894736,0.08421052631578947,0.03684210526315789,0.313953488372093,0.29069767441860467,0.3023255813953488,0.05813953488372093,0.03488372093023256,56.0,11.0,28.0,6.604464285714285,1.8057142857142858,0.7852941800963968,8.0,S009,2025-03-10,foundation,3.0,S009|foundation,11.0,True,False,14.0,2.0,0.2530214424951267,21.0,29.0,0.69375,2.0,18.0,0.6111111111111112,12.487499999999999
0.3382352941176471,0.27450980392156865,0.24509803921568626,0.09803921568627451,0.04411764705882353,0.3218390804597701,0.27586206896551724,0.26436781609195403,0.09195402298850575,0.04597701149425287,52.0,10.0,29.0,6.3640384615384615,1.703846153846154,0.788811288823207,8.0,S009,2025-03-17,foundation,3.0,S009|foundation,12.0,True,False,14.0,1.0,0.19689542483660133,14.0,30.0,0.69375,2.0,18.0,0.6666666666666666,12.487499999999999
0.3024390243902439,0.2731707317073171,0.2682926829268293,0.11219512195121951,0.04390243902439024,0.3333333333333333,0.30952380952380953,0.19047619047619047,0.11904761904761904,0.047619047619047616,45.0,6.0,30.0,6.507777777777778,1.6337777777777773,0.799328547643093,8.0,S009,2025-03-24,foundation,3.0,S009|foundation,13.0,True,False,14.0,0.0,0.17345581248020275,1.0,31.0,0.69375,2.0,18.0,0.7222222222222222,12.487499999999999
0.2789473684210526,0.25263157894736843,0.28421052631578947,0.13157894736842105,0.05263157894736842,0.3125,0.3,0.2,0.1375,0.05,37.0,5.0,31.0,6.506216216216217,1.6564864864864866,0.7970664194424211,8.0,S009,2025-03-31,erection,4.0,S009|erection,0.0,True,False,16.0,15.0,0.29778885082528805,-15.0,32.0,0.7217592592592593,3.0,22.0,0.0,15.878703703703705
0.2802547770700637,0.21019108280254778,0.3057324840764331,0.1464968152866242,0.05732484076433121,0.29333333333333333,0.25333333333333335,0.25333333333333335,0.14666666666666667,0.05333333333333334,23.0,5.0,32.0,6.6295652173913036,2.5452173913043477,0.7225855369159322,8.0,S009,2025-04-07,erection,4.0,S009|erection,1.0,True,False,16.0,14.0,0.3348977539389875,-33.0,33.0,0.7217592592592593,3.0,22.0,0.045454545454545456,15.878703703703705
0.2845528455284553,0.16260162601626016,0.3252032520325203,0.16260162601626016,0.06504065040650407,0.2571428571428571,0.24285714285714285,0.2714285714285714,0.15714285714285714,0.07142857142857142,18.0,5.0,33.0,6.911666666666667,3.048888888888889,0.6939037313849071,8.0,S009,2025-04-14,erection,4.0,S009|erection,2.0,True,False,16.0,13.0,0.33118125298900053,-34.0,34.0,0.7217592592592593,3.0,22.0,0.09090909090909091,15.878703703703705
0.2727272727272727,0.1111111111111111,0.35353535353535354,0.16161616161616163,0.10101010101010101,0.23076923076923078,0.24615384615384617,0.2923076923076923,0.15384615384615385,0.07692307692307693,21.0,7.0,34.0,6.840476190476191,3.014285714285714,0.6941290166706935,8.0,S009,2025-04-21,erection,4.0,S009|erection,3.0,True,False,16.0,12.0,0.3835427445183543,-24.0,35.0,0.7217592592592593,3.0,22.0,0.13636363636363635,15.878703703703705
0.24705882352941178,0.07058823529411765,0.4,0.15294117647058825,0.12941176470588237,0.21818181818181817,0.16363636363636364,0.3090909090909091,0.18181818181818182,0.12727272727272726,23.0,6.0,35.0,6.627826086956522,2.779565217391304,0.7045339002634377,8.0,S009,2025-04-28,erection,4.0,S009|erection,4.0,True,False,16.0,11.0,0.4278637770897834,-14.0,36.0,0.7217592592592593,3.0,22.0,0.18181818181818182,15.878703703703705
0.21428571428571427,0.08333333333333333,0.38095238095238093,0.15476190476190477,0.16666666666666666,0.22916666666666666,0.125,0.2916666666666667,0.20833333333333334,0.14583333333333334,22.0,4.0,36.0,6.519090909090909,2.827272727272727,0.6975002431670071,8.0,S009,2025-05-05,erection,4.0,S009|erection,5.0,True,False,16.0,10.0,0.3856536245071277,-1.0,37.0,0.7217592592592593,3.0,22.0,0.22727272727272727,15.878703703703705
0.19318181818181818,0.09090909090909091,0.42045454545454547,0.13636363636363635,0.1590909090909091,0.18181818181818182,0.11363636363636363,0.38636363636363635,0.18181818181818182,0.13636363636363635,22.0,6.0,37.0,6.767727272727272,1.760909090909091,0.7935298193252678,7.0,S009,2025-05-12,erection,4.0,S009|erection,6.0,True,False,16.0,9.0,0.3786031042128603,4.0,38.0,0.7217592592592593,3.0,22.0,0.2727272727272727,15.878703703703705
0.1797752808988764,0.0898876404494382,0.449438202247191,0.1348314606741573,0.14606741573033707,0.16279069767441862,0.06976744186046512,0.4418604651162791,0.16279069767441862,0.16279069767441862,22.0,5.0,38.0,7.073181818181819,1.8940909090909095,0.7887773722627737,7.0,S009,2025-05-19,erection,4.0,S009|erection,7.0,True,False,16.0,8.0,0.2819203268641471,1.0,39.0,0.7217592592592593,3.0,22.0,0.3181818181818182,15.878703703703705
0.15555555555555556,0.1,0.4666666666666667,0.13333333333333333,0.14444444444444443,0.15555555555555556,0.08888888888888889,0.4444444444444444,0.15555555555555556,0.15555555555555556,24.0,7.0,39.0,7.43375,2.2062500000000003,0.7711358921161825,7.0,S009,2025-05-26,erection,4.0,S009|erection,8.0,True,False,16.0,7.0,0.2222222222222222,1.0,40.0,0.7217592592592593,3.0,22.0,0.36363636363636365,15.878703703703705
0.12222222222222222,0.12222222222222222,0.4888888888888889,0.13333333333333333,0.13333333333333333,0.13953488372093023,0.11627906976744186,0.4186046511627907,0.16279069767441862,0.16279069767441862,22.0,3.0,40.0,7.659545454545455,2.5077272727272724,0.7533530042918455,7.0,S009,2025-06-02,erection,4.0,S009|erection,9.0,True,False,16.0,6.0,0.2936507936507936,0.0,41.0,0.7217592592592593,3.0,22.0,0.4090909090909091,15.878703703703705
0.11827956989247312,0.13978494623655913,0.46236559139784944,0.13978494623655913,0.13978494623655913,0.1590909090909091,0.11363636363636363,0.4772727272727273,0.11363636363636363,0.13636363636363635,25.0,6.0,41.0,7.570400000000001,2.3680000000000003,0.7617322707880544,8.0,S009,2025-06-09,erection,4.0,S009|erection,10.0,True,False,16.0,5.0,0.18841642228738997,3.0,42.0,0.7217592592592593,3.0,22.0,0.45454545454545453,15.878703703703705
0.11702127659574468,0.14893617021276595,0.4574468085106383,0.13829787234042554,0.13829787234042554,0.12195121951219512,0.0975609756097561,0.5365853658536586,0.12195121951219512,0.12195121951219512,23.0,4.0,42.0,7.541739130434783,2.325217391304348,0.7643429981492906,7.0,S009,2025-06-16,erection,4.0,S009|erection,11.0,True,False,16.0,4.0,0.14104709538608654,1.0,43.0,0.7217592592592593,3.0,22.0,0.5,15.878703703703705
0.12359550561797752,0.14606741573033707,0.47191011235955055,0.1348314606741573,0.12359550561797752,0.11428571428571428,0.11428571428571428,0.5428571428571428,0.14285714285714285,0.08571428571428572,19.0,0.0,43.0,7.36,2.3310526315789475,0.7594634225818715,7.0,S009,2025-06-23,erection,4.0,S009|erection,12.0,True,False,16.0,3.0,0.10561797752808985,-5.0,44.0,0.7217592592592593,3.0,22.0,0.5454545454545454,15.878703703703705
0.13953488372093023,0.13953488372093023,0.47674418604651164,0.13953488372093023,0.10465116279069768,0.1111111111111111,0.16666666666666666,0.5,0.1388888888888889,0.08333333333333333,19.0,5.0,44.0,7.362105263157894,2.102105263157895,0.7778890001112223,7.0,S009,2025-06-30,erection,4.0,S009|erection,13.0,True,False,16.0,2.0,0.0816537467700258,-3.0,45.0,0.7217592592592593,3.0,22.0,0.5909090909090909,15.878703703703705
0.16,0.13333333333333333,0.4666666666666667,0.13333333333333333,0.10666666666666667,0.12903225806451613,0.16129032258064516,0.45161290322580644,0.12903225806451613,0.12903225806451613,14.0,1.0,45.0,7.917857142857142,3.6385714285714283,0.6851474133135546,7.0,S009,2025-07-07,erection,4.0,S009|erection,14.0,True,False,16.0,1.0,0.09204301075268816,-11.0,46.0,0.7217592592592593,3.0,22.0,0.6363636363636364,15.878703703703705
0.15151515151515152,0.13636363636363635,0.4393939393939394,0.12121212121212122,0.15151515151515152,0.1,0.16666666666666666,0.4,0.13333333333333333,0.2,14.0,4.0,46.0,7.292142857142857,3.3900000000000006,0.6826479438314945,7.0,S009,2025-07-14,erection,4.0,S009|erection,15.0,True,False,16.0,0.0,0.09542230818826564,-9.0,47.0,0.7217592592592593,3.0,22.0,0.6818181818181818,15.878703703703705
0.15254237288135594,0.13559322033898305,0.4067796610169492,0.11864406779661017,0.1864406779661017,0.08,0.16,0.44,0.12,0.2,12.0,2.0,47.0,6.895833333333333,3.5175000000000005,0.6622119078104993,8.0,S009,2025-07-21,grading,5.0,S009|grading,0.0,False,False,,,0.18358407922300513,-7.0,48.0,0.7231376262626263,4.0,14.0,0.0,10.12392676767677
0.1568627450980392,0.09803921568627451,0.39215686274509803,0.13725490196078433,0.21568627450980393,0.07407407407407407,0.1111111111111111,0.4074074074074074,0.2222222222222222,0.18518518518518517,11.0,5.0,48.0,6.613636363636363,1.4354545454545455,0.821662525412243,8.0,S009,2025-07-28,grading,5.0,S009|grading,1.0,False,False,,,0.2567259461924305,-8.0,49.0,0.7231376262626263,4.0,14.0,0.07142857142857142,10.12392676767677
0.14,0.06,0.38,0.2,0.22,0.04,0.08,0.32,0.28,0.28,13.0,4.0,49.0,6.720000000000001,1.6884615384615385,0.7991949501417985,7.0,S009,2025-08-04,grading,5.0,S009|grading,2.0,False,False,,,0.36,-1.0,50.0,0.7231376262626263,4.0,14.0,0.14285714285714285,10.12392676767677
0.15384615384615385,0.019230769230769232,0.36538461538461536,0.3076923076923077,0.15384615384615385,0.038461538461538464,0.07692307692307693,0.2692307692307692,0.38461538461538464,0.23076923076923078,16.0,5.0,50.0,6.60125,1.86625,0.7795984647180395,6.0,S009,2025-08-11,grading,5.0,S009|grading,3.0,False,False,,,0.38228438228438233,2.0,51.0,0.7231376262626263,4.0,14.0,0.21428571428571427,10.12392676767677
0.1320754716981132,0.0,0.3584905660377358,0.37735849056603776,0.1320754716981132,0.038461538461538464,0.07692307692307693,0.2692307692307692,0.38461538461538464,0.23076923076923078,13.0,0.0,51.0,6.372307692307692,2.063076923076923,0.755425861754514,6.0,S009,2025-08-18,grading,5.0,S009|grading,4.0,False,False,,,0.5174288455388552,1.0,52.0,0.7231376262626263,4.0,14.0,0.2857142857142857,10.12392676767677
1.0,0.0,0.0,0.0,0.0,1.0,0.0,0.0,0.0,0.0,2.0,2.0,0.0,8.175,1.895,0.8118172790466733,2.0,S010,2023-09-11,clearing,1.0,S010|clearing,0.0,True,False,13.0,12.0,0.0,0.0,0.0,1.0,0.0,10.0,0.0,10.0
0.5714285714285714,0.42857142857142855,0.0,0.0,0.0,0.4,0.6,0.0,0.0,0.0,5.0,3.0,1.0,7.1659999999999995,1.44,0.8326748779920985,4.0,S010,2023-09-18,clearing,1.0,S010|clearing,1.0,True,False,13.0,11.0,0.0,0.0,1.0,1.0,0.0,10.0,0.1,10.0
0.5,0.42857142857142855,0.07142857142857142,0.0,0.0,0.42857142857142855,0.42857142857142855,0.14285714285714285,0.0,0.0,7.0,2.0,2.0,7.1414285714285715,1.4285714285714286,0.8333055509251541,5.0,S010,2023-09-25,clearing,1.0,S010|clearing,2.0,True,False,13.0,10.0,0.0,0.0,2.0,1.0,0.0,10.0,0.2,10.0
0.5714285714285714,0.35714285714285715,0.07142857142857142,0.0,0.0,0.6428571428571429,0.2857142857142857,0.07142857142857142,0.0,0.0,14.0,7.0,3.0,7.07,1.6135714285714287,0.814181130213046,6.0,S010,2023-10-02,clearing,1.0,S010|clearing,3.0,True,False,13.0,9.0,0.0,0.0,3.0,1.0,0.0,10.0,0.3,10.0
0.5853658536585366,0.3170731707317073,0.07317073170731707,0.024390243902439025,0.0,0.6111111111111112,0.2777777777777778,0.05555555555555555,0.05555555555555555,0.0,15.0,4.0,4.0,7.284666666666667,1.9646666666666668,0.7875882946518667,6.0,S010,2023-10-09,clearing,1.0,S010|clearing,4.0,True,False,13.0,8.0,0.8292682926829268,13.0,4.0,1.0,0.0,10.0,0.4,10.0
0.6206896551724138,0.25862068965517243,0.06896551724137931,0.05172413793103448,0.0,0.6,0.28,0.04,0.08,0.0,22.0,7.0,5.0,6.8481818181818195,1.9768181818181818,0.7759979397373166,8.0,S010,2023-10-16,clearing,1.0,S010|clearing,5.0,True,False,13.0,7.0,0.33990147783251234,17.0,5.0,1.0,0.0,10.0,0.5,10.0
0.6575342465753424,0.2054794520547945,0.0547945205479452,0.0684931506849315,0.0136986301369863,0.6206896551724138,0.2413793103448276,0.034482758620689655,0.06896551724137931,0.034482758620689655,22.0,4.0,6.0,6.444545454545454,2.774545454545454,0.6990434868356178,8.0,S010,2023-10-23,clearing,1.0,S010|clearing,6.0,True,False,13.0,6.0,0.47945205479452047,15.0,6.0,1.0,0.0,10.0,0.6,10.0
0.6395348837209303,0.19767441860465115,0.05813953488372093,0.08139534883720931,0.023255813953488372,0.5833333333333334,0.2777777777777778,0.05555555555555555,0.05555555555555555,0.027777777777777776,27.0,7.0,7.0,6.635925925925926,2.6122222222222224,0.7175410492591109,7.0,S010,2023-10-30,clearing,1.0,S010|clearing,7.0,True,False,13.0,5.0,0.34551495016611306,13.0,7.0,1.0,0.0,10.0,0.7,10.0
0.625,0.19791666666666666,0.0625,0.08333333333333333,0.03125,0.5405405405405406,0.2972972972972973,0.08108108108108109,0.05405405405405406,0.02702702702702703,25.0,3.0,8.0,6.5127999999999995,2.6052000000000004,0.7142794472472033,6.0,S010,2023-11-06,clearing,1.0,S010|clearing,8.0,True,False,13.0,4.0,0.25965447154471544,10.0,8.0,1.0,0.0,10.0,0.8,10.0
0.6082474226804123,0.20618556701030927,0.07216494845360824,0.08247422680412371,0.030927835051546393,0.5789473684210527,0.23684210526315788,0.07894736842105263,0.07894736842105263,0.02631578947368421,23.0,4.0,9.0,6.10217391304348,1.832608695652174,0.7690410958904109,7.0,S010,2023-11-13,clearing,1.0,S010|clearing,9.0,True,False,13.0,3.0,0.1297547102737292,1.0,9.0,1.0,0.0,10.0,0.9,10.0
0.5555555555555556,0.24242424242424243,0.10101010101010101,0.08080808080808081,0.020202020202020204,0.5365853658536586,0.2682926829268293,0.0975609756097561,0.07317073170731707,0.024390243902439025,24.0,5.0,10.0,6.489999999999999,2.185416666666667,0.7480908697949185,7.0,S010,2023-11-20,clearing,1.0,S010|clearing,10.0,True,False,13.0,2.0,0.20395738203957378,2.0,10.0,1.0,0.0,10.0,1.0,10.0
0.5048543689320388,0.24271844660194175,0.1650485436893204,0.07766990291262135,0.009708737864077669,0.4666666666666667,0.24444444444444444,0.2,0.06666666666666667,0.022222222222222223,31.0,11.0,11.0,6.722903225806451,2.147096774193548,0.7579372295159472,7.0,S010,2023-11-27,clearing,1.0,S010|clearing,11.0,True,False,13.0,1.0,0.30390607360578015,4.0,11.0,1.0,0.0,10.0,1.1,10.0
0.4485981308411215,0.2523364485981308,0.21495327102803738,0.08411214953271028,0.0,0.4318181818181818,0.25,0.22727272727272727,0.06818181818181818,0.022727272727272728,29.0,3.0,12.0,6.960344827586207,2.232413793103448,0.757155182114858,7.0,S010,2023-12-04,clearing,1.0,S010|clearing,12.0,True,False,13.0,0.0,0.415303738317757,4.0,12.0,1.0,0.0,10.0,1.2,10.0
0.39814814814814814,0.24074074074074073,0.25925925925925924,0.10185185185185185,0.0,0.4318181818181818,0.22727272727272727,0.25,0.06818181818181818,0.022727272727272728,24.0,7.0,13.0,7.2975,2.465,0.7475032010243279,8.0,S010,2023-12-11,excavation,2.0,S010|excavation,0.0,True,False,19.0,18.0,0.48205421916762115,1.0,13.0,1.3,1.0,16.0,0.0,20.8
0.38095238095238093,0.23809523809523808,0.26666666666666666,0.11428571428571428,0.0,0.4,0.28888888888888886,0.24444444444444444,0.06666666666666667,0.0,21.0,5.0,14.0,7.125238095238095,2.492857142857143,0.7408159223685513,8.0,S010,2023-12-18,excavation,2.0,S010|excavation,1.0,True,False,19.0,17.0,0.3982683982683983,-3.0,14.0,1.3,1.0,16.0,0.0625,20.8
0.3888888888888889,0.24444444444444444,0.23333333333333334,0.13333333333333333,0.0,0.4,0.25,0.275,0.075,0.0,16.0,2.0,15.0,7.328125,2.413125,0.7522776851020145,7.0,S010,2023-12-25,excavation,2.0,S010|excavation,2.0,True,False,19.0,16.0,0.2513484358144552,-15.0,15.0,1.3,1.0,16.0,0.125,20.8
0.4230769230769231,0.2564102564102564,0.1794871794871795,0.14102564102564102,0.0,0.43902439024390244,0.24390243902439024,0.24390243902439024,0.07317073170731707,0.0,17.0,4.0,16.0,6.82,2.248235294117647,0.7520757654385055,7.0,S010,2024-01-01,excavation,2.0,S010|excavation,3.0,True,False,19.0,15.0,0.12197459861011263,-12.0,16.0,1.3,1.0,16.0,0.1875,20.8
0.4430379746835443,0.2911392405063291,0.13924050632911392,0.12658227848101267,0.0,0.40425531914893614,0.2553191489361702,0.2765957446808511,0.06382978723404255,0.0,25.0,10.0,17.0,6.7456,2.0307999999999997,0.7686067180164988,8.0,S010,2024-01-08,excavation,2.0,S010|excavation,4.0,True,False,19.0,14.0,0.24003750586029066,1.0,17.0,1.3,1.0,16.0,0.25,20.8
0.4,0.28888888888888886,0.16666666666666666,0.13333333333333333,0.011111111111111112,0.36,0.22,0.3,0.1,0.02,32.0,8.0,18.0,6.595,1.9609375000000002,0.770809744694839,8.0,S010,2024-01-15,excavation,2.0,S010|excavation,5.0,True,False,19.0,13.0,0.20000000000000004,11.0,18.0,1.3,1.0,16.0,0.3125,20.8
0.37142857142857144,0.2857142857142857,0.19047619047619047,0.13333333333333333,0.01904761904761905,0.38636363636363635,0.22727272727272727,0.22727272727272727,0.13636363636363635,0.022727272727272728,31.0,5.0,19.0,6.517096774193549,1.6996774193548387,0.7931454145728644,8.0,S010,2024-01-22,excavation,2.0,S010|excavation,6.0,True,False,19.0,12.0,0.12063492063492064,15.0,19.0,1.3,1.0,16.0,0.375,20.8
0.36283185840707965,0.25663716814159293,0.21238938053097345,0.1415929203539823,0.02654867256637168,0.4418604651162791,0.20930232558139536,0.20930232558139536,0.11627906976744186,0.023255813953488372,25.0,2.0,20.0,6.805600000000001,1.8272,0.7883421369659902,8.0,S010,2024-01-29,excavation,2.0,S010|excavation,7.0,True,False,19.0,11.0,0.12049012933968688,8.0,20.0,1.3,1.0,16.0,0.4375,20.8
0.35398230088495575,0.22123893805309736,0.23893805309734514,0.1504424778761062,0.035398230088495575,0.35714285714285715,0.21428571428571427,0.2619047619047619,0.11904761904761904,0.047619047619047616,25.0,6.0,21.0,6.663200000000001,2.4996,0.7272012921814293,8.0,S010,2024-02-05,excavation,2.0,S010|excavation,8.0,True,False,19.0,10.0,0.3179119525036406,0.0,21.0,1.3,1.0,16.0,0.5,20.8
0.3888888888888889,0.18518518518518517,0.24074074074074073,0.1388888888888889,0.046296296296296294,0.35714285714285715,0.16666666666666666,0.2857142857142857,0.11904761904761904,0.07142857142857142,27.0,5.0,22.0,6.460000000000001,2.265185185185185,0.740385431700484,8.0,S010,2024-02-12,excavation,2.0,S010|excavation,9.0,True,False,19.0,9.0,0.22962962962962963,-5.0,22.0,1.3,1.0,16.0,0.5625,20.8
0.40594059405940597,0.15841584158415842,0.2376237623762376,0.12871287128712872,0.06930693069306931,0.3333333333333333,0.17777777777777778,0.26666666666666666,0.13333333333333333,0.08888888888888889,24.0,5.0,23.0,6.921666666666667,2.5812500000000003,0.7283728679791291,8.0,S010,2024-02-19,excavation,2.0,S010|excavation,10.0,True,False,19.0,8.0,0.26383781235266385,-7.0,23.0,1.3,1.0,16.0,0.625,20.8
0.39,0.17,0.24,0.11,0.09,0.30434782608695654,0.17391304347826086,0.30434782608695654,0.13043478260869565,0.08695652173913043,24.0,5.0,24.0,6.65125,2.5754166666666665,0.7208724710982659,8.0,S010,2024-02-26,excavation,2.0,S010|excavation,11.0,True,False,19.0,7.0,0.2364601769911504,-1.0,24.0,1.3,1.0,16.0,0.6875,20.8
0.40384615384615385,0.17307692307692307,0.2403846153846154,0.08653846153846154,0.09615384615384616,0.36363636363636365,0.11363636363636363,0.3181818181818182,0.11363636363636363,0.09090909090909091,29.0,8.0,25.0,6.27,2.9548275862068967,0.6796875,8.0,S010,2024-03-04,excavation,2.0,S010|excavation,12.0,True,False,19.0,6.0,0.2241320626276379,4.0,25.0,1.3,1.0,16.0,0.75,20.8
0.3669724770642202,0.1926605504587156,0.27522935779816515,0.06422018348623854,0.10091743119266056,0.3617021276595745,0.14893617021276595,0.3404255319148936,0.06382978723404255,0.0851063829787234,32.0,11.0,26.0,6.895312499999999,2.9681249999999997,0.6990780344073757,8.0,S010,2024-03-11,excavation,2.0,S010|excavation,13.0,True,False,19.0,5.0,0.19317023445463816,5.0,26.0,1.3,1.0,16.0,0.8125,20.8
0.3103448275862069,0.25,0.3103448275862069,0.05172413793103448,0.07758620689655173,0.2708333333333333,0.25,0.3541666666666667,0.041666666666666664,0.08333333333333333,31.0,6.0,27.0,6.758064516129032,2.991290322580645,0.6931806902028256,8.0,S010,2024-03-18,excavation,2.0,S010|excavation,14.0,True,False,19.0,4.0,0.34516899965858655,7.0,27.0,1.3,1.0,16.0,0.875,20.8
0.28346456692913385,0.29133858267716534,0.31496062992125984,0.03937007874015748,0.07086614173228346,0.2727272727272727,0.2545454545454545,0.32727272727272727,0.03636363636363636,0.10909090909090909,35.0,9.0,28.0,6.700857142857142,2.3094285714285716,0.7436897513952307,8.0,S010,2024-03-25,excavation,2.0,S010|excavation,15.0,True,False,19.0,3.0,0.39259842519685034,11.0,28.0,1.3,1.0,16.0,0.9375,20.8
0.2740740740740741,0.3111111111111111,0.3111111111111111,0.02962962962962963,0.07407407407407407,0.35714285714285715,0.23214285714285715,0.30357142857142855,0.017857142857142856,0.08928571428571429,37.0,7.0,29.0,6.521351351351351,2.2191891891891897,0.7461038961038962,8.0,S010,2024-04-01,excavation,2.0,S010|excavation,16.0,True,False,19.0,2.0,0.4175213675213675,8.0,29.0,1.3,1.0,16.0,1.0,20.8
0.2826086956521739,0.32608695652173914,0.2826086956521739,0.036231884057971016,0.07246376811594203,0.34545454545454546,0.23636363636363636,0.3090909090909091,0.03636363636363636,0.07272727272727272,35.0,4.0,30.0,6.597428571428572,2.288,0.7424997588346893,8.0,S010,2024-04-08,excavation,2.0,S010|excavation,17.0,True,False,19.0,1.0,0.28161148783406464,3.0,30.0,1.3,1.0,16.0,1.0625,20.8
0.31343283582089554,0.30597014925373134,0.2537313432835821,0.04477611940298507,0.08208955223880597,0.36538461538461536,0.25,0.3076923076923077,0.019230769230769232,0.057692307692307696,27.0,2.0,31.0,6.834074074074074,1.8548148148148145,0.7865302642796249,8.0,S010,2024-04-15,excavation,2.0,S010|excavation,18.0,True,False,19.0,0.0,0.12712300566134843,-4.0,31.0,1.3,1.0,16.0,1.125,20.8
0.33613445378151263,0.2857142857142857,0.25210084033613445,0.058823529411764705,0.06722689075630252,0.35294117647058826,0.27450980392156865,0.29411764705882354,0.0196078431372549,0.058823529411764705,20.0,4.0,32.0,6.661,1.764,0.7906231454005935,7.0,S010,2024-04-22,foundation,3.0,S010|foundation,0.0,True,False,24.0,23.0,0.14424667504797198,-15.0,32.0,1.24375,2.0,18.0,0.0,22.3875
0.3157894736842105,0.30526315789473685,0.25263157894736843,0.07368421052631578,0.05263157894736842,0.2916666666666667,0.3541666666666667,0.2708333333333333,0.020833333333333332,0.0625,13.0,5.0,33.0,6.916923076923078,2.0961538461538463,0.7674319365025177,6.0,S010,2024-04-29,foundation,3.0,S010|foundation,1.0,True,False,24.0,22.0,0.1715399610136452,-24.0,33.0,1.24375,2.0,18.0,0.05555555555555555,22.3875
0.3125,0.35,0.2375,0.075,0.025,0.3695652173913043,0.391304347826087,0.15217391304347827,0.043478260869565216,0.043478260869565216,20.0,9.0,34.0,6.999499999999999,2.136,0.7661868534836626,7.0,S010,2024-05-06,foundation,3.0,S010|foundation,2.0,True,False,24.0,21.0,0.18514492753623185,-15.0,34.0,1.24375,2.0,18.0,0.1111111111111111,22.3875
0.3076923076923077,0.38461538461538464,0.21794871794871795,0.08974358974358974,0.0,0.40816326530612246,0.30612244897959184,0.16326530612244897,0.08163265306122448,0.04081632653061224,25.0,9.0,35.0,6.6644000000000005,1.9691999999999998,0.7719143810229799,8.0,S010,2024-05-13,foundation,3.0,S010|foundation,3.0,True,False,24.0,20.0,0.24722541140451593,-2.0,35.0,1.24375,2.0,18.0,0.16666666666666666,22.3875
0.3076923076923077,0.3956043956043956,0.18681318681318682,0.10989010989010989,0.0,0.37254901960784315,0.3333333333333333,0.17647058823529413,0.11764705882352941,0.0,33.0,11.0,36.0,6.4793939393939395,1.8263636363636364,0.7801087234120179,8.0,S010,2024-05-20,foundation,3.0,S010|foundation,4.0,True,False,24.0,19.0,0.3219133807369101,13.0,36.0,1.24375,2.0,18.0,0.2222222222222222,22.3875
0.3305084745762712,0.3728813559322034,0.1694915254237288,0.1271186440677966,0.0,0.3333333333333333,0.35294117647058826,0.17647058823529413,0.13725490196078433,0.0,40.0,7.0,37.0,6.438,1.79525,0.781951234324234,8.0,S010,2024-05-27,foundation,3.0,S010|foundation,5.0,True,False,24.0,18.0,0.2715432649420161,27.0,37.0,1.24375,2.0,18.0,0.2777777777777778,22.3875
0.3333333333333333,0.34782608695652173,0.18115942028985507,0.13768115942028986,0.0,0.3137254901960784,0.37254901960784315,0.19607843137254902,0.11764705882352941,0.0,40.0,4.0,38.0,6.3447499999999994,2.2224999999999997,0.7405818669934926,8.0,S010,2024-06-03,foundation,3.0,S010|foundation,6.0,True,False,24.0,17.0,0.16702898550724635,20.0,38.0,1.24375,2.0,18.0,0.3333333333333333,22.3875
0.3092105263157895,0.3355263157894737,0.20394736842105263,0.14473684210526316,0.006578947368421052,0.2542372881355932,0.3559322033898305,0.23728813559322035,0.13559322033898305,0.01694915254237288,39.0,10.0,39.0,6.333589743589743,2.2664102564102566,0.7364639236732259,8.0,S010,2024-06-10,foundation,3.0,S010|foundation,7.0,True,False,24.0,16.0,0.12618083670715255,14.0,39.0,1.24375,2.0,18.0,0.3888888888888889,22.3875
0.28125,0.31875,0.2375,0.15,0.0125,0.2413793103448276,0.3275862068965517,0.25862068965517243,0.15517241379310345,0.017241379310344827,41.0,3.0,40.0,6.364390243902438,2.4590243902439024,0.7213069438301636,8.0,S010,2024-06-17,foundation,3.0,S010|foundation,8.0,True,False,24.0,15.0,0.2065934065934066,8.0,40.0,1.24375,2.0,18.0,0.4444444444444444,22.3875
0.25806451612903225,0.3096774193548387,0.2645161290322581,0.14838709677419354,0.01935483870967742,0.25925925925925924,0.2962962962962963,0.25925925925925924,0.16666666666666666,0.018518518518518517,35.0,1.0,41.0,6.480285714285714,2.514285714285714,0.7204663130141992,8.0,S010,2024-06-24,foundation,3.0,S010|foundation,9.0,True,False,24.0,14.0,0.27129579004920723,-5.0,41.0,1.24375,2.0,18.0,0.5,22.3875
0.23404255319148937,0.3049645390070922,0.2695035460992908,0.16312056737588654,0.028368794326241134,0.2222222222222222,0.26666666666666666,0.3111111111111111,0.17777777777777778,0.022222222222222223,26.0,0.0,42.0,6.712307692307693,2.7857692307692306,0.7067017614901803,8.0,S010,2024-07-01,foundation,3.0,S010|foundation,10.0,True,False,24.0,13.0,0.284304656182547,-14.0,42.0,1.24375,2.0,18.0,0.5555555555555556,22.3875
0.23529411764705882,0.2857142857142857,0.2857142857142857,0.15966386554621848,0.03361344537815126,0.2,0.275,0.35,0.15,0.025,17.0,4.0,43.0,6.714117647058822,2.4041176470588232,0.7363395909941294,7.0,S010,2024-07-08,foundation,3.0,S010|foundation,11.0,True,False,24.0,12.0,0.24745687748783723,-22.0,43.0,1.24375,2.0,18.0,0.6111111111111112,22.3875
0.2391304347826087,0.2717391304347826,0.30434782608695654,0.15217391304347827,0.03260869565217391,0.17647058823529413,0.23529411764705882,0.4411764705882353,0.11764705882352941,0.029411764705882353,14.0,5.0,44.0,6.3757142857142854,2.23,0.7408698539176627,6.0,S010,2024-07-15,foundation,3.0,S010|foundation,12.0,True,False,24.0,11.0,0.17826086956521742,-27.0,44.0,1.24375,2.0,18.0,0.6666666666666666,22.3875
0.2222222222222222,0.2638888888888889,0.3472222222222222,0.1388888888888889,0.027777777777777776,0.1,0.3,0.4666666666666667,0.1,0.03333333333333333,15.0,3.0,45.0,6.305999999999999,2.316,0.731384829505915,7.0,S010,2024-07-22,foundation,3.0,S010|foundation,13.0,True,False,24.0,10.0,0.182258064516129,-20.0,45.0,1.24375,2.0,18.0,0.7222222222222222,22.3875
0.22580645161290322,0.25806451612903225,0.4032258064516129,0.0967741935483871,0.016129032258064516,0.13793103448275862,0.27586206896551724,0.4482758620689655,0.10344827586206896,0.034482758620689655,16.0,3.0,46.0,6.331250000000001,2.4031249999999997,0.7248658318425761,6.0,S010,2024-07-29,foundation,3.0,S010|foundation,14.0,True,False,24.0,9.0,0.26744452070464425,-10.0,46.0,1.24375,2.0,18.0,0.7777777777777778,22.3875
0.21052631578947367,0.2807017543859649,0.40350877192982454,0.10526315789473684,0.0,0.19047619047619047,0.23809523809523808,0.42857142857142855,0.14285714285714285,0.0,12.0,2.0,47.0,6.9075,2.593333333333333,0.727041487588808,7.0,S010,2024-08-05,foundation,3.0,S010|foundation,15.0,True,False,24.0,8.0,0.23558897243107768,-5.0,47.0,1.24375,2.0,18.0,0.8333333333333334,22.3875
0.17857142857142858,0.32142857142857145,0.39285714285714285,0.10714285714285714,0.0,0.2,0.3,0.4,0.1,0.0,13.0,2.0,48.0,6.666923076923078,2.4,0.7353016034614406,8.0,S010,2024-08-12,foundation,3.0,S010|foundation,16.0,True,False,24.0,7.0,0.27639751552795033,-1.0,48.0,1.24375,2.0,18.0,0.8888888888888888,22.3875
0.13793103448275862,0.3103448275862069,0.43103448275862066,0.1206896551724138,0.0,0.12,0.24,0.56,0.08,0.0,17.0,6.0,49.0,6.78529411764706,2.2182352941176475,0.7536260290082322,8.0,S010,2024-08-19,foundation,3.0,S010|foundation,17.0,True,False,24.0,6.0,0.26053639846743293,2.0,49.0,1.24375,2.0,18.0,0.9444444444444444,22.3875
0.06666666666666667,0.25,0.5333333333333333,0.15,0.0,0.10344827586206896,0.20689655172413793,0.5862068965517241,0.10344827586206896,0.0,18.0,4.0,50.0,7.028333333333332,2.2216666666666662,0.7598198198198198,8.0,S010,2024-08-26,foundation,3.0,S010|foundation,18.0,True,False,24.0,5.0,0.36666666666666664,2.0,50.0,1.24375,2.0,18.0,1.0,22.3875
0.058823529411764705,0.19117647058823528,0.6029411764705882,0.14705882352941177,0.0,0.14285714285714285,0.21428571428571427,0.5357142857142857,0.10714285714285714,0.0,20.0,3.0,51.0,7.040000000000001,2.189,0.762812872467223,8.0,S010,2024-09-02,foundation,3.0,S010|foundation,19.0,True,False,24.0,4.0,0.48245614035087714,8.0,51.0,1.24375,2.0,18.0,1.0555555555555556,22.3875
0.07692307692307693,0.14102564102564102,0.6282051282051282,0.15384615384615385,0.0,0.125,0.21875,0.5,0.15625,0.0,23.0,9.0,52.0,6.480434782608695,1.9030434782608692,0.7730007260657608,8.0,S010,2024-09-09,foundation,3.0,S010|foundation,20.0,True,False,24.0,3.0,0.5641025641025641,10.0,52.0,1.24375,2.0,18.0,1.1111111111111112,22.3875
0.10588235294117647,0.11764705882352941,0.6,0.17647058823529413,0.0,0.15625,0.15625,0.5,0.1875,0.0,24.0,3.0,53.0,6.526666666666666,1.9145833333333335,0.7731872254306728,8.0,S010,2024-09-16,foundation,3.0,S010|foundation,21.0,True,False,24.0,2.0,0.4494929006085193,7.0,53.0,1.24375,2.0,18.0,1.1666666666666667,22.3875
0.15555555555555556,0.13333333333333333,0.5222222222222223,0.18888888888888888,0.0,0.14705882352941177,0.17647058823529413,0.5,0.17647058823529413,0.0,23.0,5.0,54.0,6.872608695652174,2.0934782608695652,0.766511492580739,8.0,S010,2024-09-23,foundation,3.0,S010|foundation,22.0,True,False,24.0,1.0,0.25555555555555554,5.0,54.0,1.24375,2.0,18.0,1.2222222222222223,22.3875
0.17204301075268819,0.16129032258064516,0.46236559139784944,0.20430107526881722,0.0,0.14285714285714285,0.2,0.5142857142857142,0.14285714285714285,0.0,23.0,3.0,55.0,6.9052173913043475,2.006521739130435,0.7748450992828219,8.0,S010,2024-09-30,foundation,3.0,S010|foundation,23.0,True,False,24.0,0.0,0.34092346616065783,3.0,55.0,1.24375,2.0,18.0,1.2777777777777777,22.3875
0.17525773195876287,0.18556701030927836,0.41237113402061853,0.21649484536082475,0.010309278350515464,0.125,0.2,0.475,0.175,0.025,27.0,7.0,56.0,7.295925925925925,2.321111111111111,0.7586459215897712,8.0,S010,2024-10-07,erection,4.0,S010|erection,0.0,True,False,30.0,29.0,0.4316679883690193,4.0,56.0,1.273611111111111,3.0,22.0,0.0,28.019444444444442
0.17,0.22,0.39,0.19,0.03,0.15217391304347827,0.2391304347826087,0.41304347826086957,0.15217391304347827,0.043478260869565216,27.0,12.0,57.0,7.025925925925925,2.666296296296297,0.7249035117887577,8.0,S010,2024-10-14,erection,4.0,S010|erection,1.0,True,False,30.0,28.0,0.42000000000000004,3.0,57.0,1.273611111111111,3.0,22.0,0.045454545454545456,28.019444444444442
0.1651376146788991,0.23853211009174313,0.3853211009174312,0.1559633027522936,0.05504587155963303,0.19230769230769232,0.25,0.36538461538461536,0.1346153846153846,0.057692307692307696,32.0,10.0,58.0,6.9203125,2.5650000000000004,0.7295819194148849,8.0,S010,2024-10-21,erection,4.0,S010|erection,2.0,True,False,30.0,27.0,0.33965341488277273,9.0,58.0,1.273611111111111,3.0,22.0,0.09090909090909091,28.019444444444442
0.18699186991869918,0.22764227642276422,0.37398373983739835,0.13821138211382114,0.07317073170731707,0.22033898305084745,0.2033898305084746,0.3728813559322034,0.15254237288135594,0.05084745762711865,37.0,10.0,59.0,7.281891891891892,2.6478378378378387,0.733342406096897,8.0,S010,2024-10-28,erection,4.0,S010|erection,3.0,True,False,30.0,26.0,0.30894308943089427,14.0,59.0,1.273611111111111,3.0,22.0,0.13636363636363635,28.019444444444442
0.22727272727272727,0.2196969696969697,0.3409090909090909,0.12878787878787878,0.08333333333333333,0.2807017543859649,0.19298245614035087,0.3333333333333333,0.14035087719298245,0.05263157894736842,36.0,7.0,60.0,7.542222222222222,2.202222222222222,0.7740022805017104,8.0,S010,2024-11-04,erection,4.0,S010|erection,4.0,True,False,30.0,25.0,0.31833801936894723,9.0,60.0,1.273611111111111,3.0,22.0,0.18181818181818182,28.019444444444442
0.2689655172413793,0.20689655172413793,0.30344827586206896,0.13793103448275862,0.08275862068965517,0.2857142857142857,0.20634920634920634,0.3333333333333333,0.1111111111111111,0.06349206349206349,40.0,9.0,61.0,7.323249999999999,3.0505,0.7059404747559946,8.0,S010,2024-11-11,erection,4.0,S010|erection,5.0,True,False,30.0,24.0,0.303448275862069,13.0,61.0,1.273611111111111,3.0,22.0,0.22727272727272727,28.019444444444442
0.3026315789473684,0.17763157894736842,0.28289473684210525,0.1513157894736842,0.08552631578947369,0.2878787878787879,0.16666666666666666,0.3333333333333333,0.13636363636363635,0.07575757575757576,39.0,8.0,62.0,7.545641025641025,3.145384615384615,0.7057920613982492,8.0,S010,2024-11-18,erection,4.0,S010|erection,6.0,True,False,30.0,23.0,0.33594881699662005,7.0,62.0,1.273611111111111,3.0,22.0,0.2727272727272727,28.019444444444442
0.3225806451612903,0.15483870967741936,0.27741935483870966,0.15483870967741936,0.09032258064516129,0.30434782608695654,0.15942028985507245,0.3333333333333333,0.13043478260869565,0.07246376811594203,40.0,6.0,63.0,6.980250000000001,2.8615,0.709248863261107,8.0,S010,2024-11-25,erection,4.0,S010|erection,7.0,True,False,30.0,22.0,0.3387359034880671,3.0,63.0,1.273611111111111,3.0,22.0,0.3181818181818182,28.019444444444442
0.3157894736842105,0.13815789473684212,0.29605263157894735,0.14473684210526316,0.10526315789473684,0.3181818181818182,0.15151515151515152,0.3333333333333333,0.12121212121212122,0.07575757575757576,33.0,4.0,64.0,6.993939393939394,3.042121212121212,0.6968809444729612,8.0,S010,2024-12-02,erection,4.0,S010|erection,8.0,True,False,30.0,21.0,0.25279106858054223,-3.0,64.0,1.273611111111111,3.0,22.0,0.36363636363636365,28.019444444444442
0.2827586206896552,0.11724137931034483,0.32413793103448274,0.14482758620689656,0.1310344827586207,0.3114754098360656,0.13114754098360656,0.3114754098360656,0.14754098360655737,0.09836065573770492,33.0,7.0,65.0,6.454545454545454,2.6175757575757577,0.7114703721023448,8.0,S010,2024-12-09,erection,4.0,S010|erection,9.0,True,False,30.0,20.0,0.17931034482758626,-7.0,65.0,1.273611111111111,3.0,22.0,0.4090909090909091,28.019444444444442
0.24285714285714285,0.12857142857142856,0.35714285714285715,0.1357142857142857,0.1357142857142857,0.3050847457627119,0.13559322033898305,0.3220338983050847,0.15254237288135594,0.0847457627118644,34.0,8.0,66.0,6.239999999999999,3.088529411764706,0.6689157234290758,8.0,S010,2024-12-16,erection,4.0,S010|erection,10.0,True,False,30.0,19.0,0.24887218045112786,-5.0,66.0,1.273611111111111,3.0,22.0,0.45454545454545453,28.019444444444442
0.19708029197080293,0.15328467153284672,0.3722627737226277,0.145985401459854,0.13138686131386862,0.23728813559322035,0.1694915254237288,0.3220338983050847,0.1864406779661017,0.0847457627118644,37.0,10.0,67.0,6.297567567567567,2.5848648648648647,0.7089913281606574,8.0,S010,2024-12-23,erection,4.0,S010|erection,11.0,True,False,30.0,18.0,0.27181539910525077,-3.0,67.0,1.273611111111111,3.0,22.0,0.5,28.019444444444442
0.15827338129496402,0.17266187050359713,0.38848920863309355,0.16546762589928057,0.11510791366906475,0.19642857142857142,0.16071428571428573,0.35714285714285715,0.19642857142857142,0.08928571428571429,35.0,4.0,68.0,6.142571428571429,2.2328571428571427,0.733403834345364,8.0,S010,2024-12-30,erection,4.0,S010|erection,12.0,True,False,30.0,17.0,0.315032184778493,2.0,68.0,1.273611111111111,3.0,22.0,0.5454545454545454,28.019444444444442
0.16296296296296298,0.1925925925925926,0.37777777777777777,0.17777777777777778,0.08888888888888889,0.2,0.16,0.34,0.22,0.08,29.0,3.0,69.0,6.154827586206897,2.2889655172413796,0.7289173847347572,8.0,S010,2025-01-06,erection,4.0,S010|erection,13.0,True,False,30.0,16.0,0.32388250319284806,-4.0,69.0,1.273611111111111,3.0,22.0,0.5909090909090909,28.019444444444442
0.15873015873015872,0.18253968253968253,0.36507936507936506,0.21428571428571427,0.07936507936507936,0.17777777777777778,0.17777777777777778,0.3333333333333333,0.2222222222222222,0.08888888888888889,25.0,3.0,70.0,6.1004,2.3416,0.7226249703861644,8.0,S010,2025-01-13,erection,4.0,S010|erection,14.0,True,False,30.0,15.0,0.28095238095238095,-9.0,70.0,1.273611111111111,3.0,22.0,0.6363636363636364,28.019444444444442
0.1794871794871795,0.17094017094017094,0.3333333333333333,0.23931623931623933,0.07692307692307693,0.2,0.17777777777777778,0.28888888888888886,0.2222222222222222,0.1111111111111111,28.0,6.0,71.0,6.042499999999999,2.8428571428571425,0.6800514490132239,8.0,S010,2025-01-20,erection,4.0,S010|erection,15.0,True,False,30.0,14.0,0.2219726745274191,-9.0,71.0,1.273611111111111,3.0,22.0,0.6818181818181818,28.019444444444442
0.20353982300884957,0.168141592920354,0.2831858407079646,0.2743362831858407,0.07079646017699115,0.1836734693877551,0.1836734693877551,0.2857142857142857,0.2653061224489796,0.08163265306122448,31.0,8.0,72.0,6.32483870967742,2.210645161290322,0.7410052910052911,8.0,S010,2025-01-27,erection,4.0,S010|erection,16.0,True,False,30.0,13.0,0.30827019800089134,-4.0,72.0,1.273611111111111,3.0,22.0,0.7272727272727273,28.019444444444442
0.22413793103448276,0.1724137931034483,0.25862068965517243,0.27586206896551724,0.06896551724137931,0.2653061224489796,0.20408163265306123,0.22448979591836735,0.24489795918367346,0.061224489795918366,32.0,7.0,73.0,6.2203125,2.1596875,0.7422807279236276,8.0,S010,2025-02-03,erection,4.0,S010|erection,17.0,True,False,30.0,12.0,0.3185185185185184,3.0,73.0,1.273611111111111,3.0,22.0,0.7727272727272727,28.019444444444442
0.22950819672131148,0.22131147540983606,0.2459016393442623,0.23770491803278687,0.06557377049180328,0.24489795918367346,0.22448979591836735,0.24489795918367346,0.22448979591836735,0.061224489795918366,31.0,8.0,74.0,6.392258064516129,2.5880645161290325,0.7118071769819319,8.0,S010,2025-02-10,erection,4.0,S010|erection,18.0,True,False,30.0,11.0,0.2659380692167577,6.0,74.0,1.273611111111111,3.0,22.0,0.8181818181818182,28.019444444444442
0.20454545454545456,0.24242424242424243,0.2803030303030303,0.21212121212121213,0.06060606060606061,0.22916666666666666,0.1875,0.2916666666666667,0.20833333333333334,0.08333333333333333,38.0,9.0,75.0,6.317105263157895,1.8660526315789472,0.7719642397736044,8.0,S010,2025-02-17,erection,4.0,S010|erection,19.0,True,False,30.0,10.0,0.19308469308469312,10.0,75.0,1.273611111111111,3.0,22.0,0.8636363636363636,28.019444444444442
0.20666666666666667,0.23333333333333334,0.28,0.20666666666666667,0.07333333333333333,0.24193548387096775,0.1774193548387097,0.20967741935483872,0.24193548387096775,0.12903225806451613,49.0,18.0,76.0,6.192857142857144,1.7757142857142856,0.7771602724991037,8.0,S010,2025-02-24,erection,4.0,S010|erection,20.0,True,False,30.0,9.0,0.14171091445427722,18.0,76.0,1.273611111111111,3.0,22.0,0.9090909090909091,28.019444444444442
0.20121951219512196,0.2073170731707317,0.2804878048780488,0.23170731707317074,0.07926829268292683,0.234375,0.15625,0.21875,0.265625,0.125,46.0,5.0,77.0,6.34804347826087,1.581086956521739,0.8005976860229205,8.0,S010,2025-03-03,erection,4.0,S010|erection,21.0,True,False,30.0,8.0,0.1341463414634146,14.0,77.0,1.273611111111111,3.0,22.0,0.9545454545454546,28.019444444444442
0.21839080459770116,0.16666666666666666,0.27011494252873564,0.26436781609195403,0.08045977011494253,0.24242424242424243,0.16666666666666666,0.21212121212121213,0.2727272727272727,0.10606060606060606,41.0,5.0,78.0,6.234390243902439,1.9480487804878046,0.7619232144986289,8.0,S010,2025-03-10,erection,4.0,S010|erection,22.0,True,False,30.0,7.0,0.13152440173355948,10.0,78.0,1.273611111111111,3.0,22.0,1.0,28.019444444444442
0.23699421965317918,0.14450867052023122,0.23699421965317918,0.28901734104046245,0.09248554913294797,0.208955223880597,0.16417910447761194,0.23880597014925373,0.2835820895522388,0.1044776119402985,37.0,7.0,79.0,6.536756756756757,2.339459459459459,0.7364350526764509,8.0,S010,2025-03-17,erection,4.0,S010|erection,23.0,True,False,30.0,6.0,0.28244876510772465,-1.0,79.0,1.273611111111111,3.0,22.0,1.0454545454545454,28.019444444444442
0.22580645161290322,0.12903225806451613,0.25161290322580643,0.2903225806451613,0.1032258064516129,0.21875,0.15625,0.265625,0.234375,0.125,31.0,5.0,80.0,6.151935483870968,2.991290322580645,0.6728408128704487,8.0,S010,2025-03-24,erection,4.0,S010|erection,24.0,True,False,30.0,5.0,0.26537634408602156,-18.0,80.0,1.273611111111111,3.0,22.0,1.0909090909090908,28.019444444444442
0.1925925925925926,0.14814814814814814,0.2518518518518518,0.2814814814814815,0.1259259259259259,0.15873015873015872,0.1746031746031746,0.2698412698412698,0.25396825396825395,0.14285714285714285,26.0,6.0,81.0,6.143076923076923,3.7161538461538464,0.6230787235702582,8.0,S010,2025-03-31,erection,4.0,S010|erection,25.0,True,False,30.0,4.0,0.19286359530261976,-20.0,81.0,1.273611111111111,3.0,22.0,1.1363636363636365,28.019444444444442
0.1440677966101695,0.1864406779661017,0.2711864406779661,0.2457627118644068,0.15254237288135594,0.15,0.16666666666666666,0.25,0.26666666666666666,0.16666666666666666,24.0,5.0,82.0,5.96875,4.44625,0.5730916946711474,8.0,S010,2025-04-07,erection,4.0,S010|erection,26.0,True,False,30.0,3.0,0.1858562244301578,-17.0,82.0,1.273611111111111,3.0,22.0,1.1818181818181819,28.019444444444442
0.08653846153846154,0.23076923076923078,0.3076923076923077,0.20192307692307693,0.17307692307692307,0.17647058823529413,0.19607843137254902,0.19607843137254902,0.2549019607843137,0.17647058823529413,23.0,0.0,83.0,6.036086956521741,4.601304347826088,0.5674405297147062,8.0,S010,2025-04-14,erection,4.0,S010|erection,27.0,True,False,30.0,2.0,0.47510004446420634,-14.0,83.0,1.273611111111111,3.0,22.0,1.2272727272727273,28.019444444444442
0.07608695652173914,0.2826086956521739,0.31521739130434784,0.15217391304347827,0.17391304347826086,0.14285714285714285,0.2571428571428571,0.2571428571428571,0.2,0.14285714285714285,19.0,2.0,84.0,5.862105263157894,3.4336842105263163,0.6306194089004642,7.0,S010,2025-04-21,erection,4.0,S010|erection,28.0,True,False,30.0,1.0,0.5757363253856942,-12.0,84.0,1.273611111111111,3.0,22.0,1.2727272727272727,28.019444444444442
0.07058823529411765,0.3058823529411765,0.35294117647058826,0.11764705882352941,0.15294117647058825,0.09090909090909091,0.2727272727272727,0.2727272727272727,0.21212121212121213,0.15151515151515152,19.0,3.0,85.0,5.772105263157894,3.5073684210526315,0.6220293800691963,7.0,S010,2025-04-28,erection,4.0,S010|erection,29.0,True,False,30.0,0.0,0.5716775599128542,-7.0,85.0,1.273611111111111,3.0,22.0,1.3181818181818181,28.019444444444442
0.07792207792207792,0.3246753246753247,0.3246753246753247,0.12987012987012986,0.14285714285714285,0.09090909090909091,0.2727272727272727,0.24242424242424243,0.18181818181818182,0.21212121212121213,16.0,5.0,86.0,6.445625,1.8225,0.7795751757502457,7.0,S010,2025-05-05,grading,5.0,S010|grading,0.0,False,False,,,0.3834470614131632,-8.0,86.0,1.296117424242424,4.0,14.0,0.0,18.145643939393935
0.11290322580645161,0.3225806451612903,0.2903225806451613,0.12903225806451613,0.14516129032258066,0.07692307692307693,0.3076923076923077,0.23076923076923078,0.15384615384615385,0.23076923076923078,8.0,0.0,87.0,7.225,2.0637499999999998,0.7778226349078186,4.0,S010,2025-05-12,grading,5.0,S010|grading,1.0,False,False,,,0.2363523573200992,-15.0,87.0,1.296117424242424,4.0,14.0,0.07142857142857142,18.145643939393935
0.11764705882352941,0.3137254901960784,0.23529411764705882,0.17647058823529413,0.1568627450980392,0.08695652173913043,0.30434782608695654,0.17391304347826086,0.21739130434782608,0.21739130434782608,8.0,2.0,88.0,7.10375,2.25,0.7594547641320326,4.0,S010,2025-05-19,grading,5.0,S010|grading,2.0,False,False,,,0.19394714407502134,-11.0,88.0,1.296117424242424,4.0,14.0,0.14285714285714285,18.145643939393935
0.15217391304347827,0.2391304347826087,0.21739130434782608,0.17391304347826086,0.21739130434782608,0.11538461538461539,0.19230769230769232,0.3076923076923077,0.19230769230769232,0.19230769230769232,14.0,9.0,89.0,6.910000000000001,3.428571428571428,0.6683708719082494,7.0,S010,2025-05-26,grading,5.0,S010|grading,3.0,False,False,,,0.4046035805626599,-5.0,89.0,1.296117424242424,4.0,14.0,0.21428571428571427,18.145643939393935
0.12244897959183673,0.16326530612244897,0.2653061224489796,0.1836734693877551,0.2653061224489796,0.1111111111111111,0.18518518518518517,0.25925925925925924,0.25925925925925924,0.18518518518518517,19.0,6.0,90.0,6.582631578947368,2.81,0.7008293174941164,8.0,S010,2025-06-02,grading,5.0,S010|grading,4.0,False,False,,,0.4415584415584416,3.0,90.0,1.296117424242424,4.0,14.0,0.2857142857142857,18.145643939393935
0.07575757575757576,0.15151515151515152,0.30303030303030304,0.18181818181818182,0.2878787878787879,0.09090909090909091,0.18181818181818182,0.2727272727272727,0.21212121212121213,0.24242424242424243,25.0,6.0,91.0,6.531199999999999,2.6224000000000007,0.7135116238419855,8.0,S010,2025-06-09,grading,5.0,S010|grading,5.0,False,False,,,0.4164222873900293,17.0,91.0,1.296117424242424,4.0,14.0,0.35714285714285715,18.145643939393935
0.0641025641025641,0.16666666666666666,0.3076923076923077,0.15384615384615385,0.3076923076923077,0.058823529411764705,0.17647058823529413,0.29411764705882354,0.23529411764705882,0.23529411764705882,20.0,3.0,92.0,6.386,2.7350000000000003,0.7001425282315535,8.0,S010,2025-06-16,grading,5.0,S010|grading,6.0,False,False,,,0.44645550527903477,12.0,92.0,1.296117424242424,4.0,14.0,0.42857142857142855,18.145643939393935
0.037037037037037035,0.19753086419753085,0.30864197530864196,0.13580246913580246,0.32098765432098764,0.06060606060606061,0.18181818181818182,0.3333333333333333,0.18181818181818182,0.24242424242424243,17.0,2.0,93.0,6.309411764705882,1.7111764705882353,0.7866519985331867,8.0,S010,2025-06-23,grading,5.0,S010|grading,7.0,False,False,,,0.389694041867955,3.0,93.0,1.296117424242424,4.0,14.0,0.5,18.145643939393935
0.024390243902439025,0.1951219512195122,0.32926829268292684,0.12195121951219512,0.32926829268292684,0.029411764705882353,0.14705882352941177,0.4117647058823529,0.20588235294117646,0.20588235294117646,20.0,6.0,94.0,6.0695,1.5594999999999999,0.795582645169747,8.0,S010,2025-06-30,grading,5.0,S010|grading,8.0,False,False,,,0.3195619711299154,1.0,94.0,1.296117424242424,4.0,14.0,0.5714285714285714,18.145643939393935
0.012658227848101266,0.189873417721519,0.34177215189873417,0.12658227848101267,0.3291139240506329,0.027777777777777776,0.1388888888888889,0.3888888888888889,0.2222222222222222,0.2222222222222222,22.0,2.0,95.0,6.105,1.5422727272727272,0.7983238231098431,8.0,S010,2025-07-07,grading,5.0,S010|grading,9.0,False,False,,,0.23667050249328725,-3.0,95.0,1.296117424242424,4.0,14.0,0.6428571428571429,18.145643939393935
0.0,0.15584415584415584,0.37662337662337664,0.14285714285714285,0.3246753246753247,0.02857142857142857,0.17142857142857143,0.37142857142857144,0.2,0.22857142857142856,18.0,1.0,96.0,6.312222222222221,1.4394444444444445,0.8143051673475238,7.0,S010,2025-07-14,grading,5.0,S010|grading,10.0,False,False,,,0.1718281718281718,-2.0,96.0,1.296117424242424,4.0,14.0,0.7142857142857143,18.145643939393935
0.0,0.13157894736842105,0.39473684210526316,0.17105263157894737,0.3026315789473684,0.0,0.18518518518518517,0.37037037037037035,0.2222222222222222,0.2222222222222222,16.0,1.0,97.0,6.439375,1.6243750000000001,0.7985583630444891,6.0,S010,2025-07-21,grading,5.0,S010|grading,11.0,False,False,,,0.24269005847953218,-1.0,97.0,1.296117424242424,4.0,14.0,0.7857142857142857,18.145643939393935
0.0,0.12857142857142856,0.38571428571428573,0.17142857142857143,0.3142857142857143,0.0,0.13043478260869565,0.391304347826087,0.21739130434782608,0.2608695652173913,14.0,2.0,98.0,5.94,1.5064285714285715,0.7976978417266187,7.0,S010,2025-07-28,grading,5.0,S010|grading,12.0,False,False,,,0.21184668989547042,-6.0,98.0,1.296117424242424,4.0,14.0,0.8571428571428571,18.145643939393935
0.0,0.13333333333333333,0.36666666666666664,0.18333333333333332,0.31666666666666665,0.0,0.1111111111111111,0.3888888888888889,0.3333333333333333,0.16666666666666666,12.0,1.0,99.0,5.639166666666667,1.3966666666666665,0.8014923605353548,6.0,S010,2025-08-04,grading,5.0,S010|grading,13.0,False,False,,,0.1632911392405063,-10.0,99.0,1.296117424242424,4.0,14.0,0.9285714285714286,18.145643939393935
0.0,0.1509433962264151,0.33962264150943394,0.22641509433962265,0.2830188679245283,0.0,0.0625,0.375,0.375,0.1875,11.0,1.0,100.0,5.683636363636364,1.428181818181818,0.7991818995270357,6.0,S010,2025-08-11,grading,5.0,S010|grading,14.0,False,False,,,0.16711590296495962,-7.0,100.0,1.296117424242424,4.0,14.0,1.0,18.145643939393935
0.0,0.1702127659574468,0.2978723404255319,0.2553191489361702,0.2765957446808511,0.0,0.07142857142857142,0.2857142857142857,0.42857142857142855,0.21428571428571427,10.0,0.0,101.0,5.826,1.394,0.8069252077562327,5.0,S010,2025-08-18,grading,5.0,S010|grading,15.0,False,False,,,0.24580067189249719,-6.0,101.0,1.296117424242424,4.0,14.0,1.0714285714285714,18.145643939393935
0.8,0.2,0.0,0.0,0.0,0.8,0.2,0.0,0.0,0.0,5.0,5.0,0.0,5.1499999999999995,1.366,0.7903621853898096,4.0,S011,2024-04-22,clearing,1.0,S011|clearing,0.0,True,False,9.0,8.0,0.0,0.0,0.0,1.0,0.0,10.0,0.0,10.0
0.6666666666666666,0.2222222222222222,0.0,0.1111111111111111,0.0,0.6153846153846154,0.23076923076923078,0.0,0.15384615384615385,0.0,13.0,8.0,1.0,6.622307692307692,1.8423076923076924,0.7823518720465285,6.0,S011,2024-04-29,clearing,1.0,S011|clearing,1.0,True,False,9.0,7.0,0.0,0.0,1.0,1.0,0.0,10.0,0.1,10.0
0.5675675675675675,0.2702702702702703,0.05405405405405406,0.10810810810810811,0.0,0.47368421052631576,0.3157894736842105,0.10526315789473684,0.10526315789473684,0.0,19.0,6.0,2.0,6.495789473684211,1.764736842105263,0.7863650844217905,7.0,S011,2024-05-06,clearing,1.0,S011|clearing,2.0,True,False,9.0,6.0,0.0,0.0,2.0,1.0,0.0,10.0,0.2,10.0
0.532258064516129,0.27419354838709675,0.11290322580645161,0.08064516129032258,0.0,0.48148148148148145,0.25925925925925924,0.18518518518518517,0.07407407407407407,0.0,25.0,8.0,3.0,6.3512,1.788,0.7803223904069195,8.0,S011,2024-05-13,clearing,1.0,S011|clearing,3.0,True,False,9.0,5.0,0.0,0.0,3.0,1.0,0.0,10.0,0.3,10.0
0.48148148148148145,0.2962962962962963,0.16049382716049382,0.06172839506172839,0.0,0.4482758620689655,0.27586206896551724,0.20689655172413793,0.06896551724137931,0.0,24.0,2.0,4.0,6.4745833333333325,1.906666666666667,0.7725080785483469,8.0,S011,2024-05-20,clearing,1.0,S011|clearing,4.0,True,False,9.0,4.0,0.6370370370370371,19.0,4.0,1.0,0.0,10.0,0.4,10.0
0.45263157894736844,0.3157894736842105,0.2,0.031578947368421054,0.0,0.4473684210526316,0.3157894736842105,0.18421052631578946,0.05263157894736842,0.0,27.0,9.0,5.0,6.3348148148148145,1.8003703703703706,0.7786933758251764,8.0,S011,2024-05-27,clearing,1.0,S011|clearing,5.0,True,False,9.0,3.0,0.5871345029239765,14.0,5.0,1.0,0.0,10.0,0.5,10.0
0.44660194174757284,0.3300970873786408,0.21359223300970873,0.009708737864077669,0.0,0.4358974358974359,0.3333333333333333,0.1794871794871795,0.05128205128205128,0.0,27.0,1.0,6.0,6.399259259259258,1.743703703703704,0.785863731465478,8.0,S011,2024-06-03,clearing,1.0,S011|clearing,6.0,True,False,9.0,2.0,0.4387299921280503,8.0,6.0,1.0,0.0,10.0,0.6,10.0
0.42452830188679247,0.36792452830188677,0.20754716981132076,0.0,0.0,0.4318181818181818,0.36363636363636365,0.1590909090909091,0.045454545454545456,0.0,28.0,5.0,7.0,6.587142857142857,2.038214285714286,0.7636950850896442,8.0,S011,2024-06-10,clearing,1.0,S011|clearing,7.0,True,False,9.0,1.0,0.37674984783931825,3.0,7.0,1.0,0.0,10.0,0.7,10.0
0.3867924528301887,0.4056603773584906,0.20754716981132076,0.0,0.0,0.3488372093023256,0.3953488372093023,0.20930232558139536,0.046511627906976744,0.0,24.0,4.0,8.0,6.759166666666666,2.12,0.7612388549976536,7.0,S011,2024-06-17,clearing,1.0,S011|clearing,8.0,True,False,9.0,0.0,0.3128348474260424,0.0,8.0,1.0,0.0,10.0,0.8,10.0
0.35,0.43,0.21,0.01,0.0,0.2894736842105263,0.39473684210526316,0.2894736842105263,0.02631578947368421,0.0,21.0,3.0,9.0,6.758095238095238,2.278095238095238,0.7478920741989881,7.0,S011,2024-06-24,excavation,2.0,S011|excavation,0.0,True,False,12.0,11.0,0.248421052631579,-6.0,9.0,0.9,1.0,16.0,0.0,14.4
0.31868131868131866,0.42857142857142855,0.21978021978021978,0.03296703296703297,0.0,0.3333333333333333,0.3611111111111111,0.25,0.05555555555555555,0.0,18.0,4.0,10.0,6.7027777777777775,1.907777777777778,0.7784373185366797,8.0,S011,2024-07-01,excavation,2.0,S011|excavation,1.0,True,False,12.0,10.0,0.2558412461325083,-9.0,10.0,0.9,1.0,16.0,0.0625,14.4
0.2972972972972973,0.3783783783783784,0.24324324324324326,0.08108108108108109,0.0,0.2903225806451613,0.3870967741935484,0.22580645161290322,0.0967741935483871,0.0,11.0,3.0,11.0,6.572727272727272,1.7799999999999998,0.7868959512407488,7.0,S011,2024-07-08,excavation,2.0,S011|excavation,2.0,True,False,12.0,9.0,0.25446200917899037,-17.0,11.0,0.9,1.0,16.0,0.125,14.4
0.30158730158730157,0.2698412698412698,0.2857142857142857,0.14285714285714285,0.0,0.30303030303030304,0.3333333333333333,0.2727272727272727,0.09090909090909091,0.0,13.0,4.0,12.0,6.36923076923077,1.7853846153846151,0.7810583907178569,7.0,S011,2024-07-15,excavation,2.0,S011|excavation,3.0,True,False,12.0,8.0,0.4420485175202157,-11.0,12.0,0.9,1.0,16.0,0.1875,14.4
0.3050847457627119,0.1694915254237288,0.3220338983050847,0.2033898305084746,0.0,0.2857142857142857,0.2857142857142857,0.2857142857142857,0.14285714285714285,0.0,17.0,4.0,13.0,6.4276470588235295,1.9182352941176475,0.7701578798985058,7.0,S011,2024-07-22,excavation,2.0,S011|excavation,4.0,True,False,12.0,7.0,0.6108474576271186,-4.0,13.0,0.9,1.0,16.0,0.25,14.4
0.3220338983050847,0.1016949152542373,0.3728813559322034,0.2033898305084746,0.0,0.3225806451612903,0.25806451612903225,0.2903225806451613,0.12903225806451613,0.0,18.0,4.0,14.0,6.3405555555555555,2.3,0.7338134122034335,7.0,S011,2024-07-29,excavation,2.0,S011|excavation,5.0,True,False,12.0,6.0,0.6537530266343825,0.0,14.0,0.9,1.0,16.0,0.3125,14.4
0.3333333333333333,0.12698412698412698,0.38095238095238093,0.15873015873015872,0.0,0.3448275862068966,0.20689655172413793,0.3103448275862069,0.13793103448275862,0.0,15.0,3.0,15.0,6.417333333333333,2.2946666666666666,0.736608509335782,6.0,S011,2024-08-05,excavation,2.0,S011|excavation,6.0,True,False,12.0,5.0,0.5027885027885027,4.0,15.0,0.9,1.0,16.0,0.375,14.4
0.36619718309859156,0.15492957746478872,0.36619718309859156,0.11267605633802817,0.0,0.38235294117647056,0.14705882352941177,0.35294117647058826,0.11764705882352941,0.0,21.0,9.0,16.0,6.101904761904761,2.9519047619047614,0.6739599221585231,8.0,S011,2024-08-12,excavation,2.0,S011|excavation,7.0,True,False,12.0,4.0,0.2901855577911916,8.0,16.0,0.9,1.0,16.0,0.4375,14.4
0.37333333333333335,0.2,0.36,0.06666666666666667,0.0,0.3888888888888889,0.2222222222222222,0.3055555555555556,0.08333333333333333,0.0,21.0,5.0,17.0,6.121428571428572,3.4223809523809527,0.6414030535874663,8.0,S011,2024-08-19,excavation,2.0,S011|excavation,8.0,True,False,12.0,3.0,0.2734463276836159,4.0,17.0,0.9,1.0,16.0,0.5,14.4
0.33766233766233766,0.23376623376623376,0.38961038961038963,0.03896103896103896,0.0,0.34285714285714286,0.2,0.4,0.05714285714285714,0.0,20.0,3.0,18.0,6.2379999999999995,3.4170000000000003,0.646090108751942,8.0,S011,2024-08-26,excavation,2.0,S011|excavation,9.0,True,False,12.0,2.0,0.32885758309487123,2.0,18.0,0.9,1.0,16.0,0.5625,14.4
0.30864197530864196,0.2345679012345679,0.41975308641975306,0.037037037037037035,0.0,0.3611111111111111,0.19444444444444445,0.3888888888888889,0.05555555555555555,0.0,19.0,4.0,19.0,6.508421052631578,3.122105263157895,0.6758115641053666,8.0,S011,2024-09-02,excavation,2.0,S011|excavation,10.0,True,False,12.0,1.0,0.2927689594356261,4.0,19.0,0.9,1.0,16.0,0.625,14.4
0.28378378378378377,0.22972972972972974,0.44594594594594594,0.04054054054054054,0.0,0.375,0.21875,0.34375,0.0625,0.0,14.0,0.0,20.0,6.740714285714287,3.1935714285714285,0.6785303422490654,7.0,S011,2024-09-09,excavation,2.0,S011|excavation,11.0,True,False,12.0,0.0,0.3090978302245908,-7.0,20.0,0.9,1.0,16.0,0.6875,14.4
0.23809523809523808,0.23809523809523808,0.49206349206349204,0.031746031746031744,0.0,0.3333333333333333,0.26666666666666666,0.36666666666666664,0.03333333333333333,0.0,10.0,2.0,21.0,7.624,2.509,0.7523931708279878,6.0,S011,2024-09-16,foundation,3.0,S011|foundation,0.0,True,False,13.0,12.0,0.3403174603174603,-11.0,21.0,0.825,2.0,18.0,0.0,14.85
0.19230769230769232,0.28846153846153844,0.4423076923076923,0.07692307692307693,0.0,0.26666666666666666,0.3,0.3333333333333333,0.1,0.0,9.0,4.0,22.0,6.7444444444444445,2.0455555555555556,0.7672860573884466,6.0,S011,2024-09-23,foundation,3.0,S011|foundation,1.0,True,False,13.0,11.0,0.29070929070929064,-11.0,22.0,0.825,2.0,18.0,0.05555555555555555,14.85
0.18518518518518517,0.37037037037037035,0.2962962962962963,0.12962962962962962,0.018518518518518517,0.275,0.3,0.275,0.125,0.025,21.0,13.0,23.0,6.925238095238096,1.9295238095238096,0.782091960204356,8.0,S011,2024-09-30,foundation,3.0,S011|foundation,2.0,True,False,13.0,10.0,0.49382716049382713,2.0,23.0,0.825,2.0,18.0,0.1111111111111111,14.85
0.20588235294117646,0.38235294117647056,0.20588235294117646,0.17647058823529413,0.029411764705882353,0.28205128205128205,0.28205128205128205,0.23076923076923078,0.1794871794871795,0.02564102564102564,28.0,8.0,24.0,6.8100000000000005,2.028928571428571,0.7704553719342196,8.0,S011,2024-10-07,foundation,3.0,S011|foundation,3.0,True,False,13.0,9.0,0.6359300476947536,14.0,24.0,0.825,2.0,18.0,0.16666666666666666,14.85
0.2631578947368421,0.3368421052631579,0.14736842105263157,0.18947368421052632,0.06315789473684211,0.3111111111111111,0.2222222222222222,0.2,0.17777777777777778,0.08888888888888889,37.0,11.0,25.0,6.135675675675676,2.422702702702703,0.7169203562180257,8.0,S011,2024-10-14,foundation,3.0,S011|foundation,4.0,True,False,13.0,8.0,0.689390142021721,27.0,25.0,0.825,2.0,18.0,0.2222222222222222,14.85
0.2878787878787879,0.2803030303030303,0.16666666666666666,0.18181818181818182,0.08333333333333333,0.2857142857142857,0.23214285714285715,0.21428571428571427,0.17857142857142858,0.08928571428571429,46.0,14.0,26.0,6.090652173913043,2.4602173913043477,0.712284537550211,8.0,S011,2024-10-21,foundation,3.0,S011|foundation,5.0,True,False,13.0,7.0,0.5675990675990676,37.0,26.0,0.825,2.0,18.0,0.2777777777777778,14.85
0.2848101265822785,0.23417721518987342,0.1962025316455696,0.189873417721519,0.0949367088607595,0.24193548387096775,0.25806451612903225,0.24193548387096775,0.1774193548387097,0.08064516129032258,47.0,10.0,27.0,6.357234042553192,2.4874468085106387,0.7187635313928313,8.0,S011,2024-10-28,foundation,3.0,S011|foundation,6.0,True,False,13.0,6.0,0.47257383966244726,26.0,27.0,0.825,2.0,18.0,0.3333333333333333,14.85
0.28191489361702127,0.2074468085106383,0.21808510638297873,0.20212765957446807,0.09042553191489362,0.2564102564102564,0.24358974358974358,0.24358974358974358,0.19230769230769232,0.0641025641025641,58.0,16.0,28.0,6.583275862068966,2.362931034482759,0.7358734196731421,8.0,S011,2024-11-04,foundation,3.0,S011|foundation,7.0,True,False,13.0,5.0,0.34981226533166454,30.0,28.0,0.825,2.0,18.0,0.3888888888888889,14.85
0.29493087557603687,0.18433179723502305,0.2304147465437788,0.21658986175115208,0.07373271889400922,0.3181818181818182,0.20454545454545456,0.23863636363636365,0.18181818181818182,0.056818181818181816,66.0,12.0,29.0,6.557575757575758,2.2592424242424243,0.7437576257496864,8.0,S011,2024-11-11,foundation,3.0,S011|foundation,8.0,True,False,13.0,4.0,0.3050206160562697,29.0,29.0,0.825,2.0,18.0,0.4444444444444444,14.85
0.3305439330543933,0.1589958158995816,0.2384937238493724,0.2175732217573222,0.05439330543933055,0.36,0.17,0.27,0.15,0.05,68.0,16.0,30.0,6.759705882352941,2.4085294117647056,0.7372962915436931,8.0,S011,2024-11-18,foundation,3.0,S011|foundation,9.0,True,False,13.0,3.0,0.30049448459490297,22.0,30.0,0.825,2.0,18.0,0.5,14.85
0.38223938223938225,0.14285714285714285,0.23938223938223938,0.20077220077220076,0.03474903474903475,0.38,0.14,0.3,0.14,0.04,67.0,13.0,31.0,6.673582089552239,2.151492537313433,0.7562068732241917,8.0,S011,2024-11-25,foundation,3.0,S011|foundation,10.0,True,False,13.0,2.0,0.3030154928889106,20.0,31.0,0.825,2.0,18.0,0.5555555555555556,14.85
0.42045454545454547,0.12878787878787878,0.23484848484848486,0.1856060606060606,0.030303030303030304,0.36893203883495146,0.14563106796116504,0.2815533980582524,0.14563106796116504,0.05825242718446602,63.0,11.0,32.0,6.8684126984126985,2.2550793650793652,0.7528271686558335,8.0,S011,2024-12-02,foundation,3.0,S011|foundation,11.0,True,False,13.0,1.0,0.3106060606060606,5.0,32.0,0.825,2.0,18.0,0.6111111111111112,14.85
0.4398496240601504,0.12406015037593984,0.23684210526315788,0.17293233082706766,0.02631578947368421,0.34579439252336447,0.16822429906542055,0.2803738317757009,0.17757009345794392,0.028037383177570093,68.0,15.0,33.0,6.5875,2.094117647058823,0.7587871601592276,8.0,S011,2024-12-09,foundation,3.0,S011|foundation,12.0,True,False,13.0,0.0,0.3026922144069852,2.0,33.0,0.825,2.0,18.0,0.6666666666666666,14.85
0.4308300395256917,0.13438735177865613,0.24110671936758893,0.16600790513833993,0.02766798418972332,0.36633663366336633,0.15841584158415842,0.2871287128712871,0.16831683168316833,0.019801980198019802,55.0,8.0,34.0,6.589272727272728,2.016545454545455,0.7656764979295191,8.0,S011,2024-12-16,erection,4.0,S011|erection,0.0,True,False,20.0,19.0,0.2057982039790299,-13.0,34.0,0.7907407407407407,3.0,22.0,0.0,17.396296296296295
0.38839285714285715,0.13839285714285715,0.27232142857142855,0.16964285714285715,0.03125,0.36893203883495146,0.13592233009708737,0.3106796116504854,0.1553398058252427,0.02912621359223301,38.0,12.0,35.0,6.514210526315789,1.8242105263157897,0.7812283027204444,8.0,S011,2024-12-23,erection,4.0,S011|erection,1.0,True,False,20.0,18.0,0.07818532818532813,-29.0,35.0,0.7907407407407407,3.0,22.0,0.045454545454545456,17.396296296296295
0.350253807106599,0.13705583756345177,0.3096446700507614,0.16751269035532995,0.03553299492385787,0.36363636363636365,0.12121212121212122,0.31313131313131315,0.16161616161616163,0.04040404040404041,36.0,12.0,36.0,6.22,2.053888888888889,0.7517625730208822,8.0,S011,2024-12-30,erection,4.0,S011|erection,2.0,True,False,20.0,17.0,0.17658821719735424,-27.0,36.0,0.7907407407407407,3.0,22.0,0.09090909090909091,17.396296296296295
0.27167630057803466,0.15028901734104047,0.35260115606936415,0.18497109826589594,0.04046242774566474,0.2815533980582524,0.17475728155339806,0.3106796116504854,0.1941747572815534,0.038834951456310676,44.0,16.0,37.0,6.415,2.1529545454545453,0.74872012520226,8.0,S011,2025-01-06,erection,4.0,S011|erection,3.0,True,False,20.0,16.0,0.3363466469642314,-24.0,37.0,0.7907407407407407,3.0,22.0,0.13636363636363635,17.396296296296295
0.20930232558139536,0.1744186046511628,0.3546511627906977,0.22093023255813954,0.040697674418604654,0.23529411764705882,0.21568627450980393,0.27450980392156865,0.23529411764705882,0.0392156862745098,54.0,15.0,38.0,6.463703703703703,2.427222222222222,0.7270000624856803,8.0,S011,2025-01-13,erection,4.0,S011|erection,4.0,True,False,20.0,15.0,0.44305542788859276,-1.0,38.0,0.7907407407407407,3.0,22.0,0.18181818181818182,17.396296296296295
0.2,0.20512820512820512,0.3076923076923077,0.24615384615384617,0.041025641025641026,0.2079207920792079,0.24752475247524752,0.26732673267326734,0.2376237623762376,0.039603960396039604,61.0,12.0,39.0,6.475573770491803,2.5116393442622957,0.7205319032505197,8.0,S011,2025-01-20,erection,4.0,S011|erection,5.0,True,False,20.0,14.0,0.37678571428571433,23.0,39.0,0.7907407407407407,3.0,22.0,0.22727272727272727,17.396296296296295
0.19806763285024154,0.2318840579710145,0.2608695652173913,0.26570048309178745,0.043478260869565216,0.21052631578947367,0.2631578947368421,0.2631578947368421,0.23157894736842105,0.031578947368421054,48.0,5.0,40.0,6.2285416666666675,2.2958333333333334,0.7306742918591295,8.0,S011,2025-01-27,erection,4.0,S011|erection,6.0,True,False,20.0,13.0,0.4019225581794551,12.0,40.0,0.7907407407407407,3.0,22.0,0.2727272727272727,17.396296296296295
0.2087378640776699,0.23786407766990292,0.23786407766990292,0.2669902912621359,0.04854368932038835,0.1978021978021978,0.25274725274725274,0.2857142857142857,0.23076923076923078,0.03296703296703297,43.0,11.0,41.0,6.397209302325581,2.357441860465116,0.7307212113162438,8.0,S011,2025-02-03,erection,4.0,S011|erection,7.0,True,False,20.0,12.0,0.355351029799652,-1.0,41.0,0.7907407407407407,3.0,22.0,0.3181818181818182,17.396296296296295
0.2233502538071066,0.233502538071066,0.2233502538071066,0.2639593908629442,0.05583756345177665,0.1956521739130435,0.2608695652173913,0.25,0.2608695652173913,0.03260869565217391,45.0,9.0,42.0,6.345777777777778,2.2095555555555557,0.7417335515208188,8.0,S011,2025-02-10,erection,4.0,S011|erection,8.0,True,False,20.0,11.0,0.2626018179671822,-9.0,42.0,0.7907407407407407,3.0,22.0,0.36363636363636365,17.396296296296295
0.21666666666666667,0.25,0.21666666666666667,0.25,0.06666666666666667,0.2111111111111111,0.3,0.2,0.26666666666666666,0.022222222222222223,44.0,10.0,43.0,6.559999999999999,2.4868181818181814,0.7251168165603176,8.0,S011,2025-02-17,erection,4.0,S011|erection,9.0,True,False,20.0,10.0,0.18205128205128204,-17.0,43.0,0.7907407407407407,3.0,22.0,0.4090909090909091,17.396296296296295
0.19653179190751446,0.2774566473988439,0.23121387283236994,0.23121387283236994,0.06358381502890173,0.19540229885057472,0.3333333333333333,0.19540229885057472,0.25287356321839083,0.022988505747126436,41.0,9.0,44.0,7.005853658536585,2.2053658536585363,0.760578297939946,8.0,S011,2025-02-24,erection,4.0,S011|erection,10.0,True,False,20.0,9.0,0.13135628717433187,-7.0,44.0,0.7907407407407407,3.0,22.0,0.45454545454545453,17.396296296296295
0.1907514450867052,0.31213872832369943,0.23121387283236994,0.2138728323699422,0.05202312138728324,0.21951219512195122,0.3170731707317073,0.2073170731707317,0.23170731707317074,0.024390243902439025,43.0,11.0,45.0,7.0955813953488365,2.143953488372093,0.7679587213692424,8.0,S011,2025-03-03,erection,4.0,S011|erection,11.0,True,False,20.0,8.0,0.1555081654413828,0.0,45.0,0.7907407407407407,3.0,22.0,0.5,17.396296296296295
0.17647058823529413,0.32941176470588235,0.24705882352941178,0.19411764705882353,0.052941176470588235,0.21333333333333335,0.28,0.24,0.21333333333333335,0.05333333333333334,42.0,8.0,46.0,7.2492857142857146,2.1097619047619043,0.7745751500966724,8.0,S011,2025-03-10,erection,4.0,S011|erection,12.0,True,False,20.0,7.0,0.23923559271424305,-3.0,46.0,0.7907407407407407,3.0,22.0,0.5454545454545454,17.396296296296295
0.16477272727272727,0.29545454545454547,0.26136363636363635,0.21022727272727273,0.06818181818181818,0.16666666666666666,0.24358974358974358,0.23076923076923078,0.2692307692307692,0.08974358974358974,50.0,15.0,47.0,7.0772,2.592,0.731932321184793,8.0,S011,2025-03-17,erection,4.0,S011|erection,13.0,True,False,20.0,6.0,0.18333333333333335,6.0,47.0,0.7907407407407407,3.0,22.0,0.5909090909090909,17.396296296296295
0.14754098360655737,0.26229508196721313,0.2677595628415301,0.23497267759562843,0.08743169398907104,0.14102564102564102,0.24358974358974358,0.2692307692307692,0.2692307692307692,0.07692307692307693,48.0,5.0,48.0,6.913333333333334,2.5627083333333336,0.7295591953391228,8.0,S011,2025-03-24,erection,4.0,S011|erection,14.0,True,False,20.0,5.0,0.12830474746517578,7.0,48.0,0.7907407407407407,3.0,22.0,0.6363636363636364,17.396296296296295
0.12234042553191489,0.21808510638297873,0.2872340425531915,0.2553191489361702,0.11702127659574468,0.14285714285714285,0.22077922077922077,0.2987012987012987,0.24675324675324675,0.09090909090909091,48.0,10.0,49.0,6.7160416666666665,2.6195833333333334,0.7193992546472964,8.0,S011,2025-03-31,erection,4.0,S011|erection,15.0,True,False,20.0,4.0,0.324929282991022,5.0,49.0,0.7907407407407407,3.0,22.0,0.6818181818181818,17.396296296296295
0.10106382978723404,0.20212765957446807,0.2925531914893617,0.2712765957446808,0.13297872340425532,0.14084507042253522,0.22535211267605634,0.29577464788732394,0.23943661971830985,0.09859154929577464,42.0,3.0,50.0,6.6795238095238085,2.773333333333333,0.7066142763588736,8.0,S011,2025-04-07,erection,4.0,S011|erection,16.0,True,False,20.0,3.0,0.4053817271589486,0.0,50.0,0.7907407407407407,3.0,22.0,0.7272727272727273,17.396296296296295
0.08620689655172414,0.19540229885057472,0.2988505747126437,0.28160919540229884,0.13793103448275862,0.1076923076923077,0.18461538461538463,0.2923076923076923,0.27692307692307694,0.13846153846153847,36.0,4.0,51.0,6.665277777777778,2.463611111111111,0.7301302336903602,8.0,S011,2025-04-14,erection,4.0,S011|erection,17.0,True,False,20.0,2.0,0.35723615464994773,-14.0,51.0,0.7907407407407407,3.0,22.0,0.7727272727272727,17.396296296296295
0.0759493670886076,0.15822784810126583,0.310126582278481,0.3037974683544304,0.1518987341772152,0.09090909090909091,0.15151515151515152,0.25757575757575757,0.3333333333333333,0.16666666666666666,32.0,10.0,52.0,6.7165625,2.4434375,0.7332491812227074,8.0,S011,2025-04-21,erection,4.0,S011|erection,18.0,True,False,20.0,1.0,0.35131770076779406,-16.0,52.0,0.7907407407407407,3.0,22.0,0.8181818181818182,17.396296296296295
0.07142857142857142,0.12142857142857143,0.30714285714285716,0.3357142857142857,0.16428571428571428,0.08064516129032258,0.0967741935483871,0.2903225806451613,0.3387096774193548,0.1935483870967742,30.0,7.0,53.0,6.572666666666666,1.7756666666666667,0.7873028548612497,8.0,S011,2025-04-28,erection,4.0,S011|erection,19.0,True,False,20.0,0.0,0.29513677811550154,-18.0,53.0,0.7907407407407407,3.0,22.0,0.8636363636363636,17.396296296296295
0.06349206349206349,0.07936507936507936,0.29365079365079366,0.38095238095238093,0.18253968253968253,0.06349206349206349,0.1111111111111111,0.2698412698412698,0.36507936507936506,0.19047619047619047,28.0,9.0,54.0,6.591785714285715,2.0225,0.7652155887230515,7.0,S011,2025-05-05,grading,5.0,S011|grading,0.0,True,False,12.0,11.0,0.3206686930091185,-14.0,54.0,0.8203282828282829,4.0,14.0,0.0,11.48459595959596
0.0603448275862069,0.04310344827586207,0.3017241379310345,0.3879310344827586,0.20689655172413793,0.08196721311475409,0.08196721311475409,0.32786885245901637,0.32786885245901637,0.18032786885245902,26.0,13.0,55.0,6.8296153846153835,1.9515384615384617,0.7777583110682843,7.0,S011,2025-05-12,grading,5.0,S011|grading,1.0,True,False,12.0,10.0,0.3563218390804598,-10.0,55.0,0.8203282828282829,4.0,14.0,0.07142857142857142,11.48459595959596
0.07272727272727272,0.045454545454545456,0.3,0.35454545454545455,0.22727272727272727,0.1016949152542373,0.06779661016949153,0.288135593220339,0.3220338983050847,0.22033898305084745,26.0,3.0,56.0,6.7469230769230775,1.9988461538461537,0.7714499318351732,7.0,S011,2025-05-19,grading,5.0,S011|grading,2.0,True,False,12.0,9.0,0.25224395857307247,-6.0,56.0,0.8203282828282829,4.0,14.0,0.14285714285714285,11.48459595959596
0.08571428571428572,0.047619047619047616,0.3047619047619048,0.3142857142857143,0.24761904761904763,0.09433962264150944,0.05660377358490566,0.24528301886792453,0.32075471698113206,0.2830188679245283,25.0,4.0,57.0,7.0456,1.6428000000000003,0.8109203075364854,7.0,S011,2025-05-26,grading,5.0,S011|grading,3.0,True,False,12.0,8.0,0.1952380952380952,-5.0,57.0,0.8203282828282829,4.0,14.0,0.21428571428571427,11.48459595959596
0.10891089108910891,0.039603960396039604,0.3069306930693069,0.26732673267326734,0.27722772277227725,0.07142857142857142,0.03571428571428571,0.26785714285714285,0.32142857142857145,0.30357142857142855,24.0,6.0,58.0,6.77375,1.7441666666666666,0.7952355329452624,7.0,S011,2025-06-02,grading,5.0,S011|grading,4.0,True,False,12.0,7.0,0.30677353449630673,-4.0,58.0,0.8203282828282829,4.0,14.0,0.2857142857142857,11.48459595959596
0.1111111111111111,0.050505050505050504,0.2828282828282828,0.26262626262626265,0.29292929292929293,0.07142857142857142,0.05357142857142857,0.2857142857142857,0.30357142857142855,0.2857142857142857,24.0,4.0,59.0,6.752916666666667,1.7725000000000002,0.7920922731049314,7.0,S011,2025-06-09,grading,5.0,S011|grading,5.0,True,False,12.0,6.0,0.28840125391849525,-2.0,59.0,0.8203282828282829,4.0,14.0,0.35714285714285715,11.48459595959596
0.09375,0.0625,0.28125,0.2604166666666667,0.3020833333333333,0.08,0.04,0.34,0.24,0.3,23.0,4.0,60.0,6.641739130434782,2.5478260869565217,0.7227479182437546,7.0,S011,2025-06-16,grading,5.0,S011|grading,6.0,True,False,12.0,5.0,0.22575757575757574,-3.0,60.0,0.8203282828282829,4.0,14.0,0.42857142857142855,11.48459595959596
0.06521739130434782,0.08695652173913043,0.2608695652173913,0.2717391304347826,0.31521739130434784,0.06666666666666667,0.06666666666666667,0.28888888888888886,0.26666666666666666,0.3111111111111111,21.0,2.0,61.0,6.080952380952381,2.5104761904761905,0.7077929276133467,8.0,S011,2025-06-23,grading,5.0,S011|grading,7.0,True,False,12.0,4.0,0.2138716356107661,-4.0,61.0,0.8203282828282829,4.0,14.0,0.5,11.48459595959596
0.03260869565217391,0.10869565217391304,0.2826086956521739,0.2826086956521739,0.29347826086956524,0.07142857142857142,0.047619047619047616,0.35714285714285715,0.23809523809523808,0.2857142857142857,24.0,6.0,62.0,5.704583333333333,2.3691666666666666,0.7065593229086029,8.0,S011,2025-06-30,grading,5.0,S011|grading,8.0,True,False,12.0,3.0,0.20124838570813602,0.0,62.0,0.8203282828282829,4.0,14.0,0.5714285714285714,11.48459595959596
0.010752688172043012,0.11827956989247312,0.3225806451612903,0.25806451612903225,0.2903225806451613,0.030303030303030304,0.06060606060606061,0.36363636363636365,0.21212121212121213,0.3333333333333333,25.0,4.0,63.0,5.7536000000000005,2.2216,0.7214364530043134,8.0,S011,2025-07-07,grading,5.0,S011|grading,9.0,True,False,12.0,2.0,0.21505376344086025,1.0,63.0,0.8203282828282829,4.0,14.0,0.6428571428571429,11.48459595959596
0.0,0.11235955056179775,0.3258426966292135,0.2696629213483146,0.29213483146067415,0.0,0.06060606060606061,0.36363636363636365,0.30303030303030304,0.2727272727272727,19.0,3.0,64.0,6.234736842105263,2.526842105263158,0.711599687631405,7.0,S011,2025-07-14,grading,5.0,S011|grading,10.0,True,False,12.0,1.0,0.20739700374531833,-4.0,64.0,0.8203282828282829,4.0,14.0,0.7142857142857143,11.48459595959596
0.0,0.08045977011494253,0.3448275862068966,0.3103448275862069,0.26436781609195403,0.0,0.05714285714285714,0.37142857142857144,0.4,0.17142857142857143,19.0,6.0,65.0,6.409473684210527,1.726315789473684,0.7878121361107517,8.0,S011,2025-07-21,grading,5.0,S011|grading,11.0,True,False,12.0,0.0,0.24512743628185912,-2.0,65.0,0.8203282828282829,4.0,14.0,0.7857142857142857,11.48459595959596
0.0,0.05813953488372093,0.36046511627906974,0.32558139534883723,0.2558139534883721,0.0,0.07894736842105263,0.39473684210526316,0.34210526315789475,0.18421052631578946,23.0,9.0,66.0,6.31695652173913,1.871739130434783,0.7714240203886588,8.0,S011,2025-07-28,demobilisation,6.0,S011|demobilisation,0.0,False,False,,,0.24165824064711836,-1.0,66.0,0.8276911976911977,5.0,10.0,0.0,8.276911976911977
0.0,0.06329113924050633,0.3291139240506329,0.34177215189873417,0.26582278481012656,0.0,0.10256410256410256,0.358974358974359,0.358974358974359,0.1794871794871795,18.0,5.0,67.0,6.991666666666666,2.3966666666666665,0.7447186224036926,7.0,S011,2025-08-04,demobilisation,6.0,S011|demobilisation,1.0,False,False,,,0.18048182931808904,-7.0,67.0,0.8276911976911977,5.0,10.0,0.1,8.276911976911977
0.0,0.09090909090909091,0.3246753246753247,0.3246753246753247,0.2597402597402597,0.0,0.10526315789473684,0.3684210526315789,0.3684210526315789,0.15789473684210525,17.0,3.0,68.0,7.123529411764706,2.4682352941176466,0.7426714092971912,8.0,S011,2025-08-11,demobilisation,6.0,S011|demobilisation,2.0,False,False,,,0.11002480665402017,-2.0,68.0,0.8276911976911977,5.0,10.0,0.2,8.276911976911977
0.0,0.1232876712328767,0.3287671232876712,0.273972602739726,0.273972602739726,0.0,0.08333333333333333,0.3888888888888889,0.3611111111111111,0.16666666666666666,15.0,0.0,69.0,7.11,2.5826666666666664,0.7335442602654928,8.0,S011,2025-08-18,demobilisation,6.0,S011|demobilisation,3.0,False,False,,,0.10486537553141241,-4.0,69.0,0.8276911976911977,5.0,10.0,0.3,8.276911976911977
0.0,1.0,0.0,0.0,0.0,0.0,1.0,0.0,0.0,0.0,2.0,2.0,0.0,6.855,2.565,0.7277070063694268,2.0,S012,2023-10-16,clearing,1.0,S012|clearing,0.0,True,False,11.0,10.0,0.0,0.0,0.0,1.0,0.0,10.0,0.0,10.0
0.2,0.8,0.0,0.0,0.0,0.25,0.75,0.0,0.0,0.0,8.0,6.0,1.0,6.4,2.01375,0.7606596345268163,5.0,S012,2023-10-23,clearing,1.0,S012|clearing,1.0,True,False,11.0,9.0,0.0,0.0,1.0,1.0,0.0,10.0,0.1,10.0
0.34615384615384615,0.5769230769230769,0.07692307692307693,0.0,0.0,0.4375,0.4375,0.125,0.0,0.0,16.0,8.0,2.0,6.6118749999999995,2.0143750000000002,0.7664831183886394,7.0,S012,2023-10-30,clearing,1.0,S012|clearing,2.0,True,False,11.0,8.0,0.0,0.0,2.0,1.0,0.0,10.0,0.2,10.0
0.40816326530612246,0.46938775510204084,0.12244897959183673,0.0,0.0,0.4782608695652174,0.34782608695652173,0.17391304347826086,0.0,0.0,23.0,7.0,3.0,7.070434782608695,2.0743478260869566,0.7731659772738078,8.0,S012,2023-11-06,clearing,1.0,S012|clearing,3.0,True,False,11.0,7.0,0.0,0.0,3.0,1.0,0.0,10.0,0.3,10.0
0.4520547945205479,0.3972602739726027,0.1506849315068493,0.0,0.0,0.4642857142857143,0.35714285714285715,0.17857142857142858,0.0,0.0,26.0,5.0,4.0,6.862692307692307,1.9626923076923077,0.777608297742526,8.0,S012,2023-11-13,clearing,1.0,S012|clearing,4.0,True,False,11.0,6.0,1.2054794520547945,24.0,4.0,1.0,0.0,10.0,0.4,10.0
0.4845360824742268,0.36082474226804123,0.15463917525773196,0.0,0.0,0.4444444444444444,0.4166666666666667,0.1388888888888889,0.0,0.0,32.0,8.0,5.0,6.7471875,1.8756249999999999,0.7824810640379806,8.0,S012,2023-11-20,clearing,1.0,S012|clearing,5.0,True,False,11.0,5.0,0.8783505154639176,24.0,5.0,1.0,0.0,10.0,0.5,10.0
0.49107142857142855,0.35714285714285715,0.125,0.026785714285714284,0.0,0.4418604651162791,0.37209302325581395,0.11627906976744186,0.06976744186046512,0.0,31.0,7.0,6.0,6.6090322580645156,1.9174193548387095,0.7751210653753027,7.0,S012,2023-11-27,clearing,1.0,S012|clearing,6.0,True,False,11.0,4.0,0.4395604395604395,15.0,6.0,1.0,0.0,10.0,0.6,10.0
0.4789915966386555,0.36134453781512604,0.10084033613445378,0.05042016806722689,0.008403361344537815,0.4222222222222222,0.35555555555555557,0.13333333333333333,0.06666666666666667,0.022222222222222223,30.0,2.0,7.0,6.810666666666666,2.1233333333333335,0.7623311693157228,8.0,S012,2023-12-04,clearing,1.0,S012|clearing,7.0,True,False,11.0,3.0,0.2593037214885955,7.0,7.0,1.0,0.0,10.0,0.7,10.0
0.45454545454545453,0.371900826446281,0.09090909090909091,0.06611570247933884,0.01652892561983471,0.42,0.32,0.16,0.08,0.02,28.0,7.0,8.0,6.715357142857143,2.0932142857142857,0.7623662017515407,8.0,S012,2023-12-11,clearing,1.0,S012|clearing,8.0,True,False,11.0,2.0,0.1702705762481603,2.0,8.0,1.0,0.0,10.0,0.8,10.0
0.42105263157894735,0.3508771929824561,0.11403508771929824,0.08771929824561403,0.02631578947368421,0.4375,0.25,0.20833333333333334,0.08333333333333333,0.020833333333333332,25.0,4.0,9.0,6.774,2.02,0.7702979304070957,8.0,S012,2023-12-18,clearing,1.0,S012|clearing,9.0,True,False,11.0,1.0,0.22807017543859653,-7.0,9.0,1.0,0.0,10.0,0.9,10.0
0.4090909090909091,0.3,0.16363636363636364,0.09090909090909091,0.03636363636363636,0.4444444444444444,0.24444444444444444,0.17777777777777778,0.1111111111111111,0.022222222222222223,27.0,5.0,10.0,7.097407407407407,2.1444444444444444,0.7679637718911553,8.0,S012,2023-12-25,clearing,1.0,S012|clearing,10.0,True,False,11.0,0.0,0.27824675324675324,-4.0,10.0,1.0,0.0,10.0,1.0,10.0
0.39603960396039606,0.25742574257425743,0.21782178217821782,0.09900990099009901,0.0297029702970297,0.4146341463414634,0.2682926829268293,0.14634146341463414,0.14634146341463414,0.024390243902439025,21.0,3.0,11.0,6.9333333333333345,2.1323809523809523,0.7647862170396051,7.0,S012,2024-01-01,excavation,2.0,S012|excavation,0.0,True,False,19.0,18.0,0.37374157583825607,-9.0,11.0,1.1,1.0,16.0,0.0,17.6
0.4318181818181818,0.2159090909090909,0.22727272727272727,0.10227272727272728,0.022727272727272728,0.5,0.22727272727272727,0.11363636363636363,0.13636363636363635,0.022727272727272728,15.0,8.0,12.0,6.871333333333334,1.8093333333333335,0.7915674679364104,6.0,S012,2024-01-08,excavation,2.0,S012|excavation,1.0,True,False,19.0,17.0,0.35743801652892554,-13.0,12.0,1.1,1.0,16.0,0.0625,17.6
0.4642857142857143,0.23809523809523808,0.17857142857142858,0.09523809523809523,0.023809523809523808,0.4666666666666667,0.2222222222222222,0.13333333333333333,0.13333333333333333,0.044444444444444446,21.0,9.0,13.0,6.936666666666666,1.898571428571429,0.7851137221084401,7.0,S012,2024-01-15,excavation,2.0,S012|excavation,2.0,True,False,19.0,16.0,0.23057644110275693,-4.0,13.0,1.1,1.0,16.0,0.125,17.6
0.4457831325301205,0.3132530120481928,0.14457831325301204,0.07228915662650602,0.024096385542168676,0.4222222222222222,0.28888888888888886,0.17777777777777778,0.06666666666666667,0.044444444444444446,26.0,7.0,14.0,7.200769230769231,2.075,0.7762988763113156,7.0,S012,2024-01-22,excavation,2.0,S012|excavation,3.0,True,False,19.0,15.0,0.09989047097480833,-1.0,14.0,1.1,1.0,16.0,0.1875,17.6
0.4888888888888889,0.3333333333333333,0.1111111111111111,0.03333333333333333,0.03333333333333333,0.4897959183673469,0.2653061224489796,0.16326530612244897,0.061224489795918366,0.02040816326530612,28.0,6.0,15.0,7.038571428571428,1.9767857142857141,0.7807312918432833,8.0,S012,2024-01-29,excavation,2.0,S012|excavation,4.0,True,False,19.0,14.0,0.34477447744774475,7.0,15.0,1.1,1.0,16.0,0.25,17.6
0.4752475247524752,0.33663366336633666,0.12871287128712872,0.019801980198019802,0.039603960396039604,0.5227272727272727,0.25,0.1590909090909091,0.045454545454545456,0.022727272727272728,26.0,2.0,16.0,7.068076923076922,1.9388461538461539,0.784738235545307,8.0,S012,2024-02-05,excavation,2.0,S012|excavation,5.0,True,False,19.0,13.0,0.36206120612061204,11.0,16.0,1.1,1.0,16.0,0.3125,17.6
0.5045871559633027,0.30275229357798167,0.14678899082568808,0.009174311926605505,0.03669724770642202,0.6041666666666666,0.22916666666666666,0.10416666666666667,0.041666666666666664,0.020833333333333332,29.0,8.0,17.0,7.079655172413792,2.0986206896551725,0.771349137769095,8.0,S012,2024-02-12,excavation,2.0,S012|excavation,6.0,True,False,19.0,12.0,0.23569244211446044,8.0,17.0,1.1,1.0,16.0,0.375,17.6
0.5514018691588785,0.2616822429906542,0.14018691588785046,0.009345794392523364,0.037383177570093455,0.5531914893617021,0.2553191489361702,0.1276595744680851,0.0425531914893617,0.02127659574468085,24.0,4.0,18.0,7.107916666666667,2.1016666666666666,0.771795683843822,7.0,S012,2024-02-19,excavation,2.0,S012|excavation,7.0,True,False,19.0,11.0,0.2378110573133656,-2.0,18.0,1.1,1.0,16.0,0.4375,17.6
0.5420560747663551,0.2616822429906542,0.1308411214953271,0.028037383177570093,0.037383177570093455,0.5094339622641509,0.3018867924528302,0.1320754716981132,0.03773584905660377,0.018867924528301886,28.0,9.0,19.0,7.2371428571428575,2.1517857142857144,0.7708166913918368,7.0,S012,2024-02-26,excavation,2.0,S012|excavation,8.0,True,False,19.0,10.0,0.15389408099688467,0.0,19.0,1.1,1.0,16.0,0.5,17.6
0.5135135135135135,0.25225225225225223,0.11711711711711711,0.07207207207207207,0.04504504504504504,0.4339622641509434,0.2830188679245283,0.1509433962264151,0.09433962264150944,0.03773584905660377,30.0,8.0,20.0,6.804333333333334,1.8513333333333335,0.7861131436053453,7.0,S012,2024-03-04,excavation,2.0,S012|excavation,9.0,True,False,19.0,9.0,0.191954330568192,4.0,20.0,1.1,1.0,16.0,0.5625,17.6
0.44642857142857145,0.26785714285714285,0.10714285714285714,0.13392857142857142,0.044642857142857144,0.4489795918367347,0.24489795918367346,0.14285714285714285,0.14285714285714285,0.02040816326530612,30.0,5.0,21.0,6.606666666666667,1.8223333333333334,0.7838019535729822,7.0,S012,2024-03-11,excavation,2.0,S012|excavation,10.0,True,False,19.0,8.0,0.2653997378768021,1.0,21.0,1.1,1.0,16.0,0.625,17.6
0.37606837606837606,0.26495726495726496,0.11965811965811966,0.19658119658119658,0.042735042735042736,0.4782608695652174,0.17391304347826086,0.13043478260869565,0.1956521739130435,0.021739130434782608,29.0,4.0,22.0,6.816206896551724,1.9337931034482758,0.7789950738916256,8.0,S012,2024-03-18,excavation,2.0,S012|excavation,11.0,True,False,19.0,7.0,0.39172457864046645,5.0,22.0,1.1,1.0,16.0,0.6875,17.6
0.336283185840708,0.24778761061946902,0.13274336283185842,0.23893805309734514,0.04424778761061947,0.4318181818181818,0.18181818181818182,0.1590909090909091,0.20454545454545456,0.022727272727272728,24.0,4.0,23.0,7.603333333333333,2.3341666666666665,0.7651153039832285,8.0,S012,2024-03-25,excavation,2.0,S012|excavation,12.0,True,False,19.0,6.0,0.4393350425936647,-4.0,23.0,1.1,1.0,16.0,0.75,17.6
0.3113207547169811,0.24528301886792453,0.1320754716981132,0.27358490566037735,0.03773584905660377,0.41304347826086957,0.1956521739130435,0.15217391304347827,0.21739130434782608,0.021739130434782608,23.0,4.0,24.0,7.457826086956522,2.7256521739130437,0.7323456579284434,8.0,S012,2024-04-01,excavation,2.0,S012|excavation,13.0,True,False,19.0,5.0,0.4329423763386027,-7.0,24.0,1.1,1.0,16.0,0.8125,17.6
0.29896907216494845,0.2268041237113402,0.15463917525773196,0.27835051546391754,0.041237113402061855,0.2926829268292683,0.24390243902439024,0.1951219512195122,0.24390243902439024,0.024390243902439025,21.0,3.0,25.0,7.827142857142856,2.8442857142857143,0.7334672021419009,8.0,S012,2024-04-08,excavation,2.0,S012|excavation,14.0,True,False,19.0,4.0,0.3838365243004419,-9.0,25.0,1.1,1.0,16.0,0.875,17.6
0.29545454545454547,0.2159090909090909,0.18181818181818182,0.25,0.056818181818181816,0.2619047619047619,0.23809523809523808,0.19047619047619047,0.2619047619047619,0.047619047619047616,20.0,5.0,26.0,7.56,2.7369999999999997,0.734194425560843,8.0,S012,2024-04-15,excavation,2.0,S012|excavation,15.0,True,False,19.0,3.0,0.25932400932400934,-9.0,26.0,1.1,1.0,16.0,0.9375,17.6
0.2619047619047619,0.2261904761904762,0.19047619047619047,0.25,0.07142857142857142,0.2777777777777778,0.16666666666666666,0.19444444444444445,0.3055555555555556,0.05555555555555555,20.0,3.0,27.0,7.2355,2.492,0.7438190696479055,8.0,S012,2024-04-22,excavation,2.0,S012|excavation,16.0,True,False,19.0,2.0,0.19195111672987775,-4.0,27.0,1.1,1.0,16.0,1.0,17.6
0.23076923076923078,0.23076923076923078,0.23076923076923078,0.23076923076923078,0.07692307692307693,0.25806451612903225,0.22580645161290322,0.22580645161290322,0.25806451612903225,0.03225806451612903,17.0,3.0,28.0,6.641176470588235,2.5352941176470587,0.7237179487179487,7.0,S012,2024-04-29,excavation,2.0,S012|excavation,17.0,True,False,19.0,1.0,0.27576197387518137,-6.0,28.0,1.1,1.0,16.0,1.0625,17.6
0.21428571428571427,0.24285714285714285,0.2714285714285714,0.2,0.07142857142857142,0.23333333333333334,0.2,0.3333333333333333,0.2,0.03333333333333333,13.0,4.0,29.0,6.377692307692308,2.0746153846153845,0.7545504186385148,8.0,S012,2024-05-06,excavation,2.0,S012|excavation,18.0,True,False,19.0,0.0,0.32606774668630334,-8.0,29.0,1.1,1.0,16.0,1.125,17.6
0.23076923076923078,0.23076923076923078,0.3076923076923077,0.18461538461538463,0.046153846153846156,0.28125,0.1875,0.34375,0.15625,0.03125,15.0,6.0,30.0,6.124666666666666,1.6280000000000001,0.7900077392725083,8.0,S012,2024-05-13,foundation,3.0,S012|foundation,0.0,True,False,21.0,20.0,0.28146853146853146,-5.0,30.0,1.14375,2.0,18.0,0.0,20.587500000000002
0.26785714285714285,0.21428571428571427,0.3392857142857143,0.16071428571428573,0.017857142857142856,0.21875,0.25,0.3125,0.1875,0.03125,11.0,4.0,31.0,6.759090909090909,1.9199999999999997,0.778778673928983,7.0,S012,2024-05-20,foundation,3.0,S012|foundation,1.0,True,False,21.0,19.0,0.3095238095238095,-9.0,31.0,1.14375,2.0,18.0,0.05555555555555555,20.587500000000002
0.28846153846153844,0.19230769230769232,0.38461538461538464,0.1346153846153846,0.0,0.1935483870967742,0.22580645161290322,0.3870967741935484,0.16129032258064516,0.03225806451612903,13.0,3.0,32.0,6.738461538461539,1.9169230769230767,0.7785282616423748,7.0,S012,2024-05-27,foundation,3.0,S012|foundation,2.0,True,False,21.0,18.0,0.4230769230769231,-4.0,32.0,1.14375,2.0,18.0,0.1111111111111111,20.587500000000002
0.3103448275862069,0.1896551724137931,0.3620689655172414,0.13793103448275862,0.0,0.23529411764705882,0.2647058823529412,0.3235294117647059,0.14705882352941177,0.029411764705882353,19.0,6.0,33.0,6.5736842105263165,2.245789473684211,0.7453601479978517,8.0,S012,2024-06-03,foundation,3.0,S012|foundation,3.0,True,False,21.0,17.0,0.37339901477832516,6.0,33.0,1.14375,2.0,18.0,0.16666666666666666,20.587500000000002
0.2857142857142857,0.2222222222222222,0.3333333333333333,0.15873015873015872,0.0,0.24242424242424243,0.24242424242424243,0.36363636363636365,0.15151515151515152,0.0,20.0,4.0,34.0,6.675999999999999,2.0589999999999997,0.7642816256439611,8.0,S012,2024-06-10,foundation,3.0,S012|foundation,4.0,True,False,21.0,16.0,0.16117216117216115,5.0,34.0,1.14375,2.0,18.0,0.2222222222222222,20.587500000000002
0.25,0.25,0.3382352941176471,0.16176470588235295,0.0,0.22580645161290322,0.25806451612903225,0.3870967741935484,0.12903225806451613,0.0,16.0,1.0,35.0,6.480625,2.18,0.7482860648047919,7.0,S012,2024-06-17,foundation,3.0,S012|foundation,5.0,True,False,21.0,15.0,0.07352941176470587,5.0,35.0,1.14375,2.0,18.0,0.2777777777777778,20.587500000000002
0.2571428571428571,0.2714285714285714,0.2857142857142857,0.17142857142857143,0.014285714285714285,0.2647058823529412,0.2647058823529412,0.3235294117647059,0.11764705882352941,0.029411764705882353,15.0,6.0,36.0,7.0233333333333325,2.470666666666667,0.7397654659082928,7.0,S012,2024-06-24,foundation,3.0,S012|foundation,6.0,True,False,21.0,14.0,0.26043956043956046,2.0,36.0,1.14375,2.0,18.0,0.3333333333333333,20.587500000000002
0.23880597014925373,0.2835820895522388,0.2537313432835821,0.19402985074626866,0.029850746268656716,0.29411764705882354,0.29411764705882354,0.2647058823529412,0.11764705882352941,0.029411764705882353,16.0,4.0,37.0,7.148125,3.098125,0.6976332804684641,7.0,S012,2024-07-01,foundation,3.0,S012|foundation,7.0,True,False,21.0,13.0,0.3597529593412249,-3.0,37.0,1.14375,2.0,18.0,0.3888888888888889,20.587500000000002
0.25,0.296875,0.234375,0.171875,0.046875,0.26666666666666666,0.3333333333333333,0.26666666666666666,0.1,0.03333333333333333,17.0,2.0,38.0,6.9541176470588235,2.9605882352941175,0.7013942450311481,8.0,S012,2024-07-08,foundation,3.0,S012|foundation,8.0,True,False,21.0,12.0,0.2693452380952381,-3.0,38.0,1.14375,2.0,18.0,0.4444444444444444,20.587500000000002
0.30303030303030304,0.30303030303030304,0.19696969696969696,0.15151515151515152,0.045454545454545456,0.3333333333333333,0.2727272727272727,0.24242424242424243,0.12121212121212122,0.030303030303030304,18.0,7.0,39.0,6.8500000000000005,2.9027777777777772,0.7023639988607234,8.0,S012,2024-07-15,foundation,3.0,S012|foundation,9.0,True,False,21.0,11.0,0.3030303030303031,2.0,39.0,1.14375,2.0,18.0,0.5,20.587500000000002
0.352112676056338,0.30985915492957744,0.18309859154929578,0.1267605633802817,0.028169014084507043,0.40625,0.28125,0.15625,0.125,0.03125,20.0,2.0,40.0,6.9515,2.8864999999999994,0.7065968692823745,8.0,S012,2024-07-22,foundation,3.0,S012|foundation,10.0,True,False,21.0,10.0,0.2945674044265594,5.0,40.0,1.14375,2.0,18.0,0.5555555555555556,20.587500000000002
0.3918918918918919,0.3108108108108108,0.16216216216216217,0.12162162162162163,0.013513513513513514,0.3448275862068966,0.27586206896551724,0.1724137931034483,0.1724137931034483,0.034482758620689655,19.0,3.0,41.0,6.76736842105263,2.8978947368421055,0.7001742539751689,8.0,S012,2024-07-29,foundation,3.0,S012|foundation,11.0,True,False,21.0,9.0,0.3606292860024204,3.0,41.0,1.14375,2.0,18.0,0.6111111111111112,20.587500000000002
0.3918918918918919,0.3108108108108108,0.14864864864864866,0.14864864864864866,0.0,0.3793103448275862,0.3103448275862069,0.13793103448275862,0.13793103448275862,0.034482758620689655,17.0,4.0,42.0,6.498823529411764,1.9447058823529408,0.769680925177651,8.0,S012,2024-08-05,foundation,3.0,S012|foundation,12.0,True,False,21.0,8.0,0.3116554054054054,0.0,42.0,1.14375,2.0,18.0,0.6666666666666666,20.587500000000002
0.36486486486486486,0.2972972972972973,0.14864864864864866,0.1891891891891892,0.0,0.36666666666666664,0.26666666666666666,0.13333333333333333,0.2,0.03333333333333333,18.0,2.0,43.0,6.388888888888888,1.8916666666666668,0.7715531700771553,8.0,S012,2024-08-12,foundation,3.0,S012|foundation,13.0,True,False,21.0,7.0,0.199017199017199,0.0,43.0,1.14375,2.0,18.0,0.7222222222222222,20.587500000000002
0.3380281690140845,0.28169014084507044,0.15492957746478872,0.22535211267605634,0.0,0.3793103448275862,0.20689655172413793,0.20689655172413793,0.20689655172413793,0.0,17.0,5.0,44.0,6.235882352941176,1.726470588235294,0.7831708037825059,7.0,S012,2024-08-19,foundation,3.0,S012|foundation,14.0,True,False,21.0,6.0,0.19718309859154926,-3.0,44.0,1.14375,2.0,18.0,0.7777777777777778,20.587500000000002
0.323943661971831,0.2535211267605634,0.16901408450704225,0.2535211267605634,0.0,0.3870967741935484,0.16129032258064516,0.1935483870967742,0.25806451612903225,0.0,19.0,6.0,45.0,6.387894736842106,1.7257894736842105,0.7872989102231449,8.0,S012,2024-08-26,foundation,3.0,S012|foundation,15.0,True,False,21.0,5.0,0.2775028549676436,0.0,45.0,1.14375,2.0,18.0,0.8333333333333334,20.587500000000002
0.3333333333333333,0.21333333333333335,0.17333333333333334,0.26666666666666666,0.013333333333333334,0.35294117647058826,0.14705882352941177,0.17647058823529413,0.29411764705882354,0.029411764705882353,21.0,5.0,46.0,6.892380952380954,1.8147619047619048,0.7915777960076565,7.0,S012,2024-09-02,foundation,3.0,S012|foundation,16.0,True,False,21.0,4.0,0.312072072072072,4.0,46.0,1.14375,2.0,18.0,0.8888888888888888,20.587500000000002
0.3048780487804878,0.18292682926829268,0.21951219512195122,0.2682926829268293,0.024390243902439025,0.2571428571428571,0.17142857142857143,0.2571428571428571,0.2857142857142857,0.02857142857142857,25.0,8.0,47.0,7.321999999999999,2.1648,0.7718092507484083,8.0,S012,2024-09-09,foundation,3.0,S012|foundation,17.0,True,False,21.0,3.0,0.3487145682267634,7.0,47.0,1.14375,2.0,18.0,0.9444444444444444,20.587500000000002
0.25,0.17391304347826086,0.2608695652173913,0.2717391304347826,0.043478260869565216,0.175,0.2,0.275,0.3,0.05,27.0,7.0,48.0,7.494444444444444,2.9937037037037038,0.714563175365492,7.0,S012,2024-09-16,foundation,3.0,S012|foundation,18.0,True,False,21.0,2.0,0.39161053276178803,10.0,48.0,1.14375,2.0,18.0,1.0,20.587500000000002
0.1792452830188679,0.16037735849056603,0.3490566037735849,0.2641509433962264,0.04716981132075472,0.15555555555555556,0.13333333333333333,0.4,0.26666666666666666,0.044444444444444446,33.0,8.0,49.0,7.163939393939394,2.8303030303030305,0.7168066462508718,8.0,S012,2024-09-23,foundation,3.0,S012|foundation,19.0,True,False,21.0,1.0,0.4756842944459208,14.0,49.0,1.14375,2.0,18.0,1.0555555555555556,20.587500000000002
0.13793103448275862,0.16379310344827586,0.4051724137931034,0.25,0.04310344827586207,0.16279069767441862,0.13953488372093023,0.3953488372093023,0.2558139534883721,0.046511627906976744,31.0,2.0,50.0,7.445483870967742,3.059032258064516,0.7087888465790444,8.0,S012,2024-09-30,foundation,3.0,S012|foundation,20.0,True,False,21.0,0.0,0.5232183908045976,10.0,50.0,1.14375,2.0,18.0,1.1111111111111112,20.587500000000002
0.11965811965811966,0.19658119658119658,0.41025641025641024,0.2222222222222222,0.05128205128205128,0.15217391304347827,0.21739130434782608,0.3695652173913043,0.1956521739130435,0.06521739130434782,26.0,5.0,51.0,7.142307692307692,3.2526923076923073,0.6870906870906871,7.0,S012,2024-10-07,erection,4.0,S012|erection,0.0,True,False,22.0,21.0,0.4625807796539504,1.0,51.0,1.1513888888888888,3.0,22.0,0.0,25.330555555555552
0.10091743119266056,0.22935779816513763,0.41284403669724773,0.21100917431192662,0.045871559633027525,0.10416666666666667,0.2708333333333333,0.3333333333333333,0.22916666666666666,0.0625,19.0,7.0,52.0,7.497894736842106,3.0921052631578947,0.7080165001739477,6.0,S012,2024-10-14,erection,4.0,S012|erection,1.0,True,False,22.0,20.0,0.41962504986039095,-8.0,52.0,1.1513888888888888,3.0,22.0,0.045454545454545456,25.330555555555552
0.15306122448979592,0.2755102040816326,0.336734693877551,0.17346938775510204,0.061224489795918366,0.1836734693877551,0.24489795918367346,0.30612244897959184,0.1836734693877551,0.08163265306122448,22.0,7.0,53.0,6.888181818181818,2.6100000000000003,0.7252105666156202,6.0,S012,2024-10-21,erection,4.0,S012|erection,2.0,True,False,22.0,19.0,0.2583750481324605,-11.0,53.0,1.1513888888888888,3.0,22.0,0.09090909090909091,25.330555555555552
0.1978021978021978,0.32967032967032966,0.23076923076923078,0.15384615384615385,0.08791208791208792,0.16326530612244897,0.2653061224489796,0.30612244897959184,0.1836734693877551,0.08163265306122448,24.0,5.0,54.0,7.0737499999999995,2.682083333333333,0.7250790125565901,7.0,S012,2024-10-28,erection,4.0,S012|erection,3.0,True,False,22.0,18.0,0.5411140583554376,-7.0,54.0,1.1513888888888888,3.0,22.0,0.13636363636363635,25.330555555555552
0.2608695652173913,0.29347826086956524,0.16304347826086957,0.16304347826086957,0.11956521739130435,0.20408163265306123,0.24489795918367346,0.2653061224489796,0.16326530612244897,0.12244897959183673,27.0,8.0,55.0,6.619629629629628,2.2711111111111113,0.7445532180795668,7.0,S012,2024-11-04,erection,4.0,S012|erection,4.0,True,False,22.0,17.0,0.6127833519137866,1.0,55.0,1.1513888888888888,3.0,22.0,0.18181818181818182,25.330555555555552
0.28846153846153844,0.23076923076923078,0.1346153846153846,0.17307692307692307,0.17307692307692307,0.21568627450980393,0.19607843137254902,0.2549019607843137,0.17647058823529413,0.1568627450980392,31.0,9.0,56.0,6.419677419354839,2.594193548387097,0.7121998353791648,8.0,S012,2024-11-11,erection,4.0,S012|erection,5.0,True,False,22.0,16.0,0.6323218066337332,12.0,56.0,1.1513888888888888,3.0,22.0,0.22727272727272727,25.330555555555552
0.25210084033613445,0.20168067226890757,0.13445378151260504,0.20168067226890757,0.21008403361344538,0.2222222222222222,0.24074074074074073,0.14814814814814814,0.18518518518518517,0.2037037037037037,37.0,11.0,57.0,6.538108108108108,2.4918918918918918,0.7240429798569333,8.0,S012,2024-11-18,erection,4.0,S012|erection,6.0,True,False,22.0,15.0,0.5522208883553421,15.0,57.0,1.1513888888888888,3.0,22.0,0.2727272727272727,25.330555555555552
0.22794117647058823,0.17647058823529413,0.18382352941176472,0.19852941176470587,0.21323529411764705,0.21311475409836064,0.21311475409836064,0.21311475409836064,0.16393442622950818,0.19672131147540983,41.0,9.0,58.0,6.706829268292683,2.9521951219512195,0.6943588707641027,8.0,S012,2024-11-25,erection,4.0,S012|erection,7.0,True,False,22.0,14.0,0.4002908855850032,17.0,58.0,1.1513888888888888,3.0,22.0,0.3181818181818182,25.330555555555552
0.18543046357615894,0.17218543046357615,0.24503311258278146,0.1986754966887417,0.1986754966887417,0.19696969696969696,0.15151515151515152,0.25757575757575757,0.19696969696969696,0.19696969696969696,42.0,10.0,59.0,6.983809523809524,2.745238095238095,0.7178307473936666,8.0,S012,2024-12-02,erection,4.0,S012|erection,8.0,True,False,22.0,13.0,0.39346386409444284,15.0,59.0,1.1513888888888888,3.0,22.0,0.36363636363636365,25.330555555555552
0.16049382716049382,0.1728395061728395,0.2839506172839506,0.20987654320987653,0.1728395061728395,0.19402985074626866,0.11940298507462686,0.2537313432835821,0.22388059701492538,0.208955223880597,42.0,8.0,60.0,6.970714285714287,2.701904761904762,0.7206646153846153,8.0,S012,2024-12-09,erection,4.0,S012|erection,9.0,True,False,22.0,12.0,0.3722697056030389,11.0,60.0,1.1513888888888888,3.0,22.0,0.4090909090909091,25.330555555555552
0.14375,0.16875,0.3,0.23125,0.15625,0.109375,0.140625,0.28125,0.265625,0.203125,35.0,4.0,61.0,6.926000000000001,1.8282857142857143,0.7911553524804179,8.0,S012,2024-12-16,erection,4.0,S012|erection,10.0,True,False,22.0,11.0,0.39023109243697485,-2.0,61.0,1.1513888888888888,3.0,22.0,0.45454545454545453,25.330555555555552
0.11464968152866242,0.17834394904458598,0.3057324840764331,0.2611464968152866,0.14012738853503184,0.11267605633802817,0.15492957746478872,0.29577464788732394,0.2535211267605634,0.18309859154929578,38.0,12.0,62.0,6.901052631578947,1.8394736842105261,0.7895465767447462,8.0,S012,2024-12-23,erection,4.0,S012|erection,11.0,True,False,22.0,10.0,0.372798801049082,-3.0,62.0,1.1513888888888888,3.0,22.0,0.5,25.330555555555552
0.10828025477707007,0.1910828025477707,0.28662420382165604,0.28662420382165604,0.12738853503184713,0.1388888888888889,0.1527777777777778,0.2916666666666667,0.2638888888888889,0.1527777777777778,42.0,9.0,63.0,6.970000000000001,1.9366666666666668,0.7825598802395209,8.0,S012,2024-12-30,erection,4.0,S012|erection,12.0,True,False,22.0,9.0,0.29687434091196696,0.0,63.0,1.1513888888888888,3.0,22.0,0.5454545454545454,25.330555555555552
0.10828025477707007,0.21019108280254778,0.27388535031847133,0.3057324840764331,0.10191082802547771,0.13432835820895522,0.16417910447761194,0.31343283582089554,0.26865671641791045,0.11940298507462686,42.0,4.0,64.0,6.744523809523809,1.809761904761905,0.7884379870852817,8.0,S012,2025-01-06,erection,4.0,S012|erection,13.0,True,False,22.0,8.0,0.26641503499252966,0.0,64.0,1.1513888888888888,3.0,22.0,0.5909090909090909,25.330555555555552
0.10828025477707007,0.21019108280254778,0.28662420382165604,0.31210191082802546,0.08280254777070063,0.13114754098360656,0.16393442622950818,0.32786885245901637,0.2786885245901639,0.09836065573770492,35.0,5.0,65.0,6.728571428571429,1.6888571428571428,0.7993618682325787,8.0,S012,2025-01-13,erection,4.0,S012|erection,14.0,True,False,22.0,7.0,0.24458598726114644,0.0,65.0,1.1513888888888888,3.0,22.0,0.6363636363636364,25.330555555555552
0.11486486486486487,0.19594594594594594,0.2905405405405405,0.3310810810810811,0.06756756756756757,0.1111111111111111,0.16666666666666666,0.2962962962962963,0.3333333333333333,0.09259259259259259,29.0,2.0,66.0,6.37551724137931,1.4462068965517239,0.8151038222457347,8.0,S012,2025-01-20,erection,4.0,S012|erection,15.0,True,False,22.0,6.0,0.17550352900671373,-9.0,66.0,1.1513888888888888,3.0,22.0,0.6818181818181818,25.330555555555552
0.11538461538461539,0.19230769230769232,0.2846153846153846,0.35384615384615387,0.05384615384615385,0.13725490196078433,0.19607843137254902,0.29411764705882354,0.3137254901960784,0.058823529411764705,24.0,7.0,67.0,5.847083333333333,1.2770833333333333,0.8207392677506141,7.0,S012,2025-01-27,erection,4.0,S012|erection,16.0,True,False,22.0,5.0,0.15110240078392947,-18.0,67.0,1.1513888888888888,3.0,22.0,0.7272727272727273,25.330555555555552
0.125,0.1875,0.25892857142857145,0.36607142857142855,0.0625,0.14583333333333334,0.20833333333333334,0.3125,0.2708333333333333,0.0625,24.0,5.0,68.0,5.815,1.28875,0.8185817349991201,8.0,S012,2025-02-03,erection,4.0,S012|erection,17.0,True,False,22.0,4.0,0.15411737943585074,-18.0,68.0,1.1513888888888888,3.0,22.0,0.7727272727272727,25.330555555555552
0.14285714285714285,0.2,0.21904761904761905,0.37142857142857144,0.06666666666666667,0.1568627450980392,0.23529411764705882,0.29411764705882354,0.23529411764705882,0.0784313725490196,28.0,7.0,69.0,6.100357142857144,1.4992857142857143,0.8027162930588844,8.0,S012,2025-02-10,erection,4.0,S012|erection,18.0,True,False,22.0,3.0,0.1878070973612375,-7.0,69.0,1.1513888888888888,3.0,22.0,0.8181818181818182,25.330555555555552
0.1568627450980392,0.23529411764705882,0.17647058823529413,0.35294117647058826,0.0784313725490196,0.17073170731707318,0.2682926829268293,0.2682926829268293,0.21951219512195122,0.07317073170731707,26.0,2.0,70.0,6.135769230769231,1.485769230769231,0.8050565199838514,8.0,S012,2025-02-17,erection,4.0,S012|erection,19.0,True,False,22.0,2.0,0.2281399046104928,-3.0,70.0,1.1513888888888888,3.0,22.0,0.8636363636363636,25.330555555555552
0.16981132075471697,0.24528301886792453,0.16981132075471697,0.330188679245283,0.08490566037735849,0.10810810810810811,0.2702702702702703,0.32432432432432434,0.21621621621621623,0.08108108108108109,28.0,5.0,71.0,6.346785714285715,1.6117857142857144,0.7974780111290612,8.0,S012,2025-02-24,erection,4.0,S012|erection,20.0,True,False,22.0,1.0,0.27692307692307694,4.0,71.0,1.1513888888888888,3.0,22.0,0.9090909090909091,25.330555555555552
0.15789473684210525,0.2719298245614035,0.17543859649122806,0.3157894736842105,0.07894736842105263,0.09090909090909091,0.3409090909090909,0.2727272727272727,0.20454545454545456,0.09090909090909091,32.0,11.0,72.0,6.7125,1.6453125,0.8031407739764442,8.0,S012,2025-03-03,erection,4.0,S012|erection,21.0,True,False,22.0,0.0,0.26754385964912286,8.0,72.0,1.1513888888888888,3.0,22.0,0.9545454545454546,25.330555555555552
0.11570247933884298,0.2892561983471074,0.17355371900826447,0.30578512396694213,0.11570247933884298,0.0784313725490196,0.27450980392156865,0.23529411764705882,0.23529411764705882,0.17647058823529413,35.0,12.0,73.0,6.928571428571429,1.768857142857143,0.796622975592129,8.0,S012,2025-03-10,grading,5.0,S012|grading,0.0,True,False,14.0,13.0,0.27658402203856747,7.0,73.0,1.1135416666666667,4.0,14.0,0.0,15.589583333333334
0.08771929824561403,0.24561403508771928,0.16666666666666666,0.3333333333333333,0.16666666666666666,0.07692307692307693,0.2692307692307692,0.23076923076923078,0.25,0.17307692307692307,19.0,3.0,74.0,6.964736842105262,1.8,0.7946315979102864,8.0,S012,2025-03-17,grading,5.0,S012|grading,1.0,True,False,14.0,12.0,0.1971104231166151,-7.0,74.0,1.1135416666666667,4.0,14.0,0.07142857142857142,15.589583333333334
0.044642857142857144,0.19642857142857142,0.16964285714285715,0.35714285714285715,0.23214285714285715,0.05454545454545454,0.23636363636363636,0.23636363636363636,0.2545454545454545,0.21818181818181817,26.0,10.0,75.0,6.503461538461538,1.8642307692307691,0.7772108843537415,8.0,S012,2025-03-24,grading,5.0,S012|grading,2.0,True,False,14.0,11.0,0.34838274932614555,-2.0,75.0,1.1135416666666667,4.0,14.0,0.14285714285714285,15.589583333333334
0.009259259259259259,0.12962962962962962,0.17592592592592593,0.3888888888888889,0.2962962962962963,0.03636363636363636,0.23636363636363636,0.21818181818181817,0.2909090909090909,0.21818181818181817,28.0,5.0,76.0,6.378571428571429,1.8832142857142855,0.7720572342540959,8.0,S012,2025-03-31,grading,5.0,S012|grading,3.0,True,False,14.0,10.0,0.5818713450292399,-4.0,76.0,1.1135416666666667,4.0,14.0,0.21428571428571427,15.589583333333334
0.020618556701030927,0.061855670103092786,0.21649484536082475,0.4020618556701031,0.29896907216494845,0.058823529411764705,0.19607843137254902,0.23529411764705882,0.29411764705882354,0.21568627450980393,24.0,3.0,77.0,6.840416666666667,2.0920833333333335,0.7657897191902229,8.0,S012,2025-04-07,grading,5.0,S012|grading,4.0,True,False,14.0,9.0,0.6449689017636534,-11.0,77.0,1.1135416666666667,4.0,14.0,0.2857142857142857,15.589583333333334
0.0392156862745098,0.06862745098039216,0.27450980392156865,0.3627450980392157,0.2549019607843137,0.05660377358490566,0.16981132075471697,0.2641509433962264,0.3018867924528302,0.20754716981132076,24.0,4.0,78.0,7.197500000000001,2.1279166666666667,0.7718153791162147,8.0,S012,2025-04-14,grading,5.0,S012|grading,5.0,True,False,14.0,8.0,0.4509803921568628,5.0,78.0,1.1135416666666667,4.0,14.0,0.35714285714285715,15.589583333333334
0.06796116504854369,0.08737864077669903,0.32038834951456313,0.3106796116504854,0.21359223300970873,0.05454545454545454,0.18181818181818182,0.2545454545454545,0.2727272727272727,0.23636363636363636,27.0,7.0,79.0,7.499629629629629,2.104814814814815,0.7808499151627334,8.0,S012,2025-04-21,grading,5.0,S012|grading,6.0,True,False,14.0,7.0,0.3481276005547851,1.0,79.0,1.1135416666666667,4.0,14.0,0.42857142857142855,15.589583333333334
0.10784313725490197,0.10784313725490197,0.3431372549019608,0.2549019607843137,0.18627450980392157,0.08,0.12,0.24,0.3,0.26,27.0,6.0,80.0,8.262592592592593,2.7144444444444447,0.7527161076995749,8.0,S012,2025-04-28,grading,5.0,S012|grading,7.0,True,False,14.0,6.0,0.5315904139433552,-1.0,80.0,1.1135416666666667,4.0,14.0,0.5,15.589583333333334
0.12037037037037036,0.12037037037037036,0.32407407407407407,0.24074074074074073,0.19444444444444445,0.09302325581395349,0.11627906976744186,0.2558139534883721,0.32558139534883723,0.20930232558139536,30.0,5.0,81.0,7.872333333333332,2.5640000000000005,0.7543198441342744,7.0,S012,2025-05-05,grading,5.0,S012|grading,8.0,True,False,14.0,5.0,0.5316914852997326,6.0,81.0,1.1135416666666667,4.0,14.0,0.5714285714285714,15.589583333333334
0.125,0.14285714285714285,0.30357142857142855,0.23214285714285715,0.19642857142857142,0.09302325581395349,0.13953488372093023,0.27906976744186046,0.27906976744186046,0.20930232558139536,28.0,3.0,82.0,8.115357142857144,2.6585714285714284,0.7532402956873404,7.0,S012,2025-05-12,grading,5.0,S012|grading,9.0,True,False,14.0,4.0,0.37815126050420156,4.0,82.0,1.1135416666666667,4.0,14.0,0.6428571428571429,15.589583333333334
0.125,0.15178571428571427,0.25892857142857145,0.26785714285714285,0.19642857142857142,0.10526315789473684,0.13157894736842105,0.2631578947368421,0.34210526315789475,0.15789473684210525,27.0,5.0,83.0,8.26296296296296,2.7185185185185183,0.7524451939291736,8.0,S012,2025-05-19,grading,5.0,S012|grading,10.0,True,False,14.0,3.0,0.24289181692094308,0.0,83.0,1.1135416666666667,4.0,14.0,0.7142857142857143,15.589583333333334
0.11320754716981132,0.1509433962264151,0.24528301886792453,0.29245283018867924,0.19811320754716982,0.11764705882352941,0.11764705882352941,0.29411764705882354,0.29411764705882354,0.17647058823529413,21.0,1.0,84.0,8.17904761904762,2.7157142857142857,0.7507321124175007,8.0,S012,2025-05-26,grading,5.0,S012|grading,11.0,True,False,14.0,2.0,0.19570847206807251,-6.0,84.0,1.1135416666666667,4.0,14.0,0.7857142857142857,15.589583333333334
0.10526315789473684,0.15789473684210525,0.25263157894736843,0.29473684210526313,0.18947368421052632,0.058823529411764705,0.11764705882352941,0.29411764705882354,0.29411764705882354,0.23529411764705882,19.0,3.0,85.0,8.007368421052632,3.5373684210526313,0.6935947116480511,7.0,S012,2025-06-02,grading,5.0,S012|grading,12.0,True,False,14.0,1.0,0.1830409356725146,-11.0,85.0,1.1135416666666667,4.0,14.0,0.8571428571428571,15.589583333333334
0.10465116279069768,0.1511627906976744,0.2441860465116279,0.3023255813953488,0.19767441860465115,0.0625,0.09375,0.28125,0.3125,0.25,19.0,2.0,86.0,7.745789473684211,3.512631578947368,0.6879996260109392,7.0,S012,2025-06-09,grading,5.0,S012|grading,13.0,True,False,14.0,0.0,0.15946843853820591,-9.0,86.0,1.1135416666666667,4.0,14.0,0.9285714285714286,15.589583333333334
0.08571428571428572,0.14285714285714285,0.2857142857142857,0.3,0.18571428571428572,0.04,0.08,0.24,0.4,0.24,11.0,0.0,87.0,6.536363636363635,3.8909090909090907,0.6268526591107236,6.0,S012,2025-06-16,demobilisation,6.0,S012|demobilisation,0.0,False,False,,,0.1178571428571428,-16.0,87.0,1.0908333333333333,5.0,10.0,0.0,10.908333333333333
0.0847457627118644,0.13559322033898305,0.3220338983050847,0.2711864406779661,0.1864406779661017,0.041666666666666664,0.041666666666666664,0.2916666666666667,0.3333333333333333,0.2916666666666667,10.0,5.0,88.0,6.9510000000000005,2.758,0.7159336697909158,6.0,S012,2025-06-23,demobilisation,6.0,S012|demobilisation,1.0,False,False,,,0.1535017588743204,-11.0,88.0,1.0908333333333333,5.0,10.0,0.1,10.908333333333333
0.07547169811320754,0.11320754716981132,0.33962264150943394,0.2830188679245283,0.18867924528301888,0.041666666666666664,0.041666666666666664,0.375,0.2916666666666667,0.25,13.0,5.0,89.0,7.204615384615385,2.723076923076923,0.7257089725708973,7.0,S012,2025-06-30,demobilisation,6.0,S012|demobilisation,2.0,False,False,,,0.173982125124131,-6.0,89.0,1.0908333333333333,5.0,10.0,0.2,10.908333333333333
0.061224489795918366,0.061224489795918366,0.3877551020408163,0.2857142857142857,0.20408163265306123,0.04,0.0,0.36,0.32,0.28,15.0,4.0,90.0,7.069999999999999,2.4433333333333334,0.743167484232656,8.0,S012,2025-07-07,demobilisation,6.0,S012|demobilisation,3.0,False,False,,,0.29995253915519693,-4.0,90.0,1.0908333333333333,5.0,10.0,0.3,10.908333333333333
0.07017543859649122,0.03508771929824561,0.38596491228070173,0.24561403508771928,0.2631578947368421,0.04,0.0,0.4,0.2,0.36,19.0,5.0,91.0,6.721052631578948,2.110526315789474,0.7610250297973778,8.0,S012,2025-07-14,demobilisation,6.0,S012|demobilisation,4.0,False,False,,,0.35538847117794486,8.0,91.0,1.0908333333333333,5.0,10.0,0.4,10.908333333333333
0.06451612903225806,0.016129032258064516,0.3870967741935484,0.22580645161290322,0.3064516129032258,0.04,0.0,0.4,0.2,0.36,15.0,1.0,92.0,6.139333333333334,1.7026666666666668,0.7828785173850209,7.0,S012,2025-07-21,demobilisation,6.0,S012|demobilisation,5.0,False,False,,,0.37014762165117554,5.0,92.0,1.0908333333333333,5.0,10.0,0.5,10.908333333333333
0.06153846153846154,0.0,0.4307692307692308,0.16923076923076924,0.3384615384615385,0.038461538461538464,0.0,0.46153846153846156,0.19230769230769232,0.3076923076923077,16.0,4.0,93.0,6.345,1.7400000000000002,0.784786641929499,7.0,S012,2025-07-28,demobilisation,6.0,S012|demobilisation,6.0,False,False,,,0.48185776487663284,3.0,93.0,1.0908333333333333,5.0,10.0,0.6,10.908333333333333
0.05172413793103448,0.0,0.46551724137931033,0.1206896551724138,0.3620689655172414,0.041666666666666664,0.0,0.4583333333333333,0.16666666666666666,0.3333333333333333,8.0,0.0,94.0,6.79,1.90375,0.781020848310568,6.0,S012,2025-08-04,demobilisation,6.0,S012|demobilisation,7.0,False,False,,,0.4714989444053483,-7.0,94.0,1.0908333333333333,5.0,10.0,0.7,10.908333333333333
0.04,0.0,0.52,0.06,0.38,0.03571428571428571,0.0,0.5,0.14285714285714285,0.32142857142857145,11.0,4.0,95.0,7.540000000000001,2.453636363636363,0.7544801237150914,6.0,S012,2025-08-11,demobilisation,6.0,S012|demobilisation,8.0,False,False,,,0.5017543859649123,-8.0,95.0,1.0908333333333333,5.0,10.0,0.8,10.908333333333333
0.022727272727272728,0.0,0.5681818181818182,0.022727272727272728,0.38636363636363635,0.0,0.0,0.5652173913043478,0.13043478260869565,0.30434782608695654,9.0,0.0,96.0,7.506666666666667,2.378888888888889,0.7593570866584242,6.0,S012,2025-08-18,demobilisation,6.0,S012|demobilisation,9.0,False,False,,,0.5219941348973607,-6.0,96.0,1.0908333333333333,5.0,10.0,0.9,10.908333333333333
0.25,0.25,0.0,0.25,0.25,0.25,0.25,0.0,0.25,0.25,4.0,4.0,0.0,6.117500000000001,1.595,0.793192868719611,3.0,S013,2025-07-14,clearing,1.0,S013|clearing,0.0,False,False,,,0.0,0.0,0.0,1.0,0.0,10.0,0.0,10.0
0.36363636363636365,0.2727272727272727,0.0,0.18181818181818182,0.18181818181818182,0.42857142857142855,0.2857142857142857,0.0,0.14285714285714285,0.14285714285714285,7.0,3.0,1.0,6.24,1.8414285714285714,0.7721407106240057,4.0,S013,2025-07-21,clearing,1.0,S013|clearing,1.0,False,False,,,0.0,0.0,1.0,1.0,0.0,10.0,0.1,10.0
0.42857142857142855,0.23809523809523808,0.047619047619047616,0.14285714285714285,0.14285714285714285,0.5,0.2,0.1,0.1,0.1,10.0,3.0,2.0,6.026000000000001,1.764,0.7735558408215661,5.0,S013,2025-07-28,clearing,1.0,S013|clearing,2.0,False,False,,,0.0,0.0,2.0,1.0,0.0,10.0,0.2,10.0
0.5,0.2,0.06666666666666667,0.13333333333333333,0.1,0.5454545454545454,0.18181818181818182,0.09090909090909091,0.09090909090909091,0.09090909090909091,9.0,1.0,3.0,5.928888888888889,1.7377777777777779,0.7733333333333333,5.0,S013,2025-08-04,clearing,1.0,S013|clearing,3.0,False,False,,,0.0,0.0,3.0,1.0,0.0,10.0,0.3,10.0
0.5641025641025641,0.1794871794871795,0.10256410256410256,0.10256410256410256,0.05128205128205128,0.5333333333333333,0.2,0.13333333333333333,0.06666666666666667,0.06666666666666667,13.0,4.0,4.0,5.74923076923077,1.7638461538461538,0.7652298556363264,5.0,S013,2025-08-11,clearing,1.0,S013|clearing,4.0,False,False,,,0.8333333333333333,9.0,4.0,1.0,0.0,10.0,0.4,10.0
0.575,0.15,0.15,0.1,0.025,0.5333333333333333,0.2,0.13333333333333333,0.06666666666666667,0.06666666666666667,8.0,0.0,5.0,5.186249999999999,1.53,0.7721943048576214,4.0,S013,2025-08-18,clearing,1.0,S013|clearing,5.0,False,False,,,0.7227272727272727,1.0,5.0,1.0,0.0,10.0,0.5,10.0
0.0,0.0,1.0,0.0,0.0,0.0,0.0,1.0,0.0,0.0,2.0,2.0,0.0,5.93,11.055,0.3491315866941419,2.0,S014,2025-07-21,clearing,1.0,S014|clearing,0.0,False,False,,,0.0,0.0,0.0,1.0,0.0,10.0,0.0,10.0
0.0,0.1111111111111111,0.7777777777777778,0.1111111111111111,0.0,0.0,0.14285714285714285,0.7142857142857143,0.14285714285714285,0.0,7.0,5.0,1.0,6.554285714285713,4.642857142857143,0.5853534064812451,5.0,S014,2025-07-28,clearing,1.0,S014|clearing,1.0,False,False,,,0.0,0.0,1.0,1.0,0.0,10.0,0.1,10.0
0.09523809523809523,0.14285714285714285,0.6190476190476191,0.14285714285714285,0.0,0.15384615384615385,0.15384615384615385,0.5384615384615384,0.15384615384615385,0.0,12.0,6.0,2.0,6.5058333333333325,1.8900000000000003,0.7748883374689827,8.0,S014,2025-08-04,clearing,1.0,S014|clearing,2.0,False,False,,,0.0,0.0,2.0,1.0,0.0,10.0,0.2,10.0
0.14285714285714285,0.14285714285714285,0.5714285714285714,0.14285714285714285,0.0,0.1875,0.125,0.5625,0.125,0.0,14.0,3.0,3.0,6.594999999999999,1.8014285714285714,0.7854529987239472,8.0,S014,2025-08-11,clearing,1.0,S014|clearing,3.0,False,False,,,0.0,0.0,3.0,1.0,0.0,10.0,0.3,10.0
0.17391304347826086,0.15217391304347827,0.5217391304347826,0.15217391304347827,0.0,0.1875,0.125,0.5625,0.125,0.0,13.0,0.0,4.0,6.690769230769231,1.7769230769230768,0.7901526162790699,8.0,S014,2025-08-18,clearing,1.0,S014|clearing,4.0,False,False,,,0.9565217391304348,11.0,4.0,1.0,0.0,10.0,0.4,10.0
0.0,0.0,1.0,0.0,0.0,0.0,0.0,1.0,0.0,0.0,1.0,1.0,0.0,7.1,1.47,0.8284714119019836,1.0,S015,2025-04-28,clearing,1.0,S015|clearing,0.0,True,False,7.0,6.0,0.0,0.0,0.0,1.0,0.0,10.0,0.0,10.0
0.0,0.0,1.0,0.0,0.0,0.0,0.0,1.0,0.0,0.0,2.0,1.0,1.0,5.175,1.21,0.8104933437744715,2.0,S015,2025-05-05,clearing,1.0,S015|clearing,1.0,True,False,7.0,5.0,0.0,0.0,1.0,1.0,0.0,10.0,0.1,10.0
0.4,0.06666666666666667,0.5333333333333333,0.0,0.0,0.5,0.08333333333333333,0.4166666666666667,0.0,0.0,12.0,10.0,2.0,5.95,2.6075,0.6952965235173824,7.0,S015,2025-05-12,clearing,1.0,S015|clearing,2.0,True,False,7.0,4.0,0.0,0.0,2.0,1.0,0.0,10.0,0.2,10.0
0.48484848484848486,0.09090909090909091,0.3939393939393939,0.0,0.030303030303030304,0.5555555555555556,0.1111111111111111,0.2777777777777778,0.0,0.05555555555555555,18.0,6.0,3.0,5.816666666666666,2.39,0.7087733549959382,8.0,S015,2025-05-19,clearing,1.0,S015|clearing,3.0,True,False,7.0,3.0,0.0,0.0,3.0,1.0,0.0,10.0,0.3,10.0
0.5192307692307693,0.09615384615384616,0.3269230769230769,0.019230769230769232,0.038461538461538464,0.5238095238095238,0.09523809523809523,0.2857142857142857,0.047619047619047616,0.047619047619047616,20.0,3.0,4.0,5.7410000000000005,2.3370000000000006,0.7106957167615746,7.0,S015,2025-05-26,clearing,1.0,S015|clearing,4.0,True,False,7.0,2.0,1.3461538461538463,19.0,4.0,1.0,0.0,10.0,0.4,10.0
0.5285714285714286,0.12857142857142856,0.2714285714285714,0.04285714285714286,0.02857142857142857,0.44,0.16,0.28,0.08,0.04,20.0,4.0,5.0,6.012499999999999,2.3689999999999998,0.7173536956392054,8.0,S015,2025-06-02,clearing,1.0,S015|clearing,5.0,True,False,7.0,1.0,1.457142857142857,18.0,5.0,1.0,0.0,10.0,0.5,10.0
0.5064935064935064,0.18181818181818182,0.22077922077922077,0.06493506493506493,0.025974025974025976,0.42857142857142855,0.21428571428571427,0.25,0.07142857142857142,0.03571428571428571,19.0,3.0,6.0,6.14421052631579,2.013157894736842,0.753209884508678,7.0,S015,2025-06-09,clearing,1.0,S015|clearing,6.0,True,False,7.0,0.0,0.6251082251082251,7.0,6.0,1.0,0.0,10.0,0.6,10.0
0.4605263157894737,0.25,0.18421052631578946,0.09210526315789473,0.013157894736842105,0.4117647058823529,0.2647058823529412,0.20588235294117646,0.08823529411764706,0.029411764705882353,17.0,6.0,7.0,6.727058823529412,2.277647058823529,0.7470603605957671,7.0,S015,2025-06-16,excavation,2.0,S015|excavation,0.0,False,False,,,0.5023923444976077,-1.0,7.0,0.7,1.0,16.0,0.0,11.2
0.4189189189189189,0.32432432432432434,0.14864864864864866,0.10810810810810811,0.0,0.43902439024390244,0.2682926829268293,0.1951219512195122,0.07317073170731707,0.024390243902439025,18.0,8.0,8.0,6.74,1.9227777777777781,0.7780414288462771,8.0,S015,2025-06-23,excavation,2.0,S015|excavation,1.0,False,False,,,0.6340956340956341,-2.0,8.0,0.7,1.0,16.0,0.0625,11.2
0.39705882352941174,0.36764705882352944,0.1323529411764706,0.10294117647058823,0.0,0.43902439024390244,0.2926829268292683,0.17073170731707318,0.07317073170731707,0.024390243902439025,14.0,1.0,9.0,6.706428571428573,1.7778571428571428,0.7904529382050851,7.0,S015,2025-06-30,excavation,2.0,S015|excavation,2.0,False,False,,,0.5983193277310925,-6.0,9.0,0.7,1.0,16.0,0.125,11.2
0.43283582089552236,0.34328358208955223,0.13432835820895522,0.08955223880597014,0.0,0.42105263157894735,0.2894736842105263,0.15789473684210525,0.10526315789473684,0.02631578947368421,18.0,7.0,10.0,7.445555555555556,2.556111111111111,0.7444314836416153,8.0,S015,2025-07-07,excavation,2.0,S015|excavation,3.0,False,False,,,0.3721651482845513,-1.0,10.0,0.7,1.0,16.0,0.1875,11.2
0.4931506849315068,0.2876712328767123,0.136986301369863,0.0684931506849315,0.0136986301369863,0.40540540540540543,0.2972972972972973,0.16216216216216217,0.10810810810810811,0.02702702702702703,23.0,5.0,11.0,7.12304347826087,2.2899999999999996,0.7567205542725174,8.0,S015,2025-07-14,excavation,2.0,S015|excavation,4.0,False,False,,,0.14167267483777934,6.0,11.0,0.7,1.0,16.0,0.25,11.2
0.5454545454545454,0.24675324675324675,0.12987012987012986,0.05194805194805195,0.025974025974025976,0.42105263157894735,0.34210526315789475,0.13157894736842105,0.07894736842105263,0.02631578947368421,22.0,4.0,12.0,7.0990909090909105,2.3468181818181817,0.7515518983687022,8.0,S015,2025-07-21,excavation,2.0,S015|excavation,5.0,False,False,,,0.305019305019305,4.0,12.0,0.7,1.0,16.0,0.3125,11.2
0.5632183908045977,0.21839080459770116,0.13793103448275862,0.04597701149425287,0.034482758620689655,0.46153846153846156,0.28205128205128205,0.1794871794871795,0.05128205128205128,0.02564102564102564,24.0,5.0,13.0,6.84875,1.955,0.7779355388328836,8.0,S015,2025-07-28,excavation,2.0,S015|excavation,6.0,False,False,,,0.41244083840432727,10.0,13.0,0.7,1.0,16.0,0.375,11.2
0.5531914893617021,0.2127659574468085,0.13829787234042554,0.05319148936170213,0.0425531914893617,0.48717948717948717,0.23076923076923078,0.1794871794871795,0.07692307692307693,0.02564102564102564,25.0,3.0,14.0,7.066800000000001,2.0796,0.7726318551561271,8.0,S015,2025-08-04,excavation,2.0,S015|excavation,7.0,False,False,,,0.3337567481740235,7.0,14.0,0.7,1.0,16.0,0.4375,11.2
0.5052631578947369,0.21052631578947367,0.2,0.05263157894736842,0.031578947368421054,0.45,0.175,0.3,0.05,0.025,24.0,7.0,15.0,6.374583333333334,1.7158333333333335,0.7879178039861976,8.0,S015,2025-08-11,excavation,2.0,S015|excavation,8.0,False,False,,,0.1860129776496035,1.0,15.0,0.7,1.0,16.0,0.5,11.2
0.45054945054945056,0.2087912087912088,0.27472527472527475,0.04395604395604396,0.02197802197802198,0.4375,0.15625,0.3125,0.0625,0.03125,18.0,0.0,16.0,6.176111111111111,1.531111111111111,0.8013407337994666,7.0,S015,2025-08-18,excavation,2.0,S015|excavation,9.0,False,False,,,0.28971028971028967,-4.0,16.0,0.7,1.0,16.0,0.5625,11.2
0.0,0.0,1.0,0.0,0.0,0.0,0.0,1.0,0.0,0.0,1.0,1.0,0.0,7.13,2.05,0.7766884531590414,1.0,S016,2025-04-28,clearing,1.0,S016|clearing,0.0,True,False,9.0,8.0,0.0,0.0,0.0,1.0,0.0,10.0,0.0,10.0
0.2,0.4,0.4,0.0,0.0,0.25,0.5,0.25,0.0,0.0,4.0,3.0,1.0,4.88,1.235,0.7980376124284546,2.0,S016,2025-05-05,clearing,1.0,S016|clearing,1.0,True,False,9.0,7.0,0.0,0.0,1.0,1.0,0.0,10.0,0.1,10.0
0.29411764705882354,0.4117647058823529,0.23529411764705882,0.0,0.058823529411764705,0.3333333333333333,0.4166666666666667,0.16666666666666666,0.0,0.08333333333333333,12.0,8.0,2.0,5.615833333333334,1.2758333333333332,0.8148730350665055,5.0,S016,2025-05-12,clearing,1.0,S016|clearing,2.0,True,False,9.0,6.0,0.0,0.0,2.0,1.0,0.0,10.0,0.2,10.0
0.2777777777777778,0.4722222222222222,0.19444444444444445,0.0,0.05555555555555555,0.2631578947368421,0.5263157894736842,0.15789473684210525,0.0,0.05263157894736842,19.0,7.0,3.0,6.898421052631579,2.723684210526316,0.7169346898588775,6.0,S016,2025-05-19,clearing,1.0,S016|clearing,3.0,True,False,9.0,5.0,0.0,0.0,3.0,1.0,0.0,10.0,0.3,10.0
0.3220338983050847,0.4576271186440678,0.15254237288135594,0.01694915254237288,0.05084745762711865,0.375,0.4166666666666667,0.125,0.041666666666666664,0.041666666666666664,24.0,5.0,4.0,7.072083333333333,2.55625,0.7345075298597888,6.0,S016,2025-05-26,clearing,1.0,S016|clearing,4.0,True,False,9.0,4.0,1.694915254237288,23.0,4.0,1.0,0.0,10.0,0.4,10.0
0.34615384615384615,0.4358974358974359,0.14102564102564102,0.02564102564102564,0.05128205128205128,0.4,0.4,0.12,0.04,0.04,23.0,1.0,5.0,7.632173913043476,2.9369565217391305,0.7221193796536262,6.0,S016,2025-06-02,clearing,1.0,S016|clearing,5.0,True,False,9.0,3.0,0.517948717948718,19.0,5.0,1.0,0.0,10.0,0.5,10.0
0.3522727272727273,0.4318181818181818,0.125,0.045454545454545456,0.045454545454545456,0.35714285714285715,0.42857142857142855,0.10714285714285714,0.07142857142857142,0.03571428571428571,22.0,3.0,6.0,8.169999999999998,3.2854545454545456,0.7131973652884691,7.0,S016,2025-06-09,clearing,1.0,S016|clearing,6.0,True,False,9.0,2.0,0.2473262032085562,10.0,6.0,1.0,0.0,10.0,0.6,10.0
0.38636363636363635,0.3977272727272727,0.11363636363636363,0.06818181818181818,0.03409090909090909,0.35714285714285715,0.42857142857142855,0.10714285714285714,0.07142857142857142,0.03571428571428571,19.0,0.0,7.0,8.29315789473684,3.4815789473684213,0.7043178973717146,7.0,S016,2025-06-16,clearing,1.0,S016|clearing,7.0,True,False,9.0,1.0,0.35353535353535354,0.0,7.0,1.0,0.0,10.0,0.7,10.0
0.39759036144578314,0.37349397590361444,0.12048192771084337,0.08433734939759036,0.024096385542168676,0.36666666666666664,0.4,0.13333333333333333,0.06666666666666667,0.03333333333333333,19.0,3.0,8.0,7.767368421052632,3.168947368421053,0.7102362962606478,8.0,S016,2025-06-23,clearing,1.0,S016|clearing,8.0,True,False,9.0,0.0,0.2858893199918318,-5.0,8.0,1.0,0.0,10.0,0.8,10.0
0.41025641025641024,0.3333333333333333,0.15384615384615385,0.08974358974358974,0.01282051282051282,0.3548387096774194,0.3225806451612903,0.22580645161290322,0.06451612903225806,0.03225806451612903,18.0,4.0,9.0,7.414444444444445,3.2405555555555554,0.695865269304969,8.0,S016,2025-06-30,excavation,2.0,S016|excavation,0.0,False,False,,,0.28205128205128205,-5.0,9.0,0.9,1.0,16.0,0.0,14.4
0.4461538461538462,0.26153846153846155,0.2153846153846154,0.07692307692307693,0.0,0.375,0.2916666666666667,0.25,0.08333333333333333,0.0,9.0,1.0,10.0,7.254444444444443,2.1433333333333335,0.7719318987940412,6.0,S016,2025-07-07,excavation,2.0,S016|excavation,1.0,False,False,,,0.4314685314685315,-13.0,10.0,0.9,1.0,16.0,0.0625,14.4
0.48148148148148145,0.18518518518518517,0.2777777777777778,0.05555555555555555,0.0,0.47368421052631576,0.10526315789473684,0.3157894736842105,0.10526315789473684,0.0,8.0,2.0,11.0,8.52125,2.7625,0.7551789077212805,5.0,S016,2025-07-14,excavation,2.0,S016|excavation,2.0,False,False,,,0.5185185185185185,-11.0,11.0,0.9,1.0,16.0,0.125,14.4
0.5116279069767442,0.13953488372093023,0.32558139534883723,0.023255813953488372,0.0,0.35294117647058826,0.23529411764705882,0.35294117647058826,0.058823529411764705,0.0,8.0,3.0,12.0,8.475,2.8525,0.748179209887442,6.0,S016,2025-07-21,excavation,2.0,S016|excavation,3.0,False,False,,,0.6382740263379099,-11.0,12.0,0.9,1.0,16.0,0.1875,14.4
0.5833333333333334,0.1111111111111111,0.3055555555555556,0.0,0.0,0.45,0.2,0.3,0.05,0.0,11.0,4.0,13.0,7.035454545454547,2.032727272727273,0.7758395989974938,7.0,S016,2025-07-28,excavation,2.0,S016|excavation,4.0,False,False,,,0.6495726495726496,-7.0,13.0,0.9,1.0,16.0,0.25,14.4
0.6,0.15,0.25,0.0,0.0,0.5238095238095238,0.09523809523809523,0.38095238095238093,0.0,0.0,13.0,4.0,14.0,6.981538461538462,2.2515384615384617,0.7561442972590185,6.0,S016,2025-08-04,excavation,2.0,S016|excavation,5.0,False,False,,,0.37692307692307686,4.0,14.0,0.9,1.0,16.0,0.3125,14.4
0.6,0.17777777777777778,0.2222222222222222,0.0,0.0,0.5454545454545454,0.09090909090909091,0.36363636363636365,0.0,0.0,13.0,1.0,15.0,6.994615384615385,2.2392307692307694,0.7574975008330557,7.0,S016,2025-08-11,excavation,2.0,S016|excavation,6.0,False,False,,,0.23703703703703705,5.0,15.0,0.9,1.0,16.0,0.375,14.4
0.6444444444444445,0.15555555555555556,0.2,0.0,0.0,0.5789473684210527,0.10526315789473684,0.3157894736842105,0.0,0.0,8.0,0.0,16.0,6.525,2.03125,0.762600438276114,7.0,S016,2025-08-18,excavation,2.0,S016|excavation,7.0,False,False,,,0.2976744186046512,0.0,16.0,0.9,1.0,16.0,0.4375,14.4
0.75,0.25,0.0,0.0,0.0,0.75,0.25,0.0,0.0,0.0,4.0,4.0,0.0,6.9399999999999995,1.6800000000000002,0.8051044083526683,3.0,S017,2024-12-16,clearing,1.0,S017|clearing,0.0,True,False,8.0,7.0,0.0,0.0,0.0,1.0,0.0,10.0,0.0,10.0
0.782608695652174,0.13043478260869565,0.08695652173913043,0.0,0.0,0.7894736842105263,0.10526315789473684,0.10526315789473684,0.0,0.0,19.0,15.0,1.0,6.182631578947368,1.8984210526315792,0.7650775042334245,7.0,S017,2024-12-23,clearing,1.0,S017|clearing,1.0,True,False,8.0,6.0,0.0,0.0,1.0,1.0,0.0,10.0,0.1,10.0
0.7254901960784313,0.11764705882352941,0.13725490196078433,0.0196078431372549,0.0,0.6551724137931034,0.13793103448275862,0.1724137931034483,0.034482758620689655,0.0,28.0,10.0,2.0,6.576428571428572,2.1650000000000005,0.7523288118973688,8.0,S017,2024-12-30,clearing,1.0,S017|clearing,2.0,True,False,8.0,5.0,0.0,0.0,2.0,1.0,0.0,10.0,0.2,10.0
0.6867469879518072,0.13253012048192772,0.1566265060240964,0.024096385542168676,0.0,0.6285714285714286,0.17142857142857143,0.17142857142857143,0.02857142857142857,0.0,32.0,6.0,3.0,6.4425,2.053125,0.7583314941514014,8.0,S017,2025-01-06,clearing,1.0,S017|clearing,3.0,True,False,8.0,4.0,0.0,0.0,3.0,1.0,0.0,10.0,0.3,10.0
0.6,0.15,0.21666666666666667,0.03333333333333333,0.0,0.52,0.18,0.26,0.04,0.0,41.0,15.0,4.0,6.529999999999999,1.8702439024390243,0.7773583809993904,8.0,S017,2025-01-13,clearing,1.0,S017|clearing,4.0,True,False,8.0,3.0,0.5,37.0,4.0,1.0,0.0,10.0,0.4,10.0
0.5416666666666666,0.16666666666666666,0.25,0.041666666666666664,0.0,0.559322033898305,0.1864406779661017,0.22033898305084745,0.03389830508474576,0.0,43.0,9.0,5.0,7.0020930232558145,2.081860465116279,0.7708199994879803,8.0,S017,2025-01-20,clearing,1.0,S017|clearing,5.0,True,False,8.0,2.0,0.4818840579710146,24.0,5.0,1.0,0.0,10.0,0.5,10.0
0.5,0.20394736842105263,0.2565789473684211,0.039473684210526314,0.0,0.546875,0.21875,0.203125,0.03125,0.0,36.0,5.0,6.0,6.6033333333333335,2.2200000000000006,0.7483944087646391,8.0,S017,2025-01-27,clearing,1.0,S017|clearing,6.0,True,False,8.0,1.0,0.4509803921568627,8.0,6.0,1.0,0.0,10.0,0.6,10.0
0.49382716049382713,0.21604938271604937,0.24691358024691357,0.043209876543209874,0.0,0.5844155844155844,0.19480519480519481,0.18181818181818182,0.03896103896103896,0.0,42.0,13.0,7.0,6.877857142857143,2.435238095238095,0.7385146363287741,8.0,S017,2025-02-03,clearing,1.0,S017|clearing,7.0,True,False,8.0,0.0,0.3858396549159601,10.0,7.0,1.0,0.0,10.0,0.7,10.0
0.53125,0.21875,0.2125,0.0375,0.0,0.5609756097560976,0.2073170731707317,0.1951219512195122,0.036585365853658534,0.0,39.0,9.0,8.0,6.9417948717948725,2.488461538461539,0.7361194192180107,8.0,S017,2025-02-10,excavation,2.0,S017|excavation,0.0,True,False,15.0,14.0,0.14583333333333331,-2.0,8.0,0.8,1.0,16.0,0.0,12.8
0.5405405405405406,0.22297297297297297,0.19594594594594594,0.033783783783783786,0.006756756756756757,0.5128205128205128,0.23076923076923078,0.20512820512820512,0.038461538461538464,0.01282051282051282,31.0,11.0,9.0,7.091290322580645,2.7348387096774185,0.7216768983290109,8.0,S017,2025-02-17,excavation,2.0,S017|excavation,1.0,True,False,15.0,13.0,0.12612612612612606,-12.0,9.0,0.8,1.0,16.0,0.0625,12.8
0.5286624203821656,0.21019108280254778,0.21656050955414013,0.03184713375796178,0.012738853503184714,0.4835164835164835,0.23076923076923078,0.24175824175824176,0.03296703296703297,0.01098901098901099,45.0,23.0,10.0,6.393999999999999,1.9813333333333336,0.763432301201942,8.0,S017,2025-02-24,excavation,2.0,S017|excavation,2.0,True,False,15.0,12.0,0.09528997653369092,9.0,10.0,0.8,1.0,16.0,0.125,12.8
0.4857142857142857,0.22285714285714286,0.25142857142857145,0.022857142857142857,0.017142857142857144,0.47115384615384615,0.2403846153846154,0.25,0.028846153846153848,0.009615384615384616,60.0,19.0,11.0,6.4725,1.9628333333333332,0.7673081482652336,8.0,S017,2025-03-03,excavation,2.0,S017|excavation,3.0,True,False,15.0,11.0,0.05693121693121696,18.0,11.0,0.8,1.0,16.0,0.1875,12.8
0.4251207729468599,0.2560386473429952,0.26570048309178745,0.033816425120772944,0.01932367149758454,0.46153846153846156,0.27884615384615385,0.20192307692307693,0.04807692307692308,0.009615384615384616,71.0,15.0,12.0,6.494084507042254,1.997464788732394,0.7647702769945265,8.0,S017,2025-03-10,excavation,2.0,S017|excavation,4.0,True,False,15.0,10.0,0.21962560386473434,32.0,12.0,0.8,1.0,16.0,0.25,12.8
0.3900414937759336,0.27800829875518673,0.2821576763485477,0.03734439834024896,0.012448132780082987,0.4077669902912621,0.2815533980582524,0.2524271844660194,0.04854368932038835,0.009708737864077669,65.0,8.0,13.0,6.459076923076923,2.0061538461538464,0.7630125036347775,8.0,S017,2025-03-17,excavation,2.0,S017|excavation,5.0,True,False,15.0,9.0,0.3009980935292139,34.0,13.0,0.8,1.0,16.0,0.3125,12.8
0.37404580152671757,0.2900763358778626,0.2786259541984733,0.04961832061068702,0.007633587786259542,0.4107142857142857,0.25892857142857145,0.25892857142857145,0.0625,0.008928571428571428,66.0,14.0,14.0,6.316818181818182,1.9830303030303034,0.7610763248690191,8.0,S017,2025-03-24,excavation,2.0,S017|excavation,6.0,True,False,15.0,8.0,0.31944376914474637,21.0,14.0,0.8,1.0,16.0,0.375,12.8
0.34962406015037595,0.3082706766917293,0.2706766917293233,0.06766917293233082,0.0037593984962406013,0.3425925925925926,0.28703703703703703,0.2962962962962963,0.06481481481481481,0.009259259259259259,64.0,9.0,15.0,6.293125,1.8028125000000002,0.7773188713475122,8.0,S017,2025-03-31,excavation,2.0,S017|excavation,7.0,True,False,15.0,7.0,0.2989473684210526,4.0,15.0,0.8,1.0,16.0,0.4375,12.8
0.34782608695652173,0.30039525691699603,0.28063241106719367,0.07114624505928854,0.0,0.36363636363636365,0.2545454545454545,0.3090909090909091,0.06363636363636363,0.00909090909090909,58.0,11.0,16.0,6.253275862068966,1.6198275862068967,0.7942580588647512,8.0,S017,2025-04-07,excavation,2.0,S017|excavation,8.0,True,False,15.0,6.0,0.19323671497584535,-13.0,16.0,0.8,1.0,16.0,0.5,12.8
0.3541666666666667,0.29583333333333334,0.2708333333333333,0.07916666666666666,0.0,0.32727272727272727,0.2727272727272727,0.3181818181818182,0.08181818181818182,0.0,52.0,11.0,17.0,6.349615384615385,1.7565384615384616,0.7833080280888214,8.0,S017,2025-04-14,excavation,2.0,S017|excavation,9.0,True,False,15.0,5.0,0.11929460580912861,-13.0,17.0,0.8,1.0,16.0,0.5625,12.8
0.35398230088495575,0.2831858407079646,0.2743362831858407,0.08849557522123894,0.0,0.31958762886597936,0.26804123711340205,0.29896907216494845,0.1134020618556701,0.0,52.0,10.0,18.0,6.604038461538461,1.7355769230769234,0.7918876539224275,8.0,S017,2025-04-21,excavation,2.0,S017|excavation,10.0,True,False,15.0,4.0,0.07775450922110387,-14.0,18.0,0.8,1.0,16.0,0.625,12.8
0.38235294117647056,0.23529411764705882,0.28431372549019607,0.09803921568627451,0.0,0.3170731707317073,0.24390243902439024,0.3048780487804878,0.13414634146341464,0.0,42.0,4.0,19.0,6.27,1.7204761904761905,0.784684147794994,8.0,S017,2025-04-28,excavation,2.0,S017|excavation,11.0,True,False,15.0,3.0,0.15347191508182215,-22.0,19.0,0.8,1.0,16.0,0.6875,12.8
0.3968253968253968,0.20634920634920634,0.2751322751322751,0.1164021164021164,0.005291005291005291,0.36363636363636365,0.19480519480519481,0.3246753246753247,0.1038961038961039,0.012987012987012988,43.0,10.0,20.0,6.351627906976743,1.7972093023255815,0.7794520547945205,8.0,S017,2025-05-05,excavation,2.0,S017|excavation,12.0,True,False,15.0,2.0,0.19909237300541646,-15.0,20.0,0.8,1.0,16.0,0.75,12.8
0.4157303370786517,0.16853932584269662,0.2696629213483146,0.1348314606741573,0.011235955056179775,0.38961038961038963,0.19480519480519481,0.2857142857142857,0.11688311688311688,0.012987012987012988,41.0,8.0,21.0,6.4192682926829265,2.1260975609756096,0.7511987669825323,7.0,S017,2025-05-12,excavation,2.0,S017|excavation,13.0,True,False,15.0,1.0,0.25692883895131086,-11.0,21.0,0.8,1.0,16.0,0.8125,12.8
0.4186046511627907,0.13372093023255813,0.27325581395348836,0.1569767441860465,0.01744186046511628,0.36363636363636365,0.15584415584415584,0.3246753246753247,0.14285714285714285,0.012987012987012988,46.0,14.0,22.0,6.942173913043478,2.2969565217391303,0.7513882352941177,8.0,S017,2025-05-19,excavation,2.0,S017|excavation,14.0,True,False,15.0,0.0,0.3010907594155176,-6.0,22.0,0.8,1.0,16.0,0.875,12.8
0.38764044943820225,0.15168539325842698,0.2752808988764045,0.16853932584269662,0.016853932584269662,0.3670886075949367,0.16455696202531644,0.31645569620253167,0.13924050632911392,0.012658227848101266,48.0,11.0,23.0,6.760833333333333,2.289166666666667,0.7470534069981584,8.0,S017,2025-05-26,foundation,3.0,S017|foundation,0.0,False,False,,,0.18528310200484688,6.0,23.0,0.86875,2.0,18.0,0.0,15.637500000000001
0.36024844720496896,0.17391304347826086,0.2732919254658385,0.18012422360248448,0.012422360248447204,0.3013698630136986,0.2191780821917808,0.3013698630136986,0.1643835616438356,0.0136986301369863,26.0,5.0,24.0,6.3053846153846145,2.2588461538461537,0.7362464633762967,8.0,S017,2025-06-02,foundation,3.0,S017|foundation,1.0,False,False,,,0.1417069243156199,-17.0,24.0,0.86875,2.0,18.0,0.05555555555555555,15.637500000000001
0.35570469798657717,0.2080536912751678,0.2550335570469799,0.174496644295302,0.006711409395973154,0.40540540540540543,0.1891891891891892,0.25675675675675674,0.13513513513513514,0.013513513513513514,29.0,12.0,25.0,6.2668965517241375,2.4693103448275866,0.7173475429248075,8.0,S017,2025-06-09,foundation,3.0,S017|foundation,2.0,False,False,,,0.15835909810723175,-12.0,25.0,0.86875,2.0,18.0,0.1111111111111111,15.637500000000001
0.37777777777777777,0.25925925925925924,0.2222222222222222,0.14074074074074075,0.0,0.4225352112676056,0.2112676056338028,0.2535211267605634,0.09859154929577464,0.014084507042253521,32.0,7.0,26.0,6.6503125,2.4553125,0.730352117509781,8.0,S017,2025-06-16,foundation,3.0,S017|foundation,3.0,False,False,,,0.25107665805340224,-14.0,26.0,0.86875,2.0,18.0,0.16666666666666666,15.637500000000001
0.39669421487603307,0.3140495867768595,0.19008264462809918,0.09917355371900827,0.0,0.3783783783783784,0.25675675675675674,0.25675675675675674,0.0945945945945946,0.013513513513513514,34.0,7.0,27.0,7.0058823529411764,2.9926470588235294,0.7006912781291367,8.0,S017,2025-06-23,foundation,3.0,S017|foundation,4.0,False,False,,,0.3428359179125267,-14.0,27.0,0.86875,2.0,18.0,0.2222222222222222,15.637500000000001
0.42063492063492064,0.31746031746031744,0.18253968253968253,0.07936507936507936,0.0,0.38571428571428573,0.24285714285714285,0.2571428571428571,0.11428571428571428,0.0,31.0,6.0,28.0,6.843225806451614,2.3296774193548386,0.7460261640174427,8.0,S017,2025-06-30,foundation,3.0,S017|foundation,5.0,False,False,,,0.4078674948240166,5.0,28.0,0.86875,2.0,18.0,0.2777777777777778,15.637500000000001
0.3984375,0.3046875,0.21875,0.0703125,0.0078125,0.35714285714285715,0.2571428571428571,0.2714285714285714,0.1,0.014285714285714285,31.0,8.0,29.0,7.0529032258064515,2.4470967741935485,0.7424108658743633,8.0,S017,2025-07-07,foundation,3.0,S017|foundation,6.0,False,False,,,0.2809354026845638,2.0,29.0,0.86875,2.0,18.0,0.3333333333333333,15.637500000000001
0.3709677419354839,0.3064516129032258,0.24193548387096775,0.06451612903225806,0.016129032258064516,0.36666666666666664,0.3333333333333333,0.23333333333333334,0.05,0.016666666666666666,28.0,4.0,30.0,7.202142857142857,2.607142857142857,0.7342168499235419,8.0,S017,2025-07-14,foundation,3.0,S017|foundation,7.0,False,False,,,0.16606929510155322,-4.0,30.0,0.86875,2.0,18.0,0.3888888888888889,15.637500000000001
0.35,0.2916666666666667,0.2916666666666667,0.05,0.016666666666666666,0.3684210526315789,0.3157894736842105,0.2631578947368421,0.03508771929824561,0.017543859649122806,30.0,8.0,31.0,7.152666666666667,2.485,0.7421575070037699,8.0,S017,2025-07-21,foundation,3.0,S017|foundation,8.0,False,False,,,0.23650137741046834,-4.0,31.0,0.86875,2.0,18.0,0.4444444444444444,15.637500000000001
0.3140495867768595,0.2892561983471074,0.35537190082644626,0.024793388429752067,0.01652892561983471,0.3793103448275862,0.29310344827586204,0.29310344827586204,0.017241379310344827,0.017241379310344827,32.0,6.0,32.0,7.29125,2.3925,0.7529366206273396,8.0,S017,2025-07-28,foundation,3.0,S017|foundation,9.0,False,False,,,0.3787222878131969,1.0,32.0,0.86875,2.0,18.0,0.5,15.637500000000001
0.26666666666666666,0.3,0.38333333333333336,0.03333333333333333,0.016666666666666666,0.23076923076923078,0.28846153846153844,0.36538461538461536,0.07692307692307693,0.038461538461538464,30.0,6.0,33.0,7.203999999999999,1.8156666666666663,0.7986991389186592,8.0,S017,2025-08-04,foundation,3.0,S017|foundation,10.0,False,False,,,0.34687500000000004,-1.0,33.0,0.86875,2.0,18.0,0.5555555555555556,15.637500000000001
0.21487603305785125,0.2975206611570248,0.4049586776859504,0.049586776859504134,0.03305785123966942,0.18,0.28,0.38,0.08,0.08,29.0,5.0,34.0,7.053103448275861,1.930344827586207,0.7851220635651772,8.0,S017,2025-08-11,foundation,3.0,S017|foundation,11.0,False,False,,,0.35990402559317514,1.0,34.0,0.86875,2.0,18.0,0.6111111111111112,15.637500000000001
0.16363636363636364,0.2909090909090909,0.41818181818181815,0.07272727272727272,0.05454545454545454,0.18604651162790697,0.23255813953488372,0.3953488372093023,0.09302325581395349,0.09302325581395349,19.0,0.0,35.0,7.213684210526316,2.085263157894737,0.7757527733755942,7.0,S017,2025-08-18,foundation,3.0,S017|foundation,12.0,False,False,,,0.37424242424242415,-11.0,35.0,0.86875,2.0,18.0,0.6666666666666666,15.637500000000001
0.16666666666666666,0.3333333333333333,0.3333333333333333,0.16666666666666666,0.0,0.16666666666666666,0.3333333333333333,0.3333333333333333,0.16666666666666666,0.0,6.0,6.0,0.0,7.63,1.9216666666666666,0.7988134705984995,4.0,S018,2024-12-16,clearing,1.0,S018|clearing,0.0,True,False,10.0,9.0,0.0,0.0,0.0,1.0,0.0,10.0,0.0,10.0
0.1875,0.375,0.25,0.1875,0.0,0.2,0.4,0.2,0.2,0.0,10.0,4.0,1.0,7.944,1.8630000000000002,0.8100336494340776,5.0,S018,2024-12-23,clearing,1.0,S018|clearing,1.0,True,False,10.0,8.0,0.0,0.0,1.0,1.0,0.0,10.0,0.1,10.0
0.25806451612903225,0.3225806451612903,0.25806451612903225,0.16129032258064516,0.0,0.3333333333333333,0.26666666666666666,0.26666666666666666,0.13333333333333333,0.0,15.0,5.0,2.0,7.088666666666668,1.840666666666667,0.7938629236971779,7.0,S018,2024-12-30,clearing,1.0,S018|clearing,2.0,True,False,10.0,7.0,0.0,0.0,2.0,1.0,0.0,10.0,0.2,10.0
0.3333333333333333,0.25,0.2708333333333333,0.14583333333333334,0.0,0.42105263157894735,0.21052631578947367,0.2631578947368421,0.10526315789473684,0.0,17.0,4.0,3.0,7.227647058823529,2.264705882352941,0.7614178595773687,8.0,S018,2025-01-06,clearing,1.0,S018|clearing,3.0,True,False,10.0,6.0,0.0,0.0,3.0,1.0,0.0,10.0,0.3,10.0
0.359375,0.21875,0.296875,0.125,0.0,0.32,0.24,0.36,0.08,0.0,22.0,6.0,4.0,6.893181818181819,2.1463636363636365,0.7625584552722885,8.0,S018,2025-01-13,clearing,1.0,S018|clearing,4.0,True,False,10.0,5.0,0.38541666666666663,16.0,4.0,1.0,0.0,10.0,0.4,10.0
0.37333333333333335,0.17333333333333334,0.3466666666666667,0.10666666666666667,0.0,0.3333333333333333,0.2,0.4,0.06666666666666667,0.0,21.0,5.0,5.0,7.093333333333334,3.17047619047619,0.6911014196900808,8.0,S018,2025-01-20,clearing,1.0,S018|clearing,5.0,True,False,10.0,4.0,0.5650000000000001,11.0,5.0,1.0,0.0,10.0,0.5,10.0
0.34065934065934067,0.16483516483516483,0.4065934065934066,0.08791208791208792,0.0,0.2619047619047619,0.21428571428571427,0.4523809523809524,0.07142857142857142,0.0,31.0,12.0,6.0,6.884516129032257,3.7435483870967747,0.6477676267945487,8.0,S018,2025-01-27,clearing,1.0,S018|clearing,6.0,True,False,10.0,3.0,0.46224742998936547,16.0,6.0,1.0,0.0,10.0,0.6,10.0
0.3211009174311927,0.1651376146788991,0.44036697247706424,0.06422018348623854,0.009174311926605505,0.3,0.18,0.44,0.06,0.02,35.0,8.0,7.0,6.709714285714285,4.003142857142857,0.6263235098013068,8.0,S018,2025-02-03,clearing,1.0,S018|clearing,7.0,True,False,10.0,2.0,0.3574159021406728,18.0,7.0,1.0,0.0,10.0,0.7,10.0
0.30578512396694213,0.1652892561983471,0.45454545454545453,0.049586776859504134,0.024793388429752067,0.32653061224489793,0.1836734693877551,0.40816326530612246,0.04081632653061224,0.04081632653061224,34.0,5.0,8.0,6.713529411764706,4.030588235294119,0.624856282507528,8.0,S018,2025-02-10,clearing,1.0,S018|clearing,8.0,True,False,10.0,1.0,0.36492768595041325,12.0,8.0,1.0,0.0,10.0,0.8,10.0
0.3007518796992481,0.19548872180451127,0.42857142857142855,0.03759398496240601,0.03759398496240601,0.32075471698113206,0.18867924528301888,0.41509433962264153,0.03773584905660377,0.03773584905660377,33.0,8.0,9.0,7.075757575757576,3.764242424242424,0.6527451638152746,8.0,S018,2025-02-17,clearing,1.0,S018|clearing,9.0,True,False,10.0,0.0,0.28330827067669173,12.0,9.0,1.0,0.0,10.0,0.9,10.0
0.3235294117647059,0.19852941176470587,0.39705882352941174,0.029411764705882353,0.051470588235294115,0.3333333333333333,0.18333333333333332,0.4,0.05,0.03333333333333333,34.0,12.0,10.0,7.236176470588235,3.635882352941177,0.665575544433924,8.0,S018,2025-02-24,excavation,2.0,S018|excavation,0.0,True,False,21.0,20.0,0.17032967032967034,3.0,10.0,1.0,1.0,16.0,0.0,16.0
0.3609022556390977,0.19548872180451127,0.3609022556390977,0.03007518796992481,0.05263157894736842,0.37142857142857144,0.18571428571428572,0.37142857142857144,0.04285714285714286,0.02857142857142857,32.0,14.0,11.0,7.780625000000001,3.205,0.7082551061045684,8.0,S018,2025-03-03,excavation,2.0,S018|excavation,1.0,True,False,21.0,19.0,0.22721942470856038,-3.0,11.0,1.0,1.0,16.0,0.0625,16.0
0.4084507042253521,0.18309859154929578,0.3380281690140845,0.035211267605633804,0.035211267605633804,0.3974358974358974,0.16666666666666666,0.358974358974359,0.05128205128205128,0.02564102564102564,43.0,14.0,12.0,7.834651162790697,3.076279069767442,0.7180552891276083,8.0,S018,2025-03-10,excavation,2.0,S018|excavation,2.0,True,False,21.0,18.0,0.26178558957048076,9.0,12.0,1.0,1.0,16.0,0.125,16.0
0.4266666666666667,0.16666666666666666,0.3466666666666667,0.04,0.02,0.3717948717948718,0.19230769230769232,0.358974358974359,0.05128205128205128,0.02564102564102564,41.0,5.0,13.0,7.406341463414635,2.395609756097561,0.7555986861749776,8.0,S018,2025-03-17,excavation,2.0,S018|excavation,3.0,True,False,21.0,17.0,0.25664160401002506,8.0,13.0,1.0,1.0,16.0,0.1875,16.0
0.45569620253164556,0.1518987341772152,0.34177215189873417,0.04430379746835443,0.006329113924050633,0.4444444444444444,0.16666666666666666,0.3194444444444444,0.041666666666666664,0.027777777777777776,42.0,6.0,14.0,7.08142857142857,2.2447619047619045,0.7593055910135308,8.0,S018,2025-03-24,excavation,2.0,S018|excavation,4.0,True,False,21.0,16.0,0.2941176470588235,8.0,14.0,1.0,1.0,16.0,0.25,16.0
0.453416149068323,0.16149068322981366,0.3416149068322981,0.043478260869565216,0.0,0.4507042253521127,0.18309859154929578,0.30985915492957744,0.04225352112676056,0.014084507042253521,35.0,7.0,15.0,7.080571428571427,2.639714285714285,0.7284324387878076,8.0,S018,2025-03-31,excavation,2.0,S018|excavation,5.0,True,False,21.0,15.0,0.21183393265773132,3.0,15.0,1.0,1.0,16.0,0.3125,16.0
0.44370860927152317,0.17880794701986755,0.33774834437086093,0.039735099337748346,0.0,0.43661971830985913,0.16901408450704225,0.352112676056338,0.04225352112676056,0.0,33.0,5.0,16.0,6.667878787878788,3.0084848484848483,0.6890893147939372,8.0,S018,2025-04-07,excavation,2.0,S018|excavation,6.0,True,False,21.0,14.0,0.0795634735565712,-10.0,16.0,1.0,1.0,16.0,0.375,16.0
0.47101449275362317,0.16666666666666666,0.3333333333333333,0.028985507246376812,0.0,0.47692307692307695,0.13846153846153847,0.35384615384615387,0.03076923076923077,0.0,28.0,2.0,17.0,6.694642857142855,3.4225000000000003,0.6617127929963287,8.0,S018,2025-04-14,excavation,2.0,S018|excavation,7.0,True,False,21.0,13.0,0.08869565217391304,-13.0,17.0,1.0,1.0,16.0,0.4375,16.0
0.48360655737704916,0.1721311475409836,0.32786885245901637,0.01639344262295082,0.0,0.5,0.13793103448275862,0.3448275862068966,0.017241379310344827,0.0,26.0,5.0,18.0,6.716153846153846,3.514230769230769,0.6564908455205083,8.0,S018,2025-04-21,excavation,2.0,S018|excavation,8.0,True,False,21.0,12.0,0.09628553641834406,-16.0,18.0,1.0,1.0,16.0,0.5,16.0
0.4830508474576271,0.211864406779661,0.2966101694915254,0.00847457627118644,0.0,0.4339622641509434,0.22641509433962265,0.32075471698113206,0.018867924528301886,0.0,31.0,9.0,19.0,6.525161290322581,2.5432258064516127,0.7195503699487763,8.0,S018,2025-04-28,excavation,2.0,S018|excavation,9.0,True,False,21.0,11.0,0.16001684387830292,-4.0,19.0,1.0,1.0,16.0,0.5625,16.0
0.5,0.22807017543859648,0.2543859649122807,0.017543859649122806,0.0,0.45652173913043476,0.21739130434782608,0.2826086956521739,0.043478260869565216,0.0,29.0,7.0,20.0,6.157241379310344,2.563793103448276,0.7060219050255031,8.0,S018,2025-05-05,excavation,2.0,S018|excavation,10.0,True,False,21.0,10.0,0.21110723829441153,-4.0,20.0,1.0,1.0,16.0,0.625,16.0
0.4957983193277311,0.2689075630252101,0.20168067226890757,0.03361344537815126,0.0,0.4897959183673469,0.24489795918367346,0.22448979591836735,0.04081632653061224,0.0,33.0,8.0,21.0,6.011515151515152,1.9139393939393938,0.7585073028982182,8.0,S018,2025-05-12,excavation,2.0,S018|excavation,11.0,True,False,21.0,9.0,0.2633053221288515,5.0,21.0,1.0,1.0,16.0,0.6875,16.0
0.48,0.288,0.176,0.048,0.008,0.48,0.24,0.22,0.04,0.02,32.0,7.0,22.0,6.0665625,1.8740625,0.7639905548996458,8.0,S018,2025-05-19,excavation,2.0,S018|excavation,12.0,True,False,21.0,8.0,0.3109508196721311,6.0,22.0,1.0,1.0,16.0,0.75,16.0
0.4838709677419355,0.27419354838709675,0.16129032258064516,0.06451612903225806,0.016129032258064516,0.4782608695652174,0.2608695652173913,0.1956521739130435,0.043478260869565216,0.021739130434782608,30.0,3.0,23.0,6.251666666666666,1.8913333333333333,0.7677350689753981,8.0,S018,2025-05-26,excavation,2.0,S018|excavation,13.0,True,False,21.0,7.0,0.2706396938217605,-1.0,23.0,1.0,1.0,16.0,0.8125,16.0
0.472,0.28,0.144,0.08,0.024,0.4782608695652174,0.2826086956521739,0.13043478260869565,0.08695652173913043,0.021739130434782608,30.0,5.0,24.0,6.320666666666667,1.8726666666666665,0.7714401952807161,8.0,S018,2025-06-02,excavation,2.0,S018|excavation,14.0,True,False,21.0,6.0,0.2767719298245615,1.0,24.0,1.0,1.0,16.0,0.875,16.0
0.4482758620689655,0.28448275862068967,0.13793103448275862,0.09482758620689655,0.034482758620689655,0.4166666666666667,0.3125,0.14583333333333334,0.10416666666666667,0.020833333333333332,24.0,4.0,25.0,6.5183333333333335,1.72625,0.7906201041087584,8.0,S018,2025-06-09,excavation,2.0,S018|excavation,15.0,True,False,21.0,5.0,0.22254419008982906,-9.0,25.0,1.0,1.0,16.0,0.9375,16.0
0.42857142857142855,0.29523809523809524,0.11428571428571428,0.12380952380952381,0.0380952380952381,0.40425531914893614,0.3191489361702128,0.1276595744680851,0.1276595744680851,0.02127659574468085,21.0,4.0,26.0,6.579047619047619,1.7328571428571433,0.7915210541392151,8.0,S018,2025-06-16,excavation,2.0,S018|excavation,16.0,True,False,21.0,4.0,0.2262857142857143,-11.0,26.0,1.0,1.0,16.0,1.0,16.0
0.39,0.28,0.12,0.17,0.04,0.41304347826086957,0.1956521739130435,0.1956521739130435,0.17391304347826086,0.021739130434782608,25.0,8.0,27.0,6.314800000000002,1.8844000000000003,0.770172699775588,8.0,S018,2025-06-23,excavation,2.0,S018|excavation,17.0,True,False,21.0,3.0,0.27032258064516135,-5.0,27.0,1.0,1.0,16.0,1.0625,16.0
0.3829787234042553,0.24468085106382978,0.13829787234042554,0.20212765957446807,0.031914893617021274,0.4186046511627907,0.23255813953488372,0.16279069767441862,0.16279069767441862,0.023255813953488372,24.0,4.0,28.0,6.560833333333334,1.9979166666666668,0.766564432111387,8.0,S018,2025-06-30,excavation,2.0,S018|excavation,18.0,True,False,21.0,2.0,0.26008510638297866,-6.0,28.0,1.0,1.0,16.0,1.125,16.0
0.3695652173913043,0.20652173913043478,0.16304347826086957,0.2391304347826087,0.021739130434782608,0.39473684210526316,0.18421052631578946,0.18421052631578946,0.21052631578947367,0.02631578947368421,22.0,3.0,29.0,6.774090909090909,2.0859090909090905,0.7645700800328341,8.0,S018,2025-07-07,excavation,2.0,S018|excavation,19.0,True,False,21.0,1.0,0.33883058470764627,-2.0,29.0,1.0,1.0,16.0,1.1875,16.0
0.358695652173913,0.18478260869565216,0.1956521739130435,0.25,0.010869565217391304,0.3235294117647059,0.20588235294117646,0.17647058823529413,0.29411764705882354,0.0,21.0,3.0,30.0,7.027619047619048,2.0780952380952376,0.7717811944357286,8.0,S018,2025-07-14,excavation,2.0,S018|excavation,20.0,True,False,21.0,0.0,0.41511387163561075,0.0,30.0,1.0,1.0,16.0,1.25,16.0
0.35714285714285715,0.17857142857142858,0.20238095238095238,0.2619047619047619,0.0,0.28125,0.21875,0.1875,0.3125,0.0,17.0,1.0,31.0,7.230588235294118,1.9917647058823529,0.7840285750733512,7.0,S018,2025-07-21,foundation,3.0,S018|foundation,0.0,False,False,,,0.3485714285714286,-8.0,31.0,1.15625,2.0,18.0,0.0,20.8125
0.3382352941176471,0.19117647058823528,0.23529411764705882,0.23529411764705882,0.0,0.26666666666666666,0.2,0.26666666666666666,0.26666666666666666,0.0,8.0,3.0,32.0,6.0825,2.0425,0.7486153846153846,4.0,S018,2025-07-28,foundation,3.0,S018|foundation,1.0,False,False,,,0.26032540675844806,-16.0,32.0,1.15625,2.0,18.0,0.05555555555555555,20.8125
0.3333333333333333,0.24074074074074073,0.24074074074074073,0.18518518518518517,0.0,0.3103448275862069,0.20689655172413793,0.2413793103448276,0.2413793103448276,0.0,8.0,3.0,33.0,5.37875,1.34875,0.7995169082125604,6.0,S018,2025-08-04,foundation,3.0,S018|foundation,2.0,False,False,,,0.22383252818035426,-14.0,33.0,1.15625,2.0,18.0,0.1111111111111111,20.8125
0.32558139534883723,0.32558139534883723,0.23255813953488372,0.11627906976744186,0.0,0.2857142857142857,0.25,0.25,0.21428571428571427,0.0,10.0,3.0,34.0,5.452,1.315,0.8056745973104774,7.0,S018,2025-08-11,foundation,3.0,S018|foundation,3.0,False,False,,,0.35540950455005055,-11.0,34.0,1.15625,2.0,18.0,0.16666666666666666,20.8125
0.3235294117647059,0.4411764705882353,0.23529411764705882,0.0,0.0,0.25,0.35,0.2,0.2,0.0,8.0,0.0,35.0,5.76125,1.3225,0.8133050997000176,6.0,S018,2025-08-18,foundation,3.0,S018|foundation,4.0,False,False,,,0.5910364145658262,-9.0,35.0,1.15625,2.0,18.0,0.2222222222222222,20.8125
0.4,0.2,0.2,0.2,0.0,0.4,0.2,0.2,0.2,0.0,5.0,5.0,0.0,5.5040000000000004,1.2819999999999998,0.8110816386678456,5.0,S019,2024-09-23,clearing,1.0,S019|clearing,0.0,True,False,8.0,7.0,0.0,0.0,0.0,1.0,0.0,10.0,0.0,10.0
0.3076923076923077,0.3076923076923077,0.23076923076923078,0.15384615384615385,0.0,0.25,0.375,0.25,0.125,0.0,8.0,3.0,1.0,6.241250000000001,1.5925000000000002,0.7967129408010212,6.0,S019,2024-09-30,clearing,1.0,S019|clearing,1.0,True,False,8.0,6.0,0.0,0.0,1.0,1.0,0.0,10.0,0.1,10.0
0.27586206896551724,0.2413793103448276,0.3793103448275862,0.10344827586206896,0.0,0.23529411764705882,0.17647058823529413,0.5294117647058824,0.058823529411764705,0.0,16.0,9.0,2.0,6.8793750000000005,1.789375,0.7935832732516221,7.0,S019,2024-10-07,clearing,1.0,S019|clearing,2.0,True,False,8.0,5.0,0.0,0.0,2.0,1.0,0.0,10.0,0.2,10.0
0.3157894736842105,0.22807017543859648,0.3684210526315789,0.08771929824561403,0.0,0.3448275862068966,0.20689655172413793,0.3793103448275862,0.06896551724137931,0.0,28.0,12.0,3.0,7.149642857142858,1.6292857142857142,0.8144095032748871,8.0,S019,2024-10-14,clearing,1.0,S019|clearing,3.0,True,False,8.0,4.0,0.0,0.0,3.0,1.0,0.0,10.0,0.3,10.0
0.3258426966292135,0.2247191011235955,0.38202247191011235,0.06741573033707865,0.0,0.325,0.225,0.4,0.05,0.0,37.0,11.0,4.0,7.057027027027027,1.614054054054054,0.8138578063148709,8.0,S019,2024-10-21,clearing,1.0,S019|clearing,4.0,True,False,8.0,3.0,0.4134831460674157,32.0,4.0,1.0,0.0,10.0,0.4,10.0
0.3252032520325203,0.17886178861788618,0.43902439024390244,0.056910569105691054,0.0,0.2830188679245283,0.16981132075471697,0.49056603773584906,0.05660377358490566,0.0,42.0,13.0,5.0,7.151190476190475,2.2073809523809524,0.7641327023864042,8.0,S019,2024-10-28,clearing,1.0,S019|clearing,5.0,True,False,8.0,2.0,0.45153220762976864,34.0,5.0,1.0,0.0,10.0,0.5,10.0
0.3333333333333333,0.18,0.44,0.04666666666666667,0.0,0.288135593220339,0.2033898305084746,0.4576271186440678,0.05084745762711865,0.0,43.0,6.0,6.0,7.0088372093023255,2.1686046511627906,0.7637027088665332,8.0,S019,2024-11-04,clearing,1.0,S019|clearing,6.0,True,False,8.0,1.0,0.23632183908045978,27.0,6.0,1.0,0.0,10.0,0.6,10.0
0.3475609756097561,0.17073170731707318,0.4451219512195122,0.036585365853658534,0.0,0.3382352941176471,0.20588235294117646,0.4117647058823529,0.04411764705882353,0.0,42.0,9.0,7.0,6.900952380952383,2.205238095238095,0.75783088427548,8.0,S019,2024-11-11,clearing,1.0,S019|clearing,7.0,True,False,8.0,0.0,0.21694480102695762,14.0,7.0,1.0,0.0,10.0,0.7,10.0
0.3559322033898305,0.1977401129943503,0.4180790960451977,0.02824858757062147,0.0,0.325,0.275,0.375,0.025,0.0,50.0,17.0,8.0,6.872800000000001,1.7318,0.7987355600492759,8.0,S019,2024-11-18,excavation,2.0,S019|excavation,0.0,True,False,15.0,14.0,0.13229226179140474,13.0,8.0,0.8,1.0,16.0,0.0,12.8
0.38372093023255816,0.23837209302325582,0.3546511627906977,0.023255813953488372,0.0,0.38372093023255816,0.2441860465116279,0.3372093023255814,0.03488372093023256,0.0,37.0,9.0,9.0,6.717567567567568,2.034864864864865,0.7675086462450593,8.0,S019,2024-11-25,excavation,2.0,S019|excavation,1.0,True,False,15.0,13.0,0.2360559652108149,-5.0,9.0,0.8,1.0,16.0,0.0625,12.8
0.4251497005988024,0.2694610778443114,0.281437125748503,0.023952095808383235,0.0,0.43333333333333335,0.26666666666666666,0.26666666666666666,0.03333333333333333,0.0,38.0,13.0,10.0,6.786842105263159,2.0118421052631583,0.7713473904590997,8.0,S019,2024-12-02,excavation,2.0,S019|excavation,2.0,True,False,15.0,12.0,0.36255489021956094,-5.0,10.0,0.8,1.0,16.0,0.125,12.8
0.45180722891566266,0.30120481927710846,0.22289156626506024,0.024096385542168676,0.0,0.42045454545454547,0.2727272727272727,0.2840909090909091,0.022727272727272728,0.0,41.0,10.0,11.0,6.587073170731705,1.9890243902439024,0.7680734884250042,8.0,S019,2024-12-09,excavation,2.0,S019|excavation,3.0,True,False,15.0,11.0,0.46943873053188373,-1.0,11.0,0.8,1.0,16.0,0.1875,12.8
0.48125,0.29375,0.2,0.025,0.0,0.42857142857142855,0.27380952380952384,0.27380952380952384,0.023809523809523808,0.0,44.0,7.0,12.0,6.3320454545454545,1.7486363636363635,0.783602868794825,8.0,S019,2024-12-16,excavation,2.0,S019|excavation,4.0,True,False,15.0,10.0,0.4426553672316384,-6.0,12.0,0.8,1.0,16.0,0.25,12.8
0.5,0.27586206896551724,0.20114942528735633,0.022988505747126436,0.0,0.5119047619047619,0.2976190476190476,0.17857142857142858,0.011904761904761904,0.0,51.0,13.0,13.0,6.5672549019607835,1.7719607843137253,0.7875146955090525,8.0,S019,2024-12-23,excavation,2.0,S019|excavation,5.0,True,False,15.0,9.0,0.3075380914194066,14.0,13.0,0.8,1.0,16.0,0.3125,12.8
0.5102040816326531,0.23469387755102042,0.2193877551020408,0.030612244897959183,0.00510204081632653,0.53125,0.25,0.16666666666666666,0.041666666666666664,0.010416666666666666,60.0,18.0,14.0,6.7586666666666675,1.8651666666666664,0.7837195369421951,8.0,S019,2024-12-30,excavation,2.0,S019|excavation,6.0,True,False,15.0,8.0,0.1936331418795063,22.0,14.0,0.8,1.0,16.0,0.375,12.8
0.514018691588785,0.21962616822429906,0.21962616822429906,0.037383177570093455,0.009345794392523364,0.5104166666666666,0.2708333333333333,0.16666666666666666,0.041666666666666664,0.010416666666666666,59.0,9.0,15.0,6.883728813559322,1.9137288135593222,0.7824679703304113,8.0,S019,2025-01-06,excavation,2.0,S019|excavation,7.0,True,False,15.0,7.0,0.16968809818714103,18.0,15.0,0.8,1.0,16.0,0.4375,12.8
0.5223214285714286,0.20982142857142858,0.21428571428571427,0.044642857142857144,0.008928571428571428,0.5581395348837209,0.20930232558139536,0.1744186046511628,0.046511627906976744,0.011627906976744186,54.0,7.0,16.0,6.757777777777777,1.9544444444444442,0.7756663690855758,8.0,S019,2025-01-13,excavation,2.0,S019|excavation,8.0,True,False,15.0,6.0,0.16785714285714284,10.0,16.0,0.8,1.0,16.0,0.5,12.8
0.5361702127659574,0.19148936170212766,0.2127659574468085,0.05106382978723404,0.00851063829787234,0.5510204081632653,0.19387755102040816,0.20408163265306123,0.04081632653061224,0.01020408163265306,62.0,21.0,17.0,6.693225806451612,1.874677419354839,0.7811976431166582,8.0,S019,2025-01-20,excavation,2.0,S019|excavation,9.0,True,False,15.0,5.0,0.16874541452677916,11.0,17.0,0.8,1.0,16.0,0.5625,12.8
0.5550847457627118,0.1906779661016949,0.19915254237288135,0.05084745762711865,0.00423728813559322,0.5416666666666666,0.20833333333333334,0.1875,0.052083333333333336,0.010416666666666666,61.0,11.0,18.0,6.548360655737705,2.0462295081967214,0.7619165697064488,8.0,S019,2025-01-27,excavation,2.0,S019|excavation,10.0,True,False,15.0,4.0,0.13023175371843648,1.0,18.0,0.8,1.0,16.0,0.625,12.8
0.5462184873949579,0.19747899159663865,0.20168067226890757,0.0546218487394958,0.0,0.5154639175257731,0.2268041237113402,0.17525773195876287,0.07216494845360824,0.010309278350515464,61.0,11.0,19.0,6.460655737704919,2.1578688524590164,0.749624331881384,8.0,S019,2025-02-03,excavation,2.0,S019|excavation,11.0,True,False,15.0,3.0,0.09887693395115055,2.0,19.0,0.8,1.0,16.0,0.6875,12.8
0.5458333333333333,0.1875,0.20833333333333334,0.058333333333333334,0.0,0.54,0.2,0.18,0.07,0.01,56.0,10.0,20.0,6.162142857142858,2.011964285714286,0.7538612779901693,8.0,S019,2025-02-10,excavation,2.0,S019|excavation,12.0,True,False,15.0,2.0,0.07440476190476181,2.0,20.0,0.8,1.0,16.0,0.75,12.8
0.5476190476190477,0.1865079365079365,0.20238095238095238,0.05952380952380952,0.003968253968253968,0.5299145299145299,0.18803418803418803,0.20512820512820512,0.05982905982905983,0.017094017094017096,74.0,30.0,21.0,6.047972972972973,1.9125675675675675,0.7597440076050791,8.0,S019,2025-02-17,excavation,2.0,S019|excavation,13.0,True,False,15.0,1.0,0.039817629179331356,12.0,21.0,0.8,1.0,16.0,0.8125,12.8
0.5437956204379562,0.17518248175182483,0.21532846715328466,0.058394160583941604,0.0072992700729927005,0.5416666666666666,0.175,0.23333333333333334,0.041666666666666664,0.008333333333333333,83.0,21.0,22.0,6.0534939759036135,1.8592771084337352,0.7650283208477983,8.0,S019,2025-02-24,excavation,2.0,S019|excavation,14.0,True,False,15.0,0.0,0.053569219349251504,22.0,22.0,0.8,1.0,16.0,0.875,12.8
0.5463917525773195,0.15463917525773196,0.24742268041237114,0.044673539518900345,0.006872852233676976,0.504,0.168,0.28,0.04,0.008,78.0,14.0,23.0,6.173076923076923,2.1776923076923076,0.7392225497420781,8.0,S019,2025-03-03,foundation,3.0,S019|foundation,0.0,True,False,14.0,13.0,0.10557625111900429,17.0,23.0,0.86875,2.0,18.0,0.0,15.637500000000001
0.5287769784172662,0.1474820143884892,0.27697841726618705,0.03597122302158273,0.01079136690647482,0.5038759689922481,0.15503875968992248,0.27906976744186046,0.046511627906976744,0.015503875968992248,43.0,11.0,24.0,6.153953488372093,2.3320930232558137,0.7251849821869005,8.0,S019,2025-03-10,foundation,3.0,S019|foundation,1.0,True,False,14.0,12.0,0.15887290167865697,-13.0,24.0,0.86875,2.0,18.0,0.05555555555555555,15.637500000000001
0.4773662551440329,0.16049382716049382,0.30864197530864196,0.03292181069958848,0.0205761316872428,0.44537815126050423,0.19327731092436976,0.2773109243697479,0.05042016806722689,0.03361344537815126,39.0,11.0,25.0,6.553333333333335,2.7810256410256406,0.7020657070651577,8.0,S019,2025-03-17,foundation,3.0,S019|foundation,2.0,True,False,14.0,11.0,0.2457378012933569,-35.0,25.0,0.86875,2.0,18.0,0.1111111111111111,15.637500000000001
0.39903846153846156,0.1875,0.34134615384615385,0.028846153846153848,0.04326923076923077,0.42063492063492064,0.18253968253968253,0.30952380952380953,0.03968253968253968,0.047619047619047616,48.0,18.0,26.0,6.7491666666666665,2.3797916666666663,0.739313996211689,8.0,S019,2025-03-24,foundation,3.0,S019|foundation,3.0,True,False,14.0,10.0,0.34861033127456476,-35.0,26.0,0.86875,2.0,18.0,0.16666666666666666,15.637500000000001
0.33507853403141363,0.2094240837696335,0.33507853403141363,0.041884816753926704,0.07853403141361257,0.4580152671755725,0.15267175572519084,0.3053435114503817,0.030534351145038167,0.05343511450381679,61.0,16.0,27.0,6.6580327868852445,2.223114754098361,0.7496815874480849,8.0,S019,2025-03-31,foundation,3.0,S019|foundation,4.0,True,False,14.0,9.0,0.4282038826217592,-17.0,27.0,0.86875,2.0,18.0,0.2222222222222222,15.637500000000001
0.3417085427135678,0.21608040201005024,0.2964824120603015,0.05025125628140704,0.09547738693467336,0.44881889763779526,0.15748031496062992,0.29133858267716534,0.03937007874015748,0.06299212598425197,51.0,6.0,28.0,6.52843137254902,2.188823529411765,0.7489090827297674,8.0,S019,2025-04-07,foundation,3.0,S019|foundation,5.0,True,False,14.0,8.0,0.37413687140739676,8.0,28.0,0.86875,2.0,18.0,0.2777777777777778,15.637500000000001
0.3671497584541063,0.19806763285024154,0.28502415458937197,0.05314009661835749,0.0966183574879227,0.40404040404040403,0.16161616161616163,0.31313131313131315,0.050505050505050504,0.0707070707070707,47.0,2.0,29.0,6.404468085106384,2.2504255319148934,0.7399823000147501,8.0,S019,2025-04-14,foundation,3.0,S019|foundation,6.0,True,False,14.0,7.0,0.2676686348183932,8.0,29.0,0.86875,2.0,18.0,0.3333333333333333,15.637500000000001
0.38308457711442784,0.18407960199004975,0.2835820895522388,0.05472636815920398,0.0945273631840796,0.36470588235294116,0.17647058823529413,0.32941176470588235,0.047058823529411764,0.08235294117647059,42.0,7.0,30.0,6.455238095238095,2.350238095238095,0.7330935835383825,8.0,S019,2025-04-21,foundation,3.0,S019|foundation,7.0,True,False,14.0,6.0,0.154276693455798,-6.0,30.0,0.86875,2.0,18.0,0.3888888888888889,15.637500000000001
0.39664804469273746,0.16759776536312848,0.2905027932960894,0.055865921787709494,0.0893854748603352,0.39473684210526316,0.15789473684210525,0.3026315789473684,0.05263157894736842,0.09210526315789473,39.0,5.0,31.0,6.303846153846153,2.2751282051282047,0.7348018411142329,8.0,S019,2025-04-28,foundation,3.0,S019|foundation,8.0,True,False,14.0,5.0,0.1728041182836585,-22.0,31.0,0.86875,2.0,18.0,0.4444444444444444,15.637500000000001
0.36363636363636365,0.17575757575757575,0.32727272727272727,0.06060606060606061,0.07272727272727272,0.3424657534246575,0.2191780821917808,0.3013698630136986,0.0547945205479452,0.0821917808219178,37.0,8.0,32.0,6.403783783783784,2.435945945945946,0.7244320787598986,8.0,S019,2025-05-05,foundation,3.0,S019|foundation,9.0,True,False,14.0,4.0,0.1261458809197503,-14.0,32.0,0.86875,2.0,18.0,0.5,15.637500000000001
0.3197278911564626,0.19047619047619047,0.3673469387755102,0.061224489795918366,0.061224489795918366,0.3880597014925373,0.1791044776119403,0.3283582089552239,0.04477611940298507,0.05970149253731343,29.0,5.0,33.0,7.030689655172413,3.031034482758621,0.6987559546249015,8.0,S019,2025-05-12,foundation,3.0,S019|foundation,10.0,True,False,14.0,3.0,0.18081435472739824,-18.0,33.0,0.86875,2.0,18.0,0.5555555555555556,15.637500000000001
0.2900763358778626,0.20610687022900764,0.3969465648854962,0.061068702290076333,0.04580152671755725,0.43137254901960786,0.1568627450980392,0.3137254901960784,0.058823529411764705,0.0392156862745098,26.0,2.0,34.0,7.267307692307691,2.4446153846153846,0.7482871965466714,8.0,S019,2025-05-19,foundation,3.0,S019|foundation,11.0,True,False,14.0,2.0,0.28346815540617526,-16.0,34.0,0.86875,2.0,18.0,0.6111111111111112,15.637500000000001
0.2661290322580645,0.22580645161290322,0.4032258064516129,0.08064516129032258,0.024193548387096774,0.3617021276595745,0.19148936170212766,0.3191489361702128,0.10638297872340426,0.02127659574468085,32.0,12.0,35.0,6.7671874999999995,2.2290625,0.7522231485341114,8.0,S019,2025-05-26,foundation,3.0,S019|foundation,12.0,True,False,14.0,1.0,0.3914218778158227,-7.0,35.0,0.86875,2.0,18.0,0.6666666666666666,15.637500000000001
0.27586206896551724,0.22413793103448276,0.3793103448275862,0.09482758620689655,0.02586206896551724,0.3488372093023256,0.20930232558139536,0.32558139534883723,0.09302325581395349,0.023255813953488372,29.0,2.0,36.0,6.794827586206896,2.1703448275862063,0.7579137659140737,8.0,S019,2025-06-02,foundation,3.0,S019|foundation,13.0,True,False,14.0,0.0,0.26927899686520373,-8.0,36.0,0.86875,2.0,18.0,0.7222222222222222,15.637500000000001
0.3135593220338983,0.22033898305084745,0.3135593220338983,0.11864406779661017,0.03389830508474576,0.3392857142857143,0.21428571428571427,0.2857142857142857,0.10714285714285714,0.05357142857142857,31.0,15.0,37.0,5.960322580645163,1.7170967741935486,0.776344537815126,8.0,S019,2025-06-09,erection,4.0,S019|erection,0.0,False,False,,,0.17456474115069762,2.0,37.0,0.838425925925926,3.0,22.0,0.0,18.445370370370373
0.31092436974789917,0.21008403361344538,0.2773109243697479,0.14285714285714285,0.058823529411764705,0.2962962962962963,0.2222222222222222,0.2777777777777778,0.1111111111111111,0.09259259259259259,27.0,5.0,38.0,6.482222222222221,2.0992592592592594,0.7553733275787656,8.0,S019,2025-06-16,erection,4.0,S019|erection,1.0,False,False,,,0.23927128103149656,1.0,38.0,0.838425925925926,3.0,22.0,0.045454545454545456,18.445370370370373
0.2672413793103448,0.19827586206896552,0.28448275862068967,0.14655172413793102,0.10344827586206896,0.26785714285714285,0.21428571428571427,0.2857142857142857,0.125,0.10714285714285714,29.0,7.0,39.0,6.691379310344827,2.048620689655172,0.7656040400852205,8.0,S019,2025-06-23,erection,4.0,S019|erection,2.0,False,False,,,0.29254727474972186,-3.0,39.0,0.838425925925926,3.0,22.0,0.09090909090909091,18.445370370370373
0.21311475409836064,0.1885245901639344,0.3114754098360656,0.14754098360655737,0.13934426229508196,0.27586206896551724,0.15517241379310345,0.3103448275862069,0.1206896551724138,0.13793103448275862,35.0,10.0,40.0,6.417714285714286,1.7202857142857144,0.7886107502720922,8.0,S019,2025-06-30,erection,4.0,S019|erection,3.0,False,False,,,0.3323911814584511,6.0,40.0,0.838425925925926,3.0,22.0,0.13636363636363635,18.445370370370373
0.15126050420168066,0.18487394957983194,0.37815126050420167,0.13445378151260504,0.15126050420168066,0.2413793103448276,0.15517241379310345,0.3275862068965517,0.13793103448275862,0.13793103448275862,28.0,5.0,41.0,6.528571428571429,1.7146428571428571,0.7919934144967723,8.0,S019,2025-07-07,erection,4.0,S019|erection,4.0,False,False,,,0.3955277026064663,-3.0,41.0,0.838425925925926,3.0,22.0,0.18181818181818182,18.445370370370373
0.13114754098360656,0.16393442622950818,0.4262295081967213,0.14754098360655737,0.13114754098360656,0.21212121212121213,0.15151515151515152,0.3333333333333333,0.16666666666666666,0.13636363636363635,30.0,10.0,42.0,6.4813333333333345,1.6069999999999998,0.8013187718936741,8.0,S019,2025-07-14,erection,4.0,S019|erection,5.0,False,False,,,0.45185287229645954,3.0,42.0,0.838425925925926,3.0,22.0,0.22727272727272727,18.445370370370373
0.14634146341463414,0.15447154471544716,0.4146341463414634,0.17886178861788618,0.10569105691056911,0.1864406779661017,0.15254237288135594,0.3389830508474576,0.1694915254237288,0.15254237288135594,30.0,5.0,43.0,6.444333333333333,1.6033333333333337,0.8007704096425464,8.0,S019,2025-07-21,erection,4.0,S019|erection,6.0,False,False,,,0.329408466498458,1.0,43.0,0.838425925925926,3.0,22.0,0.2727272727272727,18.445370370370373
0.15833333333333333,0.15,0.39166666666666666,0.225,0.075,0.15873015873015872,0.15873015873015872,0.3492063492063492,0.19047619047619047,0.14285714285714285,32.0,6.0,44.0,6.5971874999999995,1.8659375,0.7795214533638579,8.0,S019,2025-07-28,erection,4.0,S019|erection,7.0,False,False,,,0.31530054644808736,-3.0,44.0,0.838425925925926,3.0,22.0,0.3181818181818182,18.445370370370373
0.16393442622950818,0.13934426229508196,0.3770491803278688,0.2540983606557377,0.06557377049180328,0.12962962962962962,0.12962962962962962,0.4074074074074074,0.2037037037037037,0.12962962962962962,30.0,6.0,45.0,6.663333333333332,1.864,0.7814088030646548,8.0,S019,2025-08-04,erection,4.0,S019|erection,8.0,False,False,,,0.2646370023419204,2.0,45.0,0.838425925925926,3.0,22.0,0.36363636363636365,18.445370370370373
0.17073170731707318,0.14634146341463414,0.34959349593495936,0.2682926829268293,0.06504065040650407,0.14545454545454545,0.14545454545454545,0.38181818181818183,0.21818181818181817,0.10909090909090909,31.0,6.0,46.0,6.489354838709678,1.8529032258064515,0.7778894860987587,8.0,S019,2025-08-11,erection,4.0,S019|erection,9.0,False,False,,,0.320671731307477,1.0,46.0,0.838425925925926,3.0,22.0,0.4090909090909091,18.445370370370373
0.168141592920354,0.13274336283185842,0.36283185840707965,0.26548672566371684,0.07079646017699115,0.16666666666666666,0.14583333333333334,0.3541666666666667,0.22916666666666666,0.10416666666666667,20.0,0.0,47.0,6.590000000000001,1.9929999999999999,0.7677968076430153,7.0,S019,2025-08-18,erection,4.0,S019|erection,10.0,False,False,,,0.21685013310310097,-10.0,47.0,0.838425925925926,3.0,22.0,0.45454545454545453,18.445370370370373
0.0,0.0,0.3333333333333333,0.6666666666666666,0.0,0.0,0.0,0.3333333333333333,0.6666666666666666,0.0,3.0,3.0,0.0,6.046666666666667,7.69,0.44018442125697643,3.0,S020,2024-06-24,clearing,1.0,S020|clearing,0.0,True,False,9.0,8.0,0.0,0.0,0.0,1.0,0.0,10.0,0.0,10.0
0.125,0.125,0.25,0.5,0.0,0.2,0.2,0.2,0.4,0.0,5.0,2.0,1.0,5.908,5.008,0.541223891535361,3.0,S020,2024-07-01,clearing,1.0,S020|clearing,1.0,True,False,9.0,7.0,0.0,0.0,1.0,1.0,0.0,10.0,0.1,10.0
0.15384615384615385,0.15384615384615385,0.23076923076923078,0.46153846153846156,0.0,0.2,0.2,0.2,0.4,0.0,5.0,0.0,2.0,5.908,5.008,0.541223891535361,3.0,S020,2024-07-08,clearing,1.0,S020|clearing,2.0,True,False,9.0,6.0,0.0,0.0,2.0,1.0,0.0,10.0,0.2,10.0
0.11764705882352941,0.23529411764705882,0.23529411764705882,0.4117647058823529,0.0,0.14285714285714285,0.2857142857142857,0.2857142857142857,0.2857142857142857,0.0,4.0,2.0,3.0,6.16,1.5699999999999998,0.796895213454075,4.0,S020,2024-07-15,clearing,1.0,S020|clearing,3.0,True,False,9.0,5.0,0.0,0.0,3.0,1.0,0.0,10.0,0.3,10.0
0.09090909090909091,0.2727272727272727,0.3181818181818182,0.3181818181818182,0.0,0.08333333333333333,0.25,0.4166666666666667,0.25,0.0,8.0,5.0,4.0,5.28125,2.63625,0.6670350489422165,6.0,S020,2024-07-22,clearing,1.0,S020|clearing,4.0,True,False,9.0,4.0,0.7272727272727273,5.0,4.0,1.0,0.0,10.0,0.4,10.0
0.037037037037037035,0.3333333333333333,0.4074074074074074,0.2222222222222222,0.0,0.0625,0.3125,0.4375,0.1875,0.0,10.0,4.0,5.0,6.318,2.993,0.6785522500268499,6.0,S020,2024-07-29,clearing,1.0,S020|clearing,5.0,True,False,9.0,3.0,0.7314814814814814,5.0,5.0,1.0,0.0,10.0,0.5,10.0
0.0,0.375,0.46875,0.15625,0.0,0.058823529411764705,0.29411764705882354,0.47058823529411764,0.17647058823529413,0.0,10.0,1.0,6.0,6.4430000000000005,2.92,0.6881341450389833,6.0,S020,2024-08-05,clearing,1.0,S020|clearing,6.0,True,False,9.0,2.0,0.9182692307692307,5.0,6.0,1.0,0.0,10.0,0.6,10.0
0.025,0.375,0.475,0.125,0.0,0.10526315789473684,0.3157894736842105,0.42105263157894735,0.15789473684210525,0.0,12.0,2.0,7.0,6.521666666666667,2.813333333333333,0.6986252454918764,6.0,S020,2024-08-12,clearing,1.0,S020|clearing,7.0,True,False,9.0,1.0,0.7588235294117647,8.0,7.0,1.0,0.0,10.0,0.7,10.0
0.04081632653061224,0.42857142857142855,0.46938775510204084,0.061224489795918366,0.0,0.08333333333333333,0.4583333333333333,0.4166666666666667,0.041666666666666664,0.0,17.0,8.0,8.0,6.73,2.3276470588235294,0.7430185738407585,7.0,S020,2024-08-19,clearing,1.0,S020|clearing,8.0,True,False,9.0,0.0,0.614100185528757,9.0,8.0,1.0,0.0,10.0,0.8,10.0
0.10909090909090909,0.41818181818181815,0.41818181818181815,0.05454545454545454,0.0,0.14814814814814814,0.37037037037037035,0.4074074074074074,0.07407407407407407,0.0,16.0,5.0,9.0,7.118125,1.7106249999999998,0.8062438057482657,7.0,S020,2024-08-26,excavation,2.0,S020|excavation,0.0,True,False,23.0,22.0,0.3353535353535353,6.0,9.0,0.9,1.0,16.0,0.0,14.4
0.17543859649122806,0.38596491228070173,0.38596491228070173,0.05263157894736842,0.0,0.15625,0.375,0.40625,0.0625,0.0,12.0,5.0,10.0,7.029166666666668,1.59,0.8155274098424055,7.0,S020,2024-09-02,excavation,2.0,S020|excavation,1.0,True,False,23.0,21.0,0.37280701754385964,2.0,10.0,0.9,1.0,16.0,0.0625,14.4
0.2413793103448276,0.3448275862068966,0.3620689655172414,0.05172413793103448,0.0,0.22857142857142856,0.34285714285714286,0.37142857142857144,0.05714285714285714,0.0,13.0,5.0,11.0,6.546153846153844,1.5546153846153847,0.8080903997721013,6.0,S020,2024-09-09,excavation,2.0,S020|excavation,2.0,True,False,23.0,20.0,0.43275862068965515,1.0,11.0,0.9,1.0,16.0,0.125,14.4
0.3448275862068966,0.27586206896551724,0.27586206896551724,0.08620689655172414,0.017241379310344827,0.2777777777777778,0.3333333333333333,0.3055555555555556,0.05555555555555555,0.027777777777777776,17.0,6.0,12.0,6.562941176470589,1.9176470588235295,0.7738780606228758,7.0,S020,2024-09-16,excavation,2.0,S020|excavation,3.0,True,False,23.0,19.0,0.6924700914848699,0.0,12.0,0.9,1.0,16.0,0.1875,14.4
0.4166666666666667,0.23333333333333334,0.23333333333333334,0.08333333333333333,0.03333333333333333,0.3684210526315789,0.2894736842105263,0.2631578947368421,0.05263157894736842,0.02631578947368421,18.0,6.0,13.0,6.352777777777778,1.9983333333333333,0.7607104843001596,7.0,S020,2024-09-23,excavation,2.0,S020|excavation,4.0,True,False,23.0,18.0,0.7393939393939394,2.0,13.0,0.9,1.0,16.0,0.25,14.4
0.4722222222222222,0.2361111111111111,0.16666666666666666,0.08333333333333333,0.041666666666666664,0.4222222222222222,0.28888888888888886,0.2,0.06666666666666667,0.022222222222222223,24.0,8.0,14.0,7.224583333333334,2.339166666666667,0.7554132357426045,8.0,S020,2024-09-30,excavation,2.0,S020|excavation,5.0,True,False,23.0,17.0,0.7383040935672514,12.0,14.0,0.9,1.0,16.0,0.3125,14.4
0.47674418604651164,0.29069767441860467,0.10465116279069768,0.08139534883720931,0.046511627906976744,0.4,0.34,0.18,0.06,0.02,27.0,7.0,15.0,7.30185185185185,2.194074074074074,0.7689457467139903,8.0,S020,2024-10-07,excavation,2.0,S020|excavation,6.0,True,False,23.0,16.0,0.6230954290296712,14.0,15.0,0.9,1.0,16.0,0.375,14.4
0.4948453608247423,0.30927835051546393,0.07216494845360824,0.07216494845360824,0.05154639175257732,0.4782608695652174,0.2826086956521739,0.13043478260869565,0.06521739130434782,0.043478260869565216,28.0,4.0,16.0,7.514642857142857,2.3353571428571427,0.7629079042784627,7.0,S020,2024-10-14,excavation,2.0,S020|excavation,7.0,True,False,23.0,15.0,0.4354781372200498,11.0,16.0,0.9,1.0,16.0,0.4375,14.4
0.47706422018348627,0.3119266055045872,0.08256880733944955,0.06422018348623854,0.06422018348623854,0.42857142857142855,0.2857142857142857,0.1836734693877551,0.04081632653061224,0.061224489795918366,30.0,8.0,17.0,7.4430000000000005,2.3119999999999994,0.7629933367503845,7.0,S020,2024-10-21,excavation,2.0,S020|excavation,8.0,True,False,23.0,14.0,0.3397553516819572,12.0,17.0,0.9,1.0,16.0,0.5,14.4
0.4462809917355372,0.32231404958677684,0.10743801652892562,0.05785123966942149,0.06611570247933884,0.42592592592592593,0.2962962962962963,0.14814814814814814,0.07407407407407407,0.05555555555555555,36.0,10.0,18.0,7.302222222222222,2.7325,0.7276955017301039,8.0,S020,2024-10-28,excavation,2.0,S020|excavation,9.0,True,False,23.0,13.0,0.22130394857667582,12.0,18.0,0.9,1.0,16.0,0.5625,14.4
0.4233576642335766,0.29927007299270075,0.145985401459854,0.06569343065693431,0.06569343065693431,0.4,0.3,0.15,0.1,0.05,43.0,11.0,19.0,7.246976744186046,2.6353488372093024,0.7333270579375911,8.0,S020,2024-11-04,excavation,2.0,S020|excavation,10.0,True,False,23.0,12.0,0.13817687998641998,16.0,19.0,0.9,1.0,16.0,0.625,14.4
0.3933333333333333,0.30666666666666664,0.16,0.08,0.06,0.4032258064516129,0.3387096774193548,0.12903225806451613,0.0967741935483871,0.03225806451612903,41.0,8.0,20.0,6.967560975609756,2.4102439024390243,0.7429842128533901,8.0,S020,2024-11-11,excavation,2.0,S020|excavation,11.0,True,False,23.0,11.0,0.20824742268041246,13.0,20.0,0.9,1.0,16.0,0.6875,14.4
0.4049079754601227,0.3067484662576687,0.147239263803681,0.10429447852760736,0.03680981595092025,0.40625,0.328125,0.125,0.109375,0.03125,43.0,8.0,21.0,6.95186046511628,2.1606976744186044,0.7628879134340548,8.0,S020,2024-11-18,excavation,2.0,S020|excavation,12.0,True,False,23.0,10.0,0.20948950301120056,13.0,21.0,0.9,1.0,16.0,0.75,14.4
0.44047619047619047,0.2916666666666667,0.125,0.11904761904761904,0.023809523809523808,0.43548387096774194,0.3064516129032258,0.12903225806451613,0.0967741935483871,0.03225806451612903,41.0,6.0,22.0,6.759512195121951,2.1948780487804878,0.7548824667011685,8.0,S020,2024-11-25,excavation,2.0,S020|excavation,13.0,True,False,23.0,9.0,0.15751672569854386,5.0,22.0,0.9,1.0,16.0,0.8125,14.4
0.5,0.2621951219512195,0.10365853658536585,0.11585365853658537,0.018292682926829267,0.47619047619047616,0.23809523809523808,0.14285714285714285,0.09523809523809523,0.047619047619047616,39.0,8.0,23.0,6.4738461538461545,1.573333333333333,0.8044863624776957,8.0,S020,2024-12-02,excavation,2.0,S020|excavation,14.0,True,False,23.0,8.0,0.2536051272921489,-4.0,23.0,0.9,1.0,16.0,0.875,14.4
0.573170731707317,0.20121951219512196,0.10975609756097561,0.10365853658536585,0.012195121951219513,0.5072463768115942,0.2028985507246377,0.17391304347826086,0.08695652173913043,0.028985507246376812,41.0,10.0,24.0,6.837073170731709,1.826341463414634,0.7891891891891893,8.0,S020,2024-12-09,excavation,2.0,S020|excavation,15.0,True,False,23.0,7.0,0.4069918699186991,0.0,24.0,0.9,1.0,16.0,0.9375,14.4
0.6319018404907976,0.15337423312883436,0.1165644171779141,0.07975460122699386,0.018404907975460124,0.5507246376811594,0.21739130434782608,0.13043478260869565,0.08695652173913043,0.014492753623188406,42.0,8.0,25.0,6.846428571428571,2.1766666666666667,0.7587671847375781,8.0,S020,2024-12-16,excavation,2.0,S020|excavation,16.0,True,False,23.0,6.0,0.45398773006134974,-1.0,25.0,0.9,1.0,16.0,1.0,14.4
0.6626506024096386,0.12048192771084337,0.12650602409638553,0.060240963855421686,0.030120481927710843,0.5882352941176471,0.19117647058823528,0.11764705882352941,0.07352941176470588,0.029411764705882353,44.0,9.0,26.0,6.880454545454546,2.1824999999999997,0.7591844923138652,8.0,S020,2024-12-23,excavation,2.0,S020|excavation,17.0,True,False,23.0,5.0,0.4599827882960414,3.0,26.0,0.9,1.0,16.0,1.0625,14.4
0.6514285714285715,0.11428571428571428,0.14285714285714285,0.05714285714285714,0.03428571428571429,0.5942028985507246,0.17391304347826086,0.13043478260869565,0.07246376811594203,0.028985507246376812,48.0,12.0,27.0,6.786874999999999,2.1391666666666667,0.7603454312055081,8.0,S020,2024-12-30,excavation,2.0,S020|excavation,18.0,True,False,23.0,4.0,0.413240418118467,9.0,27.0,0.9,1.0,16.0,1.125,14.4
0.6223404255319149,0.13297872340425532,0.13829787234042554,0.06914893617021277,0.03723404255319149,0.6282051282051282,0.1282051282051282,0.1282051282051282,0.08974358974358974,0.02564102564102564,54.0,17.0,28.0,6.655925925925926,2.491296296296296,0.7276444984310153,8.0,S020,2025-01-06,excavation,2.0,S020|excavation,19.0,True,False,23.0,3.0,0.2055007784120395,13.0,28.0,0.9,1.0,16.0,1.1875,14.4
0.5728643216080402,0.16080402010050251,0.1407035175879397,0.08542713567839195,0.04020100502512563,0.5925925925925926,0.14814814814814814,0.16049382716049382,0.07407407407407407,0.024691358024691357,53.0,11.0,29.0,6.536792452830188,2.109433962264151,0.7560283687943261,8.0,S020,2025-01-13,excavation,2.0,S020|excavation,20.0,True,False,23.0,2.0,0.11807503776551467,11.0,29.0,0.9,1.0,16.0,1.25,14.4
0.5358851674641149,0.18660287081339713,0.14354066985645933,0.10047846889952153,0.03349282296650718,0.5697674418604651,0.1744186046511628,0.1511627906976744,0.08139534883720931,0.023255813953488372,54.0,11.0,30.0,6.603703703703703,2.1314814814814818,0.7559889760440958,8.0,S020,2025-01-20,excavation,2.0,S020|excavation,21.0,True,False,23.0,1.0,0.25353086989104745,10.0,30.0,0.9,1.0,16.0,1.3125,14.4
0.5194174757281553,0.2087378640776699,0.1407766990291262,0.10679611650485436,0.024271844660194174,0.5232558139534884,0.20930232558139536,0.1511627906976744,0.10465116279069768,0.011627906976744186,45.0,8.0,31.0,6.435999999999999,2.076888888888889,0.7560300720476141,8.0,S020,2025-01-27,excavation,2.0,S020|excavation,22.0,True,False,23.0,0.0,0.2882108183079057,-3.0,31.0,0.9,1.0,16.0,1.375,14.4
0.48936170212765956,0.21808510638297873,0.16489361702127658,0.11170212765957446,0.015957446808510637,0.4634146341463415,0.21951219512195122,0.18292682926829268,0.12195121951219512,0.012195121951219513,36.0,6.0,32.0,6.341111111111111,2.1272222222222226,0.748802729121564,8.0,S020,2025-02-03,foundation,3.0,S020|foundation,0.0,True,False,22.0,21.0,0.30851063829787234,-18.0,32.0,1.16875,2.0,18.0,0.0,21.037499999999998
0.4675324675324675,0.2077922077922078,0.21428571428571427,0.1038961038961039,0.006493506493506494,0.44871794871794873,0.21794871794871795,0.19230769230769232,0.1282051282051282,0.01282051282051282,19.0,4.0,33.0,5.8510526315789475,1.5247368421052634,0.7932781504210075,8.0,S020,2025-02-10,foundation,3.0,S020|foundation,1.0,True,False,22.0,20.0,0.27807870521438366,-34.0,33.0,1.16875,2.0,18.0,0.05555555555555555,21.037499999999998
0.392,0.224,0.296,0.088,0.0,0.3950617283950617,0.2716049382716049,0.2222222222222222,0.1111111111111111,0.0,25.0,12.0,34.0,6.010399999999999,2.5591999999999997,0.7013629574309187,8.0,S020,2025-02-17,foundation,3.0,S020|foundation,2.0,True,False,22.0,19.0,0.37971291866028706,-29.0,34.0,1.16875,2.0,18.0,0.1111111111111111,21.037499999999998
0.3181818181818182,0.24545454545454545,0.34545454545454546,0.07272727272727272,0.01818181818181818,0.4050632911392405,0.27848101265822783,0.20253164556962025,0.08860759493670886,0.02531645569620253,30.0,10.0,35.0,6.2443333333333335,2.4690000000000003,0.7166411629686303,8.0,S020,2025-02-24,foundation,3.0,S020|foundation,3.0,True,False,22.0,18.0,0.48278905560458957,-15.0,35.0,1.16875,2.0,18.0,0.16666666666666666,21.037499999999998
0.28695652173913044,0.2782608695652174,0.3652173913043478,0.034782608695652174,0.034782608695652174,0.3246753246753247,0.3116883116883117,0.2857142857142857,0.05194805194805195,0.025974025974025976,41.0,15.0,36.0,6.612926829268293,2.5095121951219515,0.724907758943372,8.0,S020,2025-03-03,foundation,3.0,S020|foundation,4.0,True,False,22.0,17.0,0.5586493987049028,5.0,36.0,1.16875,2.0,18.0,0.2222222222222222,21.037499999999998
0.3028169014084507,0.30985915492957744,0.30985915492957744,0.035211267605633804,0.04225352112676056,0.32,0.32,0.25333333333333335,0.08,0.02666666666666667,46.0,9.0,37.0,6.693913043478261,2.4432608695652176,0.7326021270014988,8.0,S020,2025-03-10,foundation,3.0,S020|foundation,5.0,True,False,22.0,16.0,0.4668008048289738,27.0,37.0,1.16875,2.0,18.0,0.2777777777777778,21.037499999999998
0.3212121212121212,0.3212121212121212,0.2787878787878788,0.03636363636363636,0.04242424242424243,0.28,0.3466666666666667,0.28,0.06666666666666667,0.02666666666666667,48.0,11.0,38.0,6.990624999999999,2.066666666666667,0.7718228867165037,8.0,S020,2025-03-17,foundation,3.0,S020|foundation,6.0,True,False,22.0,15.0,0.27927272727272723,23.0,38.0,1.16875,2.0,18.0,0.3333333333333333,21.037499999999998
0.3230769230769231,0.2923076923076923,0.30256410256410254,0.05641025641025641,0.02564102564102564,0.28735632183908044,0.25287356321839083,0.3563218390804598,0.08045977011494253,0.022988505747126436,60.0,20.0,39.0,6.9675,2.4418333333333337,0.7404881677766756,8.0,S020,2025-03-24,foundation,3.0,S020|foundation,7.0,True,False,22.0,14.0,0.11841491841491848,30.0,39.0,1.16875,2.0,18.0,0.3888888888888889,21.037499999999998
0.33031674208144796,0.25339366515837103,0.3257918552036199,0.07239819004524888,0.01809954751131222,0.32653061224489793,0.23469387755102042,0.336734693877551,0.07142857142857142,0.030612244897959183,67.0,17.0,40.0,6.814626865671641,2.581641791044776,0.7252481931538399,8.0,S020,2025-03-31,foundation,3.0,S020|foundation,8.0,True,False,22.0,13.0,0.16195160338382844,26.0,40.0,1.16875,2.0,18.0,0.4444444444444444,21.037499999999998
0.3333333333333333,0.2125,0.35833333333333334,0.08333333333333333,0.0125,0.34615384615384615,0.22115384615384615,0.3269230769230769,0.07692307692307693,0.028846153846153848,65.0,10.0,41.0,6.65923076923077,2.4635384615384615,0.7299571655030525,8.0,S020,2025-04-07,foundation,3.0,S020|foundation,9.0,True,False,22.0,12.0,0.25422535211267605,19.0,41.0,1.16875,2.0,18.0,0.5,21.037499999999998
0.34285714285714286,0.15510204081632653,0.39183673469387753,0.09795918367346938,0.012244897959183673,0.3684210526315789,0.16842105263157894,0.3368421052631579,0.09473684210526316,0.031578947368421054,53.0,3.0,42.0,6.719245283018868,2.58188679245283,0.7224115546900357,8.0,S020,2025-04-14,foundation,3.0,S020|foundation,10.0,True,False,22.0,11.0,0.3925788497217068,5.0,42.0,1.16875,2.0,18.0,0.5555555555555556,21.037499999999998
0.3717948717948718,0.12393162393162394,0.3974358974358974,0.08974358974358974,0.017094017094017096,0.38144329896907214,0.17525773195876287,0.3402061855670103,0.09278350515463918,0.010309278350515464,49.0,12.0,43.0,6.471632653061225,2.5651020408163263,0.7161472448057814,8.0,S020,2025-04-21,foundation,3.0,S020|foundation,11.0,True,False,22.0,10.0,0.3538461538461538,-11.0,43.0,1.16875,2.0,18.0,0.6111111111111112,21.037499999999998
0.38497652582159625,0.13145539906103287,0.38028169014084506,0.0892018779342723,0.014084507042253521,0.38461538461538464,0.1978021978021978,0.2967032967032967,0.10989010989010989,0.01098901098901099,46.0,9.0,44.0,6.34586956521739,2.6395652173913042,0.7062395664481165,8.0,S020,2025-04-28,foundation,3.0,S020|foundation,12.0,True,False,22.0,9.0,0.2519066131327937,-21.0,44.0,1.16875,2.0,18.0,0.6666666666666666,21.037499999999998
0.39267015706806285,0.16230366492146597,0.3403141361256545,0.09424083769633508,0.010471204188481676,0.3695652173913043,0.1956521739130435,0.31521739130434784,0.10869565217391304,0.010869565217391304,43.0,10.0,45.0,6.734883720930232,2.445348837209303,0.7336288790373654,8.0,S020,2025-05-05,foundation,3.0,S020|foundation,13.0,True,False,22.0,8.0,0.1404886561954625,-22.0,45.0,1.16875,2.0,18.0,0.7222222222222222,21.037499999999998
0.38202247191011235,0.21910112359550563,0.2808988764044944,0.11235955056179775,0.0056179775280898875,0.36046511627906974,0.16279069767441862,0.313953488372093,0.1511627906976744,0.011627906976744186,40.0,5.0,46.0,6.611500000000001,2.48075,0.7271577442327257,8.0,S020,2025-05-12,foundation,3.0,S020|foundation,14.0,True,False,22.0,7.0,0.23512955744095385,-13.0,46.0,1.16875,2.0,18.0,0.7777777777777778,21.037499999999998
0.35502958579881655,0.25443786982248523,0.24260355029585798,0.14201183431952663,0.005917159763313609,0.4,0.18666666666666668,0.26666666666666666,0.12,0.02666666666666667,40.0,9.0,47.0,6.11275,2.16875,0.7381211133248806,8.0,S020,2025-05-19,foundation,3.0,S020|foundation,15.0,True,False,22.0,6.0,0.3655489809335964,-9.0,47.0,1.16875,2.0,18.0,0.8333333333333334,21.037499999999998
0.33121019108280253,0.25477707006369427,0.2229299363057325,0.17834394904458598,0.012738853503184714,0.390625,0.21875,0.21875,0.15625,0.015625,34.0,6.0,48.0,6.12264705882353,2.158823529411765,0.7393188194765068,8.0,S020,2025-05-26,foundation,3.0,S020|foundation,16.0,True,False,22.0,5.0,0.42492748422595017,-12.0,48.0,1.16875,2.0,18.0,0.8888888888888888,21.037499999999998
0.3049645390070922,0.2198581560283688,0.23404255319148937,0.2198581560283688,0.02127659574468085,0.3333333333333333,0.24561403508771928,0.22807017543859648,0.17543859649122806,0.017543859649122806,27.0,3.0,49.0,6.0092592592592595,2.1377777777777776,0.7376005818975314,8.0,S020,2025-06-02,foundation,3.0,S020|foundation,17.0,True,False,22.0,4.0,0.38795440199027154,-16.0,49.0,1.16875,2.0,18.0,0.9444444444444444,21.037499999999998
0.3023255813953488,0.18604651162790697,0.24806201550387597,0.23255813953488372,0.031007751937984496,0.3220338983050847,0.2711864406779661,0.22033898305084745,0.1694915254237288,0.01694915254237288,28.0,5.0,50.0,6.191071428571428,2.1685714285714286,0.7405904216687316,8.0,S020,2025-06-09,foundation,3.0,S020|foundation,18.0,True,False,22.0,3.0,0.2911767267659612,-12.0,50.0,1.16875,2.0,18.0,1.0,21.037499999999998
0.3017241379310345,0.1896551724137931,0.25,0.22413793103448276,0.034482758620689655,0.25925925925925924,0.2962962962962963,0.24074074074074073,0.18518518518518517,0.018518518518518517,27.0,7.0,51.0,6.473333333333334,2.262222222222222,0.7410328160773341,7.0,S020,2025-06-16,foundation,3.0,S020|foundation,19.0,True,False,22.0,2.0,0.23617629055294842,-13.0,51.0,1.16875,2.0,18.0,1.0555555555555556,21.037499999999998
0.3,0.2,0.24545454545454545,0.21818181818181817,0.03636363636363636,0.24489795918367346,0.22448979591836735,0.2653061224489796,0.24489795918367346,0.02040816326530612,28.0,4.0,52.0,6.408928571428571,2.2239285714285715,0.7423878868111864,8.0,S020,2025-06-23,foundation,3.0,S020|foundation,20.0,True,False,22.0,1.0,0.1719745222929936,-6.0,52.0,1.16875,2.0,18.0,1.1111111111111112,21.037499999999998
0.27358490566037735,0.2358490566037736,0.22641509433962265,0.22641509433962265,0.03773584905660377,0.23255813953488372,0.18604651162790697,0.2558139534883721,0.27906976744186046,0.046511627906976744,23.0,4.0,53.0,6.594782608695652,1.76695652173913,0.788685524126456,8.0,S020,2025-06-30,foundation,3.0,S020|foundation,21.0,True,False,22.0,0.0,0.07801418439716311,-4.0,53.0,1.16875,2.0,18.0,1.1666666666666667,21.037499999999998
0.2358490566037736,0.27358490566037735,0.20754716981132076,0.22641509433962265,0.05660377358490566,0.25,0.22916666666666666,0.25,0.1875,0.08333333333333333,28.0,10.0,54.0,6.538571428571428,1.707857142857143,0.7928973581637071,8.0,S020,2025-07-07,erection,4.0,S020|erection,0.0,False,False,,,0.22626883135878306,0.0,54.0,1.186574074074074,3.0,22.0,0.0,26.104629629629628
0.17307692307692307,0.27884615384615385,0.23076923076923078,0.2403846153846154,0.07692307692307693,0.17777777777777778,0.28888888888888886,0.26666666666666666,0.2,0.06666666666666667,25.0,6.0,55.0,6.4803999999999995,1.8184,0.7808839832264906,8.0,S020,2025-07-14,erection,4.0,S020|erection,1.0,False,False,,,0.29575596816976124,-2.0,55.0,1.186574074074074,3.0,22.0,0.045454545454545456,26.104629629629628
0.14285714285714285,0.2857142857142857,0.25510204081632654,0.22448979591836735,0.09183673469387756,0.16279069767441862,0.27906976744186046,0.3023255813953488,0.18604651162790697,0.06976744186046512,22.0,4.0,56.0,6.295909090909091,1.755,0.7820121951219512,8.0,S020,2025-07-21,erection,4.0,S020|erection,2.0,False,False,,,0.3142857142857143,-6.0,56.0,1.186574074074074,3.0,22.0,0.09090909090909091,26.104629629629628
0.16,0.29,0.29,0.16,0.1,0.1956521739130435,0.2608695652173913,0.30434782608695654,0.15217391304347827,0.08695652173913043,25.0,6.0,57.0,6.048000000000001,1.7195999999999998,0.7786188784180442,8.0,S020,2025-07-28,erection,4.0,S020|erection,3.0,False,False,,,0.35999999999999993,2.0,57.0,1.186574074074074,3.0,22.0,0.13636363636363635,26.104629629629628
0.17204301075268819,0.27956989247311825,0.34408602150537637,0.10752688172043011,0.0967741935483871,0.18604651162790697,0.2558139534883721,0.32558139534883723,0.13953488372093023,0.09302325581395349,21.0,2.0,58.0,6.2542857142857144,1.8480952380952382,0.7719071407581546,7.0,S020,2025-08-04,erection,4.0,S020|erection,4.0,False,False,,,0.36538851694055585,-7.0,58.0,1.186574074074074,3.0,22.0,0.18181818181818182,26.104629629629628
0.18604651162790697,0.27906976744186046,0.36046511627906974,0.08139534883720931,0.09302325581395349,0.16666666666666666,0.2222222222222222,0.3333333333333333,0.16666666666666666,0.1111111111111111,18.0,0.0,59.0,6.0183333333333335,1.8077777777777777,0.7690068857812167,6.0,S020,2025-08-11,erection,4.0,S020|erection,5.0,False,False,,,0.3179785330948121,-7.0,59.0,1.186574074074074,3.0,22.0,0.22727272727272727,26.104629629629628
0.18421052631578946,0.2631578947368421,0.39473684210526316,0.06578947368421052,0.09210526315789473,0.1875,0.25,0.34375,0.09375,0.125,12.0,0.0,60.0,5.923333333333333,1.663333333333333,0.780755711775044,6.0,S020,2025-08-18,erection,4.0,S020|erection,6.0,False,False,,,0.36251342642320084,-10.0,60.0,1.186574074074074,3.0,22.0,0.2727272727272727,26.104629629629628
1.0,0.0,0.0,0.0,0.0,1.0,0.0,0.0,0.0,0.0,2.0,2.0,0.0,5.77,1.6099999999999999,0.7818428184281844,1.0,S021,2024-04-08,clearing,1.0,S021|clearing,0.0,True,False,9.0,8.0,0.0,0.0,0.0,1.0,0.0,10.0,0.0,10.0
0.5714285714285714,0.0,0.2857142857142857,0.14285714285714285,0.0,0.4,0.0,0.4,0.2,0.0,5.0,3.0,1.0,6.1739999999999995,1.432,0.8117275834867209,4.0,S021,2024-04-15,clearing,1.0,S021|clearing,1.0,True,False,9.0,7.0,0.0,0.0,1.0,1.0,0.0,10.0,0.1,10.0
0.4117647058823529,0.058823529411764705,0.4117647058823529,0.11764705882352941,0.0,0.3,0.1,0.5,0.1,0.0,10.0,5.0,2.0,5.99,1.7679999999999996,0.7721062129414797,5.0,S021,2024-04-22,clearing,1.0,S021|clearing,2.0,True,False,9.0,6.0,0.0,0.0,2.0,1.0,0.0,10.0,0.2,10.0
0.4375,0.09375,0.375,0.09375,0.0,0.4666666666666667,0.13333333333333333,0.3333333333333333,0.06666666666666667,0.0,15.0,5.0,3.0,6.216666666666668,1.7273333333333332,0.782561262168513,6.0,S021,2024-04-29,clearing,1.0,S021|clearing,3.0,True,False,9.0,5.0,0.0,0.0,3.0,1.0,0.0,10.0,0.3,10.0
0.4791666666666667,0.08333333333333333,0.3541666666666667,0.08333333333333333,0.0,0.5789473684210527,0.10526315789473684,0.2631578947368421,0.05263157894736842,0.0,18.0,4.0,4.0,6.164444444444444,1.636111111111111,0.790257104194858,7.0,S021,2024-05-06,clearing,1.0,S021|clearing,4.0,True,False,9.0,4.0,1.0416666666666665,16.0,4.0,1.0,0.0,10.0,0.4,10.0
0.543859649122807,0.08771929824561403,0.3157894736842105,0.05263157894736842,0.0,0.5789473684210527,0.10526315789473684,0.2631578947368421,0.05263157894736842,0.0,14.0,0.0,5.0,6.045714285714287,1.6271428571428574,0.7879352075963508,7.0,S021,2024-05-13,clearing,1.0,S021|clearing,5.0,True,False,9.0,3.0,0.23558897243107763,9.0,5.0,1.0,0.0,10.0,0.5,10.0
0.609375,0.09375,0.265625,0.03125,0.0,0.5416666666666666,0.125,0.2916666666666667,0.041666666666666664,0.0,17.0,5.0,6.0,6.08,1.4558823529411764,0.8068066505346967,8.0,S021,2024-05-20,clearing,1.0,S021|clearing,6.0,True,False,9.0,2.0,0.4650735294117647,7.0,6.0,1.0,0.0,10.0,0.6,10.0
0.6307692307692307,0.12307692307692308,0.23076923076923078,0.015384615384615385,0.0,0.5185185185185185,0.18518518518518517,0.25925925925925924,0.037037037037037035,0.0,16.0,3.0,7.0,6.000625,1.303125,0.8215813794283758,7.0,S021,2024-05-27,clearing,1.0,S021|clearing,7.0,True,False,9.0,1.0,0.44519230769230766,1.0,7.0,1.0,0.0,10.0,0.7,10.0
0.6060606060606061,0.16666666666666666,0.21212121212121213,0.015151515151515152,0.0,0.5,0.16666666666666666,0.26666666666666666,0.06666666666666667,0.0,19.0,5.0,8.0,6.532631578947369,1.5115789473684211,0.8120910756346505,7.0,S021,2024-06-03,clearing,1.0,S021|clearing,8.0,True,False,9.0,0.0,0.42045454545454547,1.0,8.0,1.0,0.0,10.0,0.8,10.0
0.5735294117647058,0.19117647058823528,0.20588235294117646,0.029411764705882353,0.0,0.5357142857142857,0.17857142857142858,0.25,0.03571428571428571,0.0,16.0,1.0,9.0,6.979374999999999,1.881875,0.7876287205529695,7.0,S021,2024-06-10,excavation,2.0,S021|excavation,0.0,True,False,15.0,14.0,0.26625386996904016,2.0,9.0,0.9,1.0,16.0,0.0,14.4
0.5645161290322581,0.20967741935483872,0.1935483870967742,0.03225806451612903,0.0,0.6071428571428571,0.21428571428571427,0.14285714285714285,0.03571428571428571,0.0,11.0,5.0,10.0,7.965454545454546,2.3481818181818186,0.7723226090788894,6.0,S021,2024-06-17,excavation,2.0,S021|excavation,1.0,True,False,15.0,13.0,0.23387096774193544,-6.0,10.0,0.9,1.0,16.0,0.0625,14.4
0.5714285714285714,0.21428571428571427,0.17857142857142858,0.03571428571428571,0.0,0.5769230769230769,0.23076923076923078,0.15384615384615385,0.038461538461538464,0.0,10.0,3.0,11.0,8.725999999999999,2.7190000000000003,0.7624290083005678,7.0,S021,2024-06-24,excavation,2.0,S021|excavation,2.0,True,False,15.0,12.0,0.22307692307692306,-6.0,11.0,0.9,1.0,16.0,0.125,14.4
0.6,0.2222222222222222,0.15555555555555556,0.022222222222222223,0.0,0.4782608695652174,0.2608695652173913,0.21739130434782608,0.043478260869565216,0.0,8.0,1.0,12.0,8.07875,2.365,0.7735487731897067,6.0,S021,2024-07-01,excavation,2.0,S021|excavation,3.0,True,False,15.0,11.0,0.12525252525252528,-11.0,12.0,0.9,1.0,16.0,0.1875,14.4
0.5897435897435898,0.23076923076923078,0.1794871794871795,0.0,0.0,0.46153846153846156,0.23076923076923078,0.2692307692307692,0.038461538461538464,0.0,10.0,3.0,13.0,7.592999999999999,2.1929999999999996,0.7759043531575721,5.0,S021,2024-07-08,excavation,2.0,S021|excavation,4.0,True,False,15.0,10.0,0.11161387631975875,-6.0,13.0,0.9,1.0,16.0,0.25,14.4
0.5789473684210527,0.21052631578947367,0.21052631578947367,0.0,0.0,0.5,0.22727272727272727,0.22727272727272727,0.045454545454545456,0.0,10.0,1.0,14.0,7.365,2.024,0.7844285866439451,4.0,S021,2024-07-15,excavation,2.0,S021|excavation,5.0,True,False,15.0,9.0,0.06451612903225801,-1.0,14.0,0.9,1.0,16.0,0.3125,14.4
0.5384615384615384,0.1794871794871795,0.28205128205128205,0.0,0.0,0.47619047619047616,0.19047619047619047,0.2857142857142857,0.047619047619047616,0.0,11.0,2.0,15.0,7.59,2.101818181818182,0.7831347903573773,4.0,S021,2024-07-22,excavation,2.0,S021|excavation,6.0,True,False,15.0,8.0,0.20695970695970695,1.0,15.0,0.9,1.0,16.0,0.375,14.4
0.5,0.1590909090909091,0.3409090909090909,0.0,0.0,0.5,0.2,0.3,0.0,0.0,13.0,4.0,16.0,6.918461538461539,1.986923076923077,0.7768852034205753,6.0,S021,2024-07-29,excavation,2.0,S021|excavation,7.0,True,False,15.0,7.0,0.3707070707070706,5.0,16.0,0.9,1.0,16.0,0.4375,14.4
0.4782608695652174,0.15217391304347827,0.3695652173913043,0.0,0.0,0.45454545454545453,0.22727272727272727,0.3181818181818182,0.0,0.0,12.0,3.0,17.0,7.04,1.6166666666666663,0.8132460531382365,7.0,S021,2024-08-05,excavation,2.0,S021|excavation,8.0,True,False,15.0,6.0,0.3801560758082497,2.0,17.0,0.9,1.0,16.0,0.5,14.4
0.42857142857142855,0.20408163265306123,0.3673469387755102,0.0,0.0,0.4,0.25,0.35,0.0,0.0,13.0,3.0,18.0,7.4361538461538474,1.7546153846153845,0.8090893873451623,7.0,S021,2024-08-12,excavation,2.0,S021|excavation,9.0,True,False,15.0,5.0,0.3136412459720731,3.0,18.0,0.9,1.0,16.0,0.5625,14.4
0.4,0.2545454545454545,0.34545454545454546,0.0,0.0,0.34782608695652173,0.2608695652173913,0.391304347826087,0.0,0.0,17.0,6.0,19.0,6.971176470588236,1.5905882352941176,0.814221916867056,8.0,S021,2024-08-19,excavation,2.0,S021|excavation,10.0,True,False,15.0,4.0,0.2769230769230768,6.0,19.0,0.9,1.0,16.0,0.625,14.4
0.38596491228070173,0.2807017543859649,0.3333333333333333,0.0,0.0,0.391304347826087,0.2608695652173913,0.34782608695652173,0.0,0.0,15.0,1.0,20.0,6.8100000000000005,1.4546666666666668,0.823989674921352,7.0,S021,2024-08-26,excavation,2.0,S021|excavation,11.0,True,False,15.0,3.0,0.24322169059011164,2.0,20.0,0.9,1.0,16.0,0.6875,14.4
0.35,0.3333333333333333,0.31666666666666665,0.0,0.0,0.36363636363636365,0.36363636363636365,0.2727272727272727,0.0,0.0,15.0,2.0,21.0,6.484,1.2853333333333334,0.8345632400892397,7.0,S021,2024-09-02,excavation,2.0,S021|excavation,12.0,True,False,15.0,2.0,0.36231884057971014,3.0,21.0,0.9,1.0,16.0,0.75,14.4
0.34375,0.328125,0.328125,0.0,0.0,0.38461538461538464,0.3076923076923077,0.3076923076923077,0.0,0.0,17.0,5.0,22.0,6.671176470588235,1.4399999999999997,0.8224671839872362,6.0,S021,2024-09-09,excavation,2.0,S021|excavation,13.0,True,False,15.0,1.0,0.24808673469387754,4.0,22.0,0.9,1.0,16.0,0.8125,14.4
0.3333333333333333,0.30434782608695654,0.3333333333333333,0.028985507246376812,0.0,0.36666666666666664,0.26666666666666666,0.3,0.06666666666666667,0.0,22.0,6.0,23.0,6.52,1.37,0.826362484157161,8.0,S021,2024-09-16,excavation,2.0,S021|excavation,14.0,True,False,15.0,0.0,0.15757575757575767,5.0,23.0,0.9,1.0,16.0,0.875,14.4
0.3150684931506849,0.3013698630136986,0.3150684931506849,0.0684931506849315,0.0,0.2962962962962963,0.2962962962962963,0.2962962962962963,0.1111111111111111,0.0,19.0,1.0,24.0,6.801052631578948,1.5010526315789474,0.8191961455559782,8.0,S021,2024-09-23,foundation,3.0,S021|foundation,0.0,True,False,17.0,16.0,0.17832251862533044,4.0,24.0,0.91875,2.0,18.0,0.0,16.537499999999998
0.3055555555555556,0.2638888888888889,0.3472222222222222,0.08333333333333333,0.0,0.28125,0.25,0.34375,0.125,0.0,14.0,8.0,25.0,6.424285714285714,1.5157142857142858,0.8091039942425332,8.0,S021,2024-09-30,foundation,3.0,S021|foundation,1.0,True,False,17.0,15.0,0.2277777777777777,-1.0,25.0,0.91875,2.0,18.0,0.05555555555555555,16.537499999999998
0.3116883116883117,0.22077922077922077,0.36363636363636365,0.09090909090909091,0.012987012987012988,0.34146341463414637,0.1951219512195122,0.34146341463414637,0.0975609756097561,0.024390243902439025,22.0,12.0,26.0,6.581818181818182,1.7800000000000002,0.7871276364427048,8.0,S021,2024-10-07,foundation,3.0,S021|foundation,2.0,True,False,17.0,14.0,0.2788149350649351,5.0,26.0,0.91875,2.0,18.0,0.1111111111111111,16.537499999999998
0.3333333333333333,0.20238095238095238,0.36904761904761907,0.07142857142857142,0.023809523809523808,0.36363636363636365,0.20454545454545456,0.3181818181818182,0.09090909090909091,0.022727272727272728,29.0,9.0,27.0,6.783103448275862,2.3768965517241383,0.7405134768860112,8.0,S021,2024-10-14,foundation,3.0,S021|foundation,3.0,True,False,17.0,13.0,0.20393374741200834,7.0,27.0,0.91875,2.0,18.0,0.16666666666666666,16.537499999999998
0.36893203883495146,0.1941747572815534,0.3592233009708738,0.04854368932038835,0.02912621359223301,0.3888888888888889,0.2037037037037037,0.2777777777777778,0.1111111111111111,0.018518518518518517,38.0,11.0,28.0,6.86,2.4105263157894736,0.7399795617122743,8.0,S021,2024-10-21,foundation,3.0,S021|foundation,4.0,True,False,17.0,12.0,0.2542891341933768,19.0,28.0,0.91875,2.0,18.0,0.2222222222222222,16.537499999999998
0.390625,0.2109375,0.3125,0.0546875,0.03125,0.39285714285714285,0.19642857142857142,0.26785714285714285,0.125,0.017857142857142856,39.0,4.0,29.0,6.5143589743589745,2.176153846153846,0.7495943115097513,8.0,S021,2024-10-28,foundation,3.0,S021|foundation,5.0,True,False,17.0,11.0,0.23263888888888884,25.0,29.0,0.91875,2.0,18.0,0.2777777777777778,16.537499999999998
0.38961038961038963,0.22077922077922077,0.2922077922077922,0.06493506493506493,0.032467532467532464,0.373134328358209,0.19402985074626866,0.2835820895522388,0.11940298507462686,0.029850746268656716,48.0,16.0,30.0,6.522291666666665,2.736875,0.7044145441454414,8.0,S021,2024-11-04,foundation,3.0,S021|foundation,6.0,True,False,17.0,10.0,0.19480519480519487,26.0,30.0,0.91875,2.0,18.0,0.3333333333333333,16.537499999999998
0.3872832369942196,0.2254335260115607,0.27167630057803466,0.08092485549132948,0.03468208092485549,0.373134328358209,0.208955223880597,0.2835820895522388,0.1044776119402985,0.029850746268656716,48.0,6.0,31.0,6.800000000000001,2.9772916666666664,0.6954891223285249,8.0,S021,2024-11-11,foundation,3.0,S021|foundation,7.0,True,False,17.0,9.0,0.19474263693916877,19.0,31.0,0.91875,2.0,18.0,0.3888888888888889,16.537499999999998
0.37362637362637363,0.23076923076923078,0.27472527472527475,0.08791208791208792,0.03296703296703297,0.3835616438356164,0.2054794520547945,0.2876712328767123,0.0958904109589041,0.0273972602739726,47.0,7.0,32.0,6.756808510638299,2.950425531914894,0.6960590917061197,8.0,S021,2024-11-18,foundation,3.0,S021|foundation,8.0,True,False,17.0,8.0,0.16899605249119815,9.0,32.0,0.91875,2.0,18.0,0.4444444444444444,16.537499999999998
0.3723404255319149,0.22340425531914893,0.2765957446808511,0.09574468085106383,0.031914893617021274,0.4230769230769231,0.23076923076923078,0.21794871794871795,0.10256410256410256,0.02564102564102564,45.0,13.0,33.0,7.050222222222222,2.6277777777777773,0.7284792542077105,8.0,S021,2024-11-25,foundation,3.0,S021|foundation,9.0,True,False,17.0,7.0,0.10837765957446807,6.0,33.0,0.91875,2.0,18.0,0.5,16.537499999999998
0.3989071038251366,0.2185792349726776,0.25136612021857924,0.10382513661202186,0.0273224043715847,0.4533333333333333,0.21333333333333335,0.2,0.12,0.013333333333333334,43.0,9.0,34.0,7.237674418604651,2.6311627906976742,0.7333867471015176,8.0,S021,2024-12-02,foundation,3.0,S021|foundation,10.0,True,False,17.0,6.0,0.09637357178340782,-5.0,34.0,0.91875,2.0,18.0,0.5555555555555556,16.537499999999998
0.4342857142857143,0.2057142857142857,0.24,0.10285714285714286,0.017142857142857144,0.4520547945205479,0.2054794520547945,0.2054794520547945,0.1232876712328767,0.0136986301369863,40.0,7.0,35.0,6.999499999999999,2.5335,0.7342389594041749,8.0,S021,2024-12-09,foundation,3.0,S021|foundation,11.0,True,False,17.0,5.0,0.13786952931461602,-8.0,35.0,0.91875,2.0,18.0,0.6111111111111112,16.537499999999998
0.46060606060606063,0.20606060606060606,0.21212121212121213,0.10909090909090909,0.012121212121212121,0.417910447761194,0.23880597014925373,0.22388059701492538,0.1044776119402985,0.014925373134328358,37.0,5.0,36.0,6.977297297297296,3.332702702702703,0.6767504653052664,8.0,S021,2024-12-16,foundation,3.0,S021|foundation,12.0,True,False,17.0,4.0,0.21631701631701636,-10.0,36.0,0.91875,2.0,18.0,0.6666666666666666,16.537499999999998
0.48366013071895425,0.2222222222222222,0.1895424836601307,0.09803921568627451,0.006535947712418301,0.4411764705882353,0.23529411764705882,0.22058823529411764,0.08823529411764706,0.014705882352941176,33.0,5.0,37.0,6.842424242424242,3.0806060606060606,0.6895498686862518,8.0,S021,2024-12-23,foundation,3.0,S021|foundation,13.0,True,False,17.0,3.0,0.2272284800445001,-12.0,37.0,0.91875,2.0,18.0,0.7222222222222222,16.537499999999998
0.47586206896551725,0.25517241379310346,0.1793103448275862,0.08275862068965517,0.006896551724137931,0.4745762711864407,0.2542372881355932,0.15254237288135594,0.1016949152542373,0.01694915254237288,35.0,7.0,38.0,6.7131428571428575,2.849714285714286,0.7020017926501344,8.0,S021,2024-12-30,foundation,3.0,S021|foundation,14.0,True,False,17.0,2.0,0.227096287921613,-8.0,38.0,0.91875,2.0,18.0,0.7777777777777778,16.537499999999998
0.4621212121212121,0.30303030303030304,0.15151515151515152,0.06818181818181818,0.015151515151515152,0.5172413793103449,0.25862068965517243,0.1206896551724138,0.08620689655172414,0.017241379310344827,27.0,5.0,39.0,6.79925925925926,2.051111111111111,0.7682457315031804,7.0,S021,2025-01-06,foundation,3.0,S021|foundation,15.0,True,False,17.0,1.0,0.2503030303030303,-13.0,39.0,0.91875,2.0,18.0,0.8333333333333334,16.537499999999998
0.4409448818897638,0.3464566929133858,0.13385826771653545,0.047244094488188976,0.031496062992125984,0.4745762711864407,0.288135593220339,0.13559322033898305,0.06779661016949153,0.03389830508474576,32.0,8.0,40.0,6.8121875,2.0246875,0.7708819577056368,7.0,S021,2025-01-13,foundation,3.0,S021|foundation,16.0,True,False,17.0,0.0,0.31954187544738727,-5.0,40.0,0.91875,2.0,18.0,0.8888888888888888,16.537499999999998
0.4032258064516129,0.3629032258064516,0.13709677419354838,0.04838709677419355,0.04838709677419355,0.4107142857142857,0.26785714285714285,0.17857142857142858,0.07142857142857142,0.07142857142857142,30.0,10.0,41.0,7.093,2.3803333333333336,0.7487332864180155,8.0,S021,2025-01-20,erection,4.0,S021|erection,0.0,True,False,22.0,21.0,0.3650643052920093,-3.0,41.0,0.9273148148148147,3.0,22.0,0.0,20.400925925925925
0.35135135135135137,0.35135135135135137,0.15315315315315314,0.07207207207207207,0.07207207207207207,0.3076923076923077,0.3076923076923077,0.19230769230769232,0.09615384615384616,0.09615384615384616,22.0,5.0,42.0,7.5577272727272735,2.799545454545455,0.7297024488721144,8.0,S021,2025-01-27,erection,4.0,S021|erection,1.0,True,False,22.0,20.0,0.32270891581236405,-13.0,42.0,0.9273148148148147,3.0,22.0,0.045454545454545456,20.400925925925925
0.2692307692307692,0.2980769230769231,0.22115384615384615,0.10576923076923077,0.10576923076923077,0.27450980392156865,0.27450980392156865,0.23529411764705882,0.09803921568627451,0.11764705882352941,20.0,6.0,43.0,7.346500000000001,2.4354999999999998,0.7510222858311184,8.0,S021,2025-02-03,erection,4.0,S021|erection,2.0,True,False,22.0,19.0,0.3956876456876457,-7.0,43.0,0.9273148148148147,3.0,22.0,0.09090909090909091,20.400925925925925
0.20618556701030927,0.21649484536082475,0.30927835051546393,0.13402061855670103,0.13402061855670103,0.2830188679245283,0.24528301886792453,0.2641509433962264,0.09433962264150944,0.11320754716981132,25.0,7.0,44.0,7.3696,2.3968000000000003,0.7545871559633027,8.0,S021,2025-02-10,erection,4.0,S021|erection,3.0,True,False,22.0,18.0,0.7294423248640312,-7.0,44.0,0.9273148148148147,3.0,22.0,0.13636363636363635,20.400925925925925
0.16483516483516483,0.17582417582417584,0.3516483516483517,0.15384615384615385,0.15384615384615385,0.23529411764705882,0.27450980392156865,0.27450980392156865,0.09803921568627451,0.11764705882352941,24.0,3.0,45.0,7.293333333333334,2.209166666666667,0.7675173200035078,8.0,S021,2025-02-17,erection,4.0,S021|erection,4.0,True,False,22.0,17.0,0.8509393831974479,-6.0,45.0,0.9273148148148147,3.0,22.0,0.18181818181818182,20.400925925925925
0.1368421052631579,0.16842105263157894,0.4,0.15789473684210525,0.1368421052631579,0.15384615384615385,0.25,0.36538461538461536,0.1346153846153846,0.09615384615384616,26.0,8.0,46.0,7.0576923076923075,2.075,0.7727942724784165,8.0,S021,2025-02-24,erection,4.0,S021|erection,5.0,True,False,22.0,16.0,0.7948790896159318,4.0,46.0,0.9273148148148147,3.0,22.0,0.22727272727272727,20.400925925925925
0.1650485436893204,0.1650485436893204,0.39805825242718446,0.1553398058252427,0.11650485436893204,0.15384615384615385,0.21153846153846154,0.38461538461538464,0.1346153846153846,0.11538461538461539,28.0,5.0,47.0,7.0575,2.076785714285714,0.7726384110103223,8.0,S021,2025-03-03,erection,4.0,S021|erection,6.0,True,False,22.0,15.0,0.474421209858103,8.0,47.0,0.9273148148148147,3.0,22.0,0.2727272727272727,20.400925925925925
0.18867924528301888,0.1509433962264151,0.4056603773584906,0.14150943396226415,0.11320754716981132,0.18518518518518517,0.14814814814814814,0.4074074074074074,0.12962962962962962,0.12962962962962962,28.0,10.0,48.0,6.906785714285713,2.0067857142857144,0.7748617677698533,8.0,S021,2025-03-10,erection,4.0,S021|erection,7.0,True,False,22.0,14.0,0.20774168449717953,3.0,48.0,0.9273148148148147,3.0,22.0,0.3181818181818182,20.400925925925925
0.23770491803278687,0.09836065573770492,0.4180327868852459,0.13114754098360656,0.11475409836065574,0.26785714285714285,0.10714285714285714,0.39285714285714285,0.125,0.10714285714285714,40.0,12.0,49.0,7.091999999999999,3.06025,0.698564357654707,8.0,S021,2025-03-17,erection,4.0,S021|erection,8.0,True,False,22.0,13.0,0.2785083768690326,16.0,49.0,0.9273148148148147,3.0,22.0,0.36363636363636365,20.400925925925925
0.291044776119403,0.07462686567164178,0.39552238805970147,0.11940298507462686,0.11940298507462686,0.30357142857142855,0.10714285714285714,0.39285714285714285,0.10714285714285714,0.08928571428571429,38.0,5.0,50.0,6.602105263157894,3.012631578947368,0.6866652069192029,8.0,S021,2025-03-24,erection,4.0,S021|erection,9.0,True,False,22.0,12.0,0.30840534171249023,12.0,50.0,0.9273148148148147,3.0,22.0,0.4090909090909091,20.400925925925925
0.3055555555555556,0.0625,0.3888888888888889,0.125,0.11805555555555555,0.26229508196721313,0.09836065573770492,0.39344262295081966,0.14754098360655737,0.09836065573770492,38.0,11.0,51.0,6.362105263157893,2.7886842105263163,0.6952520633825093,8.0,S021,2025-03-31,erection,4.0,S021|erection,10.0,True,False,22.0,11.0,0.2841154261057174,10.0,51.0,0.9273148148148147,3.0,22.0,0.45454545454545453,20.400925925925925
0.30612244897959184,0.05442176870748299,0.3741496598639456,0.1564625850340136,0.10884353741496598,0.25,0.08928571428571429,0.375,0.17857142857142858,0.10714285714285714,31.0,2.0,52.0,6.5861290322580635,2.4890322580645163,0.7257313475278142,8.0,S021,2025-04-07,erection,4.0,S021|erection,11.0,True,False,22.0,10.0,0.26479270953664485,3.0,52.0,0.9273148148148147,3.0,22.0,0.5,20.400925925925925
0.29770992366412213,0.05343511450381679,0.366412213740458,0.17557251908396945,0.10687022900763359,0.2727272727272727,0.03636363636363636,0.4,0.18181818181818182,0.10909090909090909,24.0,2.0,53.0,6.2441666666666675,2.4808333333333334,0.7156638013371538,7.0,S021,2025-04-14,erection,4.0,S021|erection,12.0,True,False,22.0,9.0,0.20885996746339633,-16.0,53.0,0.9273148148148147,3.0,22.0,0.5454545454545454,20.400925925925925
0.26495726495726496,0.042735042735042736,0.39316239316239315,0.1794871794871795,0.11965811965811966,0.29411764705882354,0.0392156862745098,0.37254901960784315,0.1568627450980392,0.13725490196078433,24.0,4.0,54.0,6.520416666666666,2.5366666666666666,0.7199245526061554,8.0,S021,2025-04-21,erection,4.0,S021|erection,13.0,True,False,22.0,8.0,0.12067865799209082,-14.0,54.0,0.9273148148148147,3.0,22.0,0.5909090909090909,20.400925925925925
0.2376237623762376,0.04950495049504951,0.40594059405940597,0.16831683168316833,0.13861386138613863,0.2653061224489796,0.061224489795918366,0.3673469387755102,0.16326530612244897,0.14285714285714285,22.0,3.0,55.0,6.838181818181818,2.725909090909091,0.7149850292286488,8.0,S021,2025-04-28,erection,4.0,S021|erection,14.0,True,False,22.0,7.0,0.16185368536853692,-16.0,55.0,0.9273148148148147,3.0,22.0,0.6363636363636364,20.400925925925925
0.22826086956521738,0.07608695652173914,0.41304347826086957,0.13043478260869565,0.15217391304347827,0.2558139534883721,0.09302325581395349,0.3488372093023256,0.18604651162790697,0.11627906976744186,22.0,4.0,56.0,6.663181818181818,2.679090909090909,0.7132292122804457,8.0,S021,2025-05-05,erection,4.0,S021|erection,15.0,True,False,22.0,6.0,0.2077787636793848,-9.0,56.0,0.9273148148148147,3.0,22.0,0.6818181818181818,20.400925925925925
0.20224719101123595,0.11235955056179775,0.449438202247191,0.10112359550561797,0.1348314606741573,0.15789473684210525,0.13157894736842105,0.42105263157894735,0.18421052631578946,0.10526315789473684,21.0,7.0,57.0,6.487142857142858,2.649523809523809,0.7100119872830564,8.0,S021,2025-05-12,erection,4.0,S021|erection,16.0,True,False,22.0,5.0,0.33982331246247527,-3.0,57.0,0.9273148148148147,3.0,22.0,0.7272727272727273,20.400925925925925
0.18888888888888888,0.14444444444444443,0.4666666666666667,0.07777777777777778,0.12222222222222222,0.1,0.125,0.475,0.15,0.15,25.0,7.0,58.0,6.7296000000000005,1.8143999999999998,0.7876404494382022,8.0,S021,2025-05-19,erection,4.0,S021|erection,17.0,True,False,22.0,4.0,0.3555555555555555,1.0,58.0,0.9273148148148147,3.0,22.0,0.7727272727272727,20.400925925925925
0.17708333333333334,0.14583333333333334,0.4791666666666667,0.09375,0.10416666666666667,0.11428571428571428,0.14285714285714285,0.4,0.22857142857142856,0.11428571428571428,28.0,6.0,59.0,6.801785714285715,1.8842857142857146,0.7830681304222689,8.0,S021,2025-05-26,erection,4.0,S021|erection,18.0,True,False,22.0,3.0,0.33910891089108913,6.0,59.0,0.9273148148148147,3.0,22.0,0.8181818181818182,20.400925925925925
0.15306122448979592,0.1326530612244898,0.4897959183673469,0.12244897959183673,0.10204081632653061,0.12121212121212122,0.12121212121212122,0.42424242424242425,0.21212121212121213,0.12121212121212122,24.0,0.0,60.0,6.802083333333333,1.8133333333333332,0.7895245925424385,8.0,S021,2025-06-02,erection,4.0,S021|erection,19.0,True,False,22.0,2.0,0.26663708961845606,2.0,60.0,0.9273148148148147,3.0,22.0,0.8636363636363636,20.400925925925925
0.13,0.1,0.48,0.17,0.12,0.08571428571428572,0.11428571428571428,0.45714285714285713,0.22857142857142856,0.11428571428571428,23.0,4.0,61.0,6.1952173913043485,1.5608695652173912,0.7987555356241942,8.0,S021,2025-06-09,erection,4.0,S021|erection,20.0,True,False,22.0,1.0,0.19887640449438201,2.0,61.0,0.9273148148148147,3.0,22.0,0.9090909090909091,20.400925925925925
0.10101010101010101,0.0707070707070707,0.47474747474747475,0.23232323232323232,0.12121212121212122,0.08571428571428572,0.11428571428571428,0.4857142857142857,0.22857142857142856,0.08571428571428572,24.0,4.0,62.0,6.424166666666667,1.6125,0.7993571132310245,8.0,S021,2025-06-16,erection,4.0,S021|erection,21.0,True,False,22.0,0.0,0.32525252525252524,-1.0,62.0,0.9273148148148147,3.0,22.0,0.9545454545454546,20.400925925925925
0.07692307692307693,0.054945054945054944,0.4835164835164835,0.25274725274725274,0.13186813186813187,0.058823529411764705,0.11764705882352941,0.5,0.23529411764705882,0.08823529411764706,20.0,2.0,63.0,6.379,1.6595,0.793556011693724,8.0,S021,2025-06-23,grading,5.0,S021|grading,0.0,False,False,,,0.38209706959706957,-8.0,63.0,0.945486111111111,4.0,14.0,0.0,13.236805555555554
0.05128205128205128,0.05128205128205128,0.5256410256410257,0.24358974358974358,0.1282051282051282,0.030303030303030304,0.09090909090909091,0.5454545454545454,0.24242424242424243,0.09090909090909091,11.0,3.0,64.0,5.697272727272727,1.7409090909090907,0.765949645563432,7.0,S021,2025-06-30,grading,5.0,S021|grading,1.0,False,False,,,0.36630036630036633,-13.0,64.0,0.945486111111111,4.0,14.0,0.07142857142857142,13.236805555555554
0.046153846153846156,0.06153846153846154,0.5538461538461539,0.2,0.13846153846153847,0.034482758620689655,0.06896551724137931,0.5172413793103449,0.2413793103448276,0.13793103448275862,10.0,3.0,65.0,5.621,1.861,0.7512697139802192,4.0,S021,2025-07-07,grading,5.0,S021|grading,2.0,False,False,,,0.24461538461538468,-13.0,65.0,0.945486111111111,4.0,14.0,0.14285714285714285,13.236805555555554
0.05660377358490566,0.09433962264150944,0.5471698113207547,0.1320754716981132,0.16981132075471697,0.038461538461538464,0.07692307692307693,0.46153846153846156,0.3076923076923077,0.11538461538461539,12.0,4.0,66.0,5.937500000000001,1.8583333333333334,0.7616247995724212,5.0,S021,2025-07-14,grading,5.0,S021|grading,3.0,False,False,,,0.2893081761006289,-12.0,66.0,0.945486111111111,4.0,14.0,0.21428571428571427,13.236805555555554
0.061224489795918366,0.12244897959183673,0.5102040816326531,0.10204081632653061,0.20408163265306123,0.041666666666666664,0.08333333333333333,0.5,0.20833333333333334,0.16666666666666666,16.0,4.0,67.0,6.046875,1.97375,0.7539156861217176,6.0,S021,2025-07-21,grading,5.0,S021|grading,4.0,False,False,,,0.33281004709576134,-4.0,67.0,0.945486111111111,4.0,14.0,0.2857142857142857,13.236805555555554
0.07407407407407407,0.1111111111111111,0.42592592592592593,0.12962962962962962,0.25925925925925924,0.04,0.08,0.48,0.2,0.2,16.0,1.0,68.0,5.97,1.83875,0.7645269729470145,7.0,S021,2025-07-28,grading,5.0,S021|grading,5.0,False,False,,,0.42735042735042733,5.0,68.0,0.945486111111111,4.0,14.0,0.35714285714285715,13.236805555555554
0.06666666666666667,0.1,0.4166666666666667,0.16666666666666666,0.25,0.041666666666666664,0.08333333333333333,0.5,0.16666666666666666,0.20833333333333334,16.0,3.0,69.0,6.315625,1.72125,0.7858309355315343,7.0,S021,2025-08-04,grading,5.0,S021|grading,6.0,False,False,,,0.34102564102564104,6.0,69.0,0.945486111111111,4.0,14.0,0.42857142857142855,13.236805555555554
0.04838709677419355,0.08064516129032258,0.43548387096774194,0.1935483870967742,0.24193548387096775,0.043478260869565216,0.08695652173913043,0.43478260869565216,0.17391304347826086,0.2608695652173913,14.0,3.0,70.0,7.436428571428572,2.422857142857143,0.7542563210896183,5.0,S021,2025-08-11,grading,5.0,S021|grading,7.0,False,False,,,0.2671941570298235,2.0,70.0,0.945486111111111,4.0,14.0,0.5,13.236805555555554
0.03773584905660377,0.05660377358490566,0.49056603773584906,0.18867924528301888,0.22641509433962265,0.047619047619047616,0.047619047619047616,0.47619047619047616,0.19047619047619047,0.23809523809523808,7.0,0.0,71.0,8.448571428571428,2.7985714285714285,0.7511749015623016,4.0,S021,2025-08-18,grading,5.0,S021|grading,8.0,False,False,,,0.21794378128609937,-9.0,71.0,0.945486111111111,4.0,14.0,0.5714285714285714,13.236805555555554
0.3333333333333333,0.3333333333333333,0.3333333333333333,0.0,0.0,0.3333333333333333,0.3333333333333333,0.3333333333333333,0.0,0.0,6.0,6.0,0.0,6.329999999999999,2.391666666666667,0.7257787120198739,6.0,S022,2024-03-04,clearing,1.0,S022|clearing,0.0,True,False,10.0,9.0,0.0,0.0,0.0,1.0,0.0,10.0,0.0,10.0
0.4117647058823529,0.29411764705882354,0.23529411764705882,0.058823529411764705,0.0,0.45454545454545453,0.2727272727272727,0.18181818181818182,0.09090909090909091,0.0,11.0,5.0,1.0,7.113636363636362,2.4636363636363643,0.7427622211675368,6.0,S022,2024-03-11,clearing,1.0,S022|clearing,1.0,True,False,10.0,8.0,0.0,0.0,1.0,1.0,0.0,10.0,0.1,10.0
0.45714285714285713,0.2857142857142857,0.2,0.05714285714285714,0.0,0.5,0.2777777777777778,0.16666666666666666,0.05555555555555555,0.0,18.0,7.0,2.0,6.980555555555555,2.235,0.7574752833373523,7.0,S022,2024-03-18,clearing,1.0,S022|clearing,2.0,True,False,10.0,7.0,0.0,0.0,2.0,1.0,0.0,10.0,0.2,10.0
0.45614035087719296,0.2982456140350877,0.17543859649122806,0.07017543859649122,0.0,0.45454545454545453,0.3181818181818182,0.13636363636363635,0.09090909090909091,0.0,22.0,4.0,3.0,6.963636363636363,2.1750000000000003,0.7619995026112907,8.0,S022,2024-03-25,clearing,1.0,S022|clearing,3.0,True,False,10.0,6.0,0.0,0.0,3.0,1.0,0.0,10.0,0.3,10.0
0.4533333333333333,0.29333333333333333,0.17333333333333334,0.08,0.0,0.46153846153846156,0.2692307692307692,0.19230769230769232,0.07692307692307693,0.0,24.0,4.0,4.0,6.746666666666667,2.03375,0.7683765956437146,8.0,S022,2024-04-01,clearing,1.0,S022|clearing,4.0,True,False,10.0,5.0,0.39999999999999997,18.0,4.0,1.0,0.0,10.0,0.4,10.0
0.43023255813953487,0.3023255813953488,0.18604651162790697,0.08139534883720931,0.0,0.4444444444444444,0.2962962962962963,0.18518518518518517,0.07407407407407407,0.0,22.0,1.0,5.0,6.701363636363635,1.9304545454545454,0.7763559768299104,8.0,S022,2024-04-08,clearing,1.0,S022|clearing,5.0,True,False,10.0,4.0,0.09849521203830368,11.0,5.0,1.0,0.0,10.0,0.5,10.0
0.3977272727272727,0.2840909090909091,0.22727272727272727,0.09090909090909091,0.0,0.41379310344827586,0.27586206896551724,0.2413793103448276,0.06896551724137931,0.0,20.0,2.0,6.0,6.6129999999999995,1.8395000000000004,0.7823720792664891,7.0,S022,2024-04-15,clearing,1.0,S022|clearing,6.0,True,False,10.0,3.0,0.12207792207792204,2.0,6.0,1.0,0.0,10.0,0.6,10.0
0.3493975903614458,0.2891566265060241,0.2891566265060241,0.07228915662650602,0.0,0.36363636363636365,0.3333333333333333,0.24242424242424243,0.06060606060606061,0.0,17.0,4.0,7.0,6.234705882352941,1.4752941176470586,0.8086518654154269,7.0,S022,2024-04-22,clearing,1.0,S022|clearing,7.0,True,False,10.0,2.0,0.2316634960896216,-5.0,7.0,1.0,0.0,10.0,0.7,10.0
0.36585365853658536,0.2682926829268293,0.3170731707317073,0.04878048780487805,0.0,0.5142857142857142,0.2571428571428571,0.17142857142857143,0.05714285714285714,0.0,23.0,8.0,8.0,6.598695652173913,1.5295652173913046,0.8118213426049746,8.0,S022,2024-04-29,clearing,1.0,S022|clearing,8.0,True,False,10.0,1.0,0.28747967479674796,-1.0,8.0,1.0,0.0,10.0,0.8,10.0
0.43820224719101125,0.21348314606741572,0.3258426966292135,0.02247191011235955,0.0,0.525,0.225,0.225,0.025,0.0,29.0,10.0,9.0,6.695517241379311,1.864137931034483,0.7822181041775772,8.0,S022,2024-05-06,clearing,1.0,S022|clearing,9.0,True,False,10.0,0.0,0.29553174810556576,7.0,9.0,1.0,0.0,10.0,0.9,10.0
0.5263157894736842,0.18947368421052632,0.28421052631578947,0.0,0.0,0.5263157894736842,0.18421052631578946,0.2631578947368421,0.02631578947368421,0.0,26.0,5.0,10.0,6.708461538461538,2.0126923076923076,0.7692171995589856,7.0,S022,2024-05-13,excavation,2.0,S022|excavation,0.0,True,False,19.0,18.0,0.3710526315789474,6.0,10.0,1.0,1.0,16.0,0.0,16.0
0.5789473684210527,0.14736842105263157,0.2631578947368421,0.010526315789473684,0.0,0.5128205128205128,0.15384615384615385,0.3076923076923077,0.02564102564102564,0.0,17.0,5.0,11.0,6.465294117647059,2.7335294117647058,0.7028392377541886,8.0,S022,2024-05-20,excavation,2.0,S022|excavation,1.0,True,False,19.0,17.0,0.4590995561192137,0.0,11.0,1.0,1.0,16.0,0.0625,16.0
0.5795454545454546,0.14772727272727273,0.25,0.022727272727272728,0.0,0.5121951219512195,0.1951219512195122,0.2682926829268293,0.024390243902439025,0.0,16.0,6.0,12.0,6.005,2.566875,0.7005468465184105,7.0,S022,2024-05-27,excavation,2.0,S022|excavation,2.0,True,False,19.0,16.0,0.42738359201773846,-7.0,12.0,1.0,1.0,16.0,0.125,16.0
0.5526315789473685,0.17105263157894737,0.23684210526315788,0.039473684210526314,0.0,0.5476190476190477,0.16666666666666666,0.2619047619047619,0.023809523809523808,0.0,17.0,2.0,13.0,5.819411764705882,2.4076470588235295,0.7073502073502074,8.0,S022,2024-06-03,excavation,2.0,S022|excavation,3.0,True,False,19.0,15.0,0.26286221170904794,-12.0,13.0,1.0,1.0,16.0,0.1875,16.0
0.5,0.2,0.2571428571428571,0.04285714285714286,0.0,0.5531914893617021,0.1702127659574468,0.2553191489361702,0.02127659574468085,0.0,20.0,7.0,14.0,6.007,1.8445,0.7650767369292492,8.0,S022,2024-06-10,excavation,2.0,S022|excavation,4.0,True,False,19.0,14.0,0.10676691729323308,-6.0,14.0,1.0,1.0,16.0,0.25,16.0
0.4794520547945205,0.2191780821917808,0.2465753424657534,0.0547945205479452,0.0,0.5652173913043478,0.13043478260869565,0.2391304347826087,0.06521739130434782,0.0,20.0,3.0,15.0,5.8975,1.7420000000000002,0.7719746056679102,8.0,S022,2024-06-17,excavation,2.0,S022|excavation,5.0,True,False,19.0,13.0,0.23215573179524157,3.0,15.0,1.0,1.0,16.0,0.3125,16.0
0.47435897435897434,0.20512820512820512,0.24358974358974358,0.0641025641025641,0.01282051282051282,0.47619047619047616,0.14285714285714285,0.2857142857142857,0.07142857142857142,0.023809523809523808,21.0,4.0,16.0,6.232380952380954,1.9428571428571426,0.7623485554520038,8.0,S022,2024-06-24,excavation,2.0,S022|excavation,6.0,True,False,19.0,12.0,0.22319347319347324,5.0,16.0,1.0,1.0,16.0,0.375,16.0
0.4625,0.1875,0.2625,0.0625,0.025,0.42857142857142855,0.17142857142857143,0.2857142857142857,0.08571428571428572,0.02857142857142857,19.0,3.0,17.0,6.907368421052632,2.128421052631579,0.7644454799627213,8.0,S022,2024-07-01,excavation,2.0,S022|excavation,7.0,True,False,19.0,11.0,0.18026315789473688,2.0,17.0,1.0,1.0,16.0,0.4375,16.0
0.42857142857142855,0.16883116883116883,0.2987012987012987,0.06493506493506493,0.03896103896103896,0.4,0.17142857142857143,0.3142857142857143,0.08571428571428572,0.02857142857142857,17.0,5.0,18.0,6.851176470588235,2.8723529411764703,0.7045977011494253,7.0,S022,2024-07-08,excavation,2.0,S022|excavation,8.0,True,False,19.0,10.0,0.20519480519480526,-3.0,18.0,1.0,1.0,16.0,0.5,16.0
0.4266666666666667,0.17333333333333334,0.30666666666666664,0.04,0.05333333333333334,0.42424242424242425,0.21212121212121213,0.2727272727272727,0.06060606060606061,0.030303030303030304,18.0,3.0,19.0,6.551666666666666,2.698888888888889,0.7082457510059457,8.0,S022,2024-07-15,excavation,2.0,S022|excavation,9.0,True,False,19.0,9.0,0.22684931506849307,-2.0,19.0,1.0,1.0,16.0,0.5625,16.0
0.4189189189189189,0.20270270270270271,0.28378378378378377,0.04054054054054054,0.05405405405405406,0.375,0.21875,0.25,0.125,0.03125,20.0,5.0,20.0,6.1465000000000005,2.4690000000000003,0.7134234809355232,8.0,S022,2024-07-22,excavation,2.0,S022|excavation,10.0,True,False,19.0,8.0,0.16285516285516283,-1.0,20.0,1.0,1.0,16.0,0.625,16.0
0.4189189189189189,0.24324324324324326,0.24324324324324326,0.05405405405405406,0.04054054054054054,0.35294117647058826,0.20588235294117646,0.29411764705882354,0.11764705882352941,0.029411764705882353,19.0,4.0,21.0,6.571052631578947,2.6310526315789473,0.7140814458933882,8.0,S022,2024-07-29,excavation,2.0,S022|excavation,11.0,True,False,19.0,7.0,0.1425675675675676,0.0,21.0,1.0,1.0,16.0,0.6875,16.0
0.4189189189189189,0.28378378378378377,0.1891891891891892,0.08108108108108109,0.02702702702702703,0.3103448275862069,0.2413793103448276,0.27586206896551724,0.13793103448275862,0.034482758620689655,17.0,2.0,22.0,6.884117647058823,2.776470588235294,0.7125981854715947,7.0,S022,2024-08-05,excavation,2.0,S022|excavation,12.0,True,False,19.0,6.0,0.2621972621972622,0.0,22.0,1.0,1.0,16.0,0.75,16.0
0.3611111111111111,0.3055555555555556,0.19444444444444445,0.125,0.013888888888888888,0.3225806451612903,0.22580645161290322,0.3225806451612903,0.0967741935483871,0.03225806451612903,16.0,5.0,23.0,6.6725,2.729375,0.7096988632586585,7.0,S022,2024-08-12,excavation,2.0,S022|excavation,13.0,True,False,19.0,5.0,0.43444444444444447,-2.0,23.0,1.0,1.0,16.0,0.8125,16.0
0.3188405797101449,0.3188405797101449,0.21739130434782608,0.14492753623188406,0.0,0.3225806451612903,0.2903225806451613,0.2903225806451613,0.0967741935483871,0.0,17.0,4.0,24.0,6.573529411764705,3.5347058823529416,0.6503142458100558,8.0,S022,2024-08-19,excavation,2.0,S022|excavation,14.0,True,False,19.0,4.0,0.44104974539757147,-3.0,24.0,1.0,1.0,16.0,0.875,16.0
0.27692307692307694,0.2923076923076923,0.26153846153846155,0.16923076923076924,0.0,0.3333333333333333,0.26666666666666666,0.3,0.1,0.0,15.0,2.0,25.0,6.246,2.5453333333333337,0.7104724349738378,8.0,S022,2024-08-26,excavation,2.0,S022|excavation,15.0,True,False,19.0,3.0,0.3650727650727651,-4.0,25.0,1.0,1.0,16.0,0.9375,16.0
0.25396825396825395,0.2857142857142857,0.2857142857142857,0.1746031746031746,0.0,0.3448275862068966,0.3103448275862069,0.20689655172413793,0.13793103448275862,0.0,15.0,4.0,26.0,6.199333333333333,2.490666666666667,0.7133870349060222,8.0,S022,2024-09-02,excavation,2.0,S022|excavation,16.0,True,False,19.0,2.0,0.3839553839553839,-2.0,26.0,1.0,1.0,16.0,1.0,16.0
0.2647058823529412,0.29411764705882354,0.2647058823529412,0.16176470588235295,0.014705882352941176,0.29411764705882354,0.3235294117647059,0.20588235294117646,0.14705882352941177,0.029411764705882353,21.0,8.0,27.0,6.290952380952381,1.4980952380952381,0.8076664425016813,8.0,S022,2024-09-09,excavation,2.0,S022|excavation,17.0,True,False,19.0,1.0,0.21568627450980393,5.0,27.0,1.0,1.0,16.0,1.0625,16.0
0.2916666666666667,0.2777777777777778,0.2361111111111111,0.16666666666666666,0.027777777777777776,0.3235294117647059,0.29411764705882354,0.20588235294117646,0.14705882352941177,0.029411764705882353,21.0,5.0,28.0,6.374285714285714,1.5704761904761904,0.8023255813953488,8.0,S022,2024-09-16,excavation,2.0,S022|excavation,18.0,True,False,19.0,0.0,0.1364734299516907,4.0,28.0,1.0,1.0,16.0,1.125,16.0
0.2804878048780488,0.2926829268292683,0.21951219512195122,0.17073170731707318,0.036585365853658534,0.2631578947368421,0.3157894736842105,0.23684210526315788,0.15789473684210525,0.02631578947368421,25.0,8.0,29.0,6.796799999999999,1.8368,0.7872498146775389,7.0,S022,2024-09-23,foundation,3.0,S022|foundation,0.0,True,False,20.0,19.0,0.08405253283302064,10.0,29.0,1.09375,2.0,18.0,0.0,19.6875
0.25,0.30952380952380953,0.23809523809523808,0.16666666666666666,0.03571428571428571,0.28205128205128205,0.3076923076923077,0.23076923076923078,0.15384615384615385,0.02564102564102564,17.0,3.0,30.0,7.101176470588236,1.8847058823529412,0.7902592301649647,7.0,S022,2024-09-30,foundation,3.0,S022|foundation,1.0,True,False,20.0,18.0,0.11904761904761905,2.0,30.0,1.09375,2.0,18.0,0.05555555555555555,19.6875
0.2345679012345679,0.30864197530864196,0.2716049382716049,0.16049382716049382,0.024691358024691357,0.2682926829268293,0.34146341463414637,0.21951219512195122,0.14634146341463414,0.024390243902439025,18.0,7.0,31.0,6.919444444444444,1.9855555555555557,0.7770291346933683,7.0,S022,2024-10-07,foundation,3.0,S022|foundation,2.0,True,False,20.0,17.0,0.06281771968046476,-3.0,31.0,1.09375,2.0,18.0,0.1111111111111111,19.6875
0.22826086956521738,0.33695652173913043,0.2826086956521739,0.13043478260869565,0.021739130434782608,0.2962962962962963,0.3333333333333333,0.2037037037037037,0.12962962962962962,0.037037037037037035,32.0,17.0,32.0,6.7325,2.6934375000000004,0.7142525610847728,8.0,S022,2024-10-14,foundation,3.0,S022|foundation,3.0,True,False,20.0,16.0,0.2113526570048309,11.0,32.0,1.09375,2.0,18.0,0.16666666666666666,19.6875
0.24761904761904763,0.3523809523809524,0.2761904761904762,0.09523809523809523,0.02857142857142857,0.288135593220339,0.3389830508474576,0.2033898305084746,0.11864406779661017,0.05084745762711865,38.0,7.0,33.0,6.632105263157894,2.4999999999999996,0.7262405625036021,8.0,S022,2024-10-21,foundation,3.0,S022|foundation,4.0,True,False,20.0,15.0,0.2327526132404182,13.0,33.0,1.09375,2.0,18.0,0.2222222222222222,19.6875
0.26717557251908397,0.35877862595419846,0.2366412213740458,0.09923664122137404,0.03816793893129771,0.26153846153846155,0.36923076923076925,0.2,0.12307692307692308,0.046153846153846156,43.0,10.0,34.0,6.49279069767442,2.212558139534884,0.7458392327625357,8.0,S022,2024-10-28,foundation,3.0,S022|foundation,5.0,True,False,20.0,14.0,0.13776808433296978,26.0,34.0,1.09375,2.0,18.0,0.2777777777777778,19.6875
0.27741935483870966,0.3548387096774194,0.2064516129032258,0.11612903225806452,0.04516129032258064,0.2698412698412698,0.3333333333333333,0.2222222222222222,0.14285714285714285,0.031746031746031744,42.0,6.0,35.0,6.551428571428571,2.0023809523809524,0.7659076991593832,8.0,S022,2024-11-04,foundation,3.0,S022|foundation,6.0,True,False,20.0,13.0,0.2190362405416169,24.0,35.0,1.09375,2.0,18.0,0.3333333333333333,19.6875
0.28484848484848485,0.32727272727272727,0.21818181818181817,0.13333333333333333,0.03636363636363636,0.26865671641791045,0.31343283582089554,0.26865671641791045,0.11940298507462686,0.029850746268656716,42.0,9.0,36.0,6.550238095238096,2.066666666666667,0.7601613660854908,8.0,S022,2024-11-11,foundation,3.0,S022|foundation,7.0,True,False,20.0,12.0,0.1482213438735178,10.0,36.0,1.09375,2.0,18.0,0.3888888888888889,19.6875
0.3,0.3,0.2235294117647059,0.15294117647058825,0.023529411764705882,0.31343283582089554,0.29850746268656714,0.23880597014925373,0.11940298507462686,0.029850746268656716,43.0,8.0,37.0,7.149302325581396,1.9332558139534883,0.7871463320957625,8.0,S022,2024-11-18,foundation,3.0,S022|foundation,8.0,True,False,20.0,11.0,0.2201680672268908,5.0,37.0,1.09375,2.0,18.0,0.4444444444444444,19.6875
0.3,0.2823529411764706,0.24705882352941178,0.1588235294117647,0.011764705882352941,0.28169014084507044,0.352112676056338,0.22535211267605634,0.11267605633802817,0.028169014084507043,43.0,7.0,38.0,7.056511627906977,1.9104651162790696,0.7869443435862855,8.0,S022,2024-11-25,foundation,3.0,S022|foundation,9.0,True,False,20.0,10.0,0.20565783565334528,0.0,38.0,1.09375,2.0,18.0,0.5,19.6875
0.32,0.26857142857142857,0.28,0.13142857142857142,0.0,0.2962962962962963,0.2962962962962963,0.2839506172839506,0.09876543209876543,0.024691358024691357,47.0,17.0,39.0,6.638936170212765,1.7765957446808507,0.7888908553080676,8.0,S022,2024-12-02,foundation,3.0,S022|foundation,10.0,True,False,20.0,9.0,0.2628571428571429,5.0,39.0,1.09375,2.0,18.0,0.5555555555555556,19.6875
0.33689839572192515,0.26737967914438504,0.27807486631016043,0.11229946524064172,0.0053475935828877,0.2948717948717949,0.2692307692307692,0.28205128205128205,0.1282051282051282,0.02564102564102564,54.0,14.0,40.0,6.791296296296298,2.123888888888889,0.7617672718208632,8.0,S022,2024-12-09,foundation,3.0,S022|foundation,11.0,True,False,20.0,8.0,0.22388591800356505,12.0,40.0,1.09375,2.0,18.0,0.6111111111111112,19.6875
0.3384615384615385,0.2564102564102564,0.28717948717948716,0.10256410256410256,0.015384615384615385,0.2911392405063291,0.24050632911392406,0.2911392405063291,0.1518987341772152,0.02531645569620253,51.0,8.0,41.0,7.015490196078431,2.212549019607843,0.760236279030236,8.0,S022,2024-12-16,foundation,3.0,S022|foundation,12.0,True,False,20.0,7.0,0.20422322775263954,8.0,41.0,1.09375,2.0,18.0,0.6666666666666666,19.6875
0.3615023474178404,0.2347417840375587,0.28169014084507044,0.09859154929577464,0.023474178403755867,0.32941176470588235,0.21176470588235294,0.3058823529411765,0.12941176470588237,0.023529411764705882,61.0,16.0,42.0,6.941803278688523,2.1414754098360653,0.7642398209644816,8.0,S022,2024-12-23,foundation,3.0,S022|foundation,13.0,True,False,20.0,6.0,0.21568627450980393,18.0,42.0,1.09375,2.0,18.0,0.7222222222222222,19.6875
0.38596491228070173,0.20614035087719298,0.2631578947368421,0.10964912280701754,0.03508771929824561,0.34782608695652173,0.1956521739130435,0.30434782608695654,0.10869565217391304,0.043478260869565216,62.0,13.0,43.0,6.648548387096774,2.1622580645161285,0.7545902209530085,8.0,S022,2024-12-30,foundation,3.0,S022|foundation,14.0,True,False,20.0,5.0,0.20210526315789473,15.0,43.0,1.09375,2.0,18.0,0.7777777777777778,19.6875
0.4067796610169492,0.17796610169491525,0.25,0.1228813559322034,0.0423728813559322,0.3804347826086957,0.18478260869565216,0.2717391304347826,0.11956521739130435,0.043478260869565216,62.0,9.0,44.0,6.555,2.1372580645161294,0.7541193498107326,8.0,S022,2025-01-06,foundation,3.0,S022|foundation,15.0,True,False,20.0,4.0,0.23497688751926044,8.0,44.0,1.09375,2.0,18.0,0.8333333333333334,19.6875
0.43388429752066116,0.18181818181818182,0.21487603305785125,0.128099173553719,0.04132231404958678,0.3626373626373626,0.21978021978021978,0.26373626373626374,0.10989010989010989,0.04395604395604396,57.0,7.0,45.0,6.296842105263158,2.362456140350877,0.7271769520645083,8.0,S022,2025-01-13,foundation,3.0,S022|foundation,16.0,True,False,20.0,3.0,0.29379105742742095,6.0,45.0,1.09375,2.0,18.0,0.8888888888888888,19.6875
0.4605263157894737,0.18421052631578946,0.18859649122807018,0.12280701754385964,0.043859649122807015,0.391304347826087,0.18478260869565216,0.2608695652173913,0.11956521739130435,0.043478260869565216,47.0,8.0,46.0,6.564893617021277,2.9199999999999995,0.6921420399739788,8.0,S022,2025-01-20,foundation,3.0,S022|foundation,17.0,True,False,20.0,2.0,0.28724981467753896,-14.0,46.0,1.09375,2.0,18.0,0.9444444444444444,19.6875
0.4597156398104265,0.2037914691943128,0.17535545023696683,0.10900473933649289,0.052132701421800945,0.3793103448275862,0.19540229885057472,0.21839080459770116,0.12643678160919541,0.08045977011494253,45.0,12.0,47.0,6.793555555555555,2.691111111111111,0.7162671914903587,8.0,S022,2025-01-27,foundation,3.0,S022|foundation,18.0,True,False,20.0,1.0,0.1815914193065602,-17.0,47.0,1.09375,2.0,18.0,1.0,19.6875
0.4623115577889447,0.23618090452261306,0.16080402010050251,0.08542713567839195,0.05527638190954774,0.4069767441860465,0.19767441860465115,0.22093023255813954,0.10465116279069768,0.06976744186046512,50.0,13.0,48.0,6.6508,2.2666,0.7458227734541458,8.0,S022,2025-02-03,foundation,3.0,S022|foundation,19.0,True,False,20.0,0.0,0.2533004003066178,-12.0,48.0,1.09375,2.0,18.0,1.0555555555555556,19.6875
0.43646408839779005,0.2541436464088398,0.1712707182320442,0.06077348066298342,0.07734806629834254,0.4024390243902439,0.21951219512195122,0.2073170731707317,0.08536585365853659,0.08536585365853659,39.0,4.0,49.0,6.612051282051282,1.8471794871794878,0.7816374162650419,8.0,S022,2025-02-10,erection,4.0,S022|erection,0.0,True,False,24.0,23.0,0.22186201543308526,-18.0,49.0,1.099537037037037,3.0,22.0,0.0,24.189814814814813
0.4050632911392405,0.25949367088607594,0.18354430379746836,0.06329113924050633,0.08860759493670886,0.37662337662337664,0.22077922077922077,0.19480519480519481,0.11688311688311688,0.09090909090909091,24.0,11.0,50.0,6.208333333333333,1.79875,0.7753551542904719,6.0,S022,2025-02-17,erection,4.0,S022|erection,1.0,True,False,24.0,22.0,0.24006218076837663,-23.0,50.0,1.099537037037037,3.0,22.0,0.045454545454545456,24.189814814814813
0.38848920863309355,0.2589928057553957,0.18705035971223022,0.07913669064748201,0.08633093525179857,0.39436619718309857,0.23943661971830985,0.18309859154929578,0.11267605633802817,0.07042253521126761,26.0,7.0,51.0,6.419615384615384,2.0996153846153844,0.7535440180586908,8.0,S022,2025-02-24,erection,4.0,S022|erection,2.0,True,False,24.0,21.0,0.20218895973268775,-19.0,51.0,1.099537037037037,3.0,22.0,0.09090909090909091,24.189814814814813
0.3140495867768595,0.256198347107438,0.19834710743801653,0.10743801652892562,0.12396694214876033,0.3055555555555556,0.2777777777777778,0.18055555555555555,0.1111111111111111,0.125,32.0,10.0,52.0,6.095625,1.9353125,0.7590178606171446,8.0,S022,2025-03-03,erection,4.0,S022|erection,3.0,True,False,24.0,20.0,0.29652394202417043,-18.0,52.0,1.099537037037037,3.0,22.0,0.13636363636363635,24.189814814814813
0.264,0.272,0.216,0.128,0.12,0.28205128205128205,0.28205128205128205,0.20512820512820512,0.10256410256410256,0.1282051282051282,43.0,13.0,53.0,6.108372093023257,2.318139534883721,0.7248992658828725,8.0,S022,2025-03-10,erection,4.0,S022|erection,4.0,True,False,24.0,19.0,0.3449281767955801,4.0,53.0,1.099537037037037,3.0,22.0,0.18181818181818182,24.189814814814813
0.23684210526315788,0.27631578947368424,0.21710526315789475,0.15789473684210525,0.1118421052631579,0.27906976744186046,0.2441860465116279,0.20930232558139536,0.1511627906976744,0.11627906976744186,51.0,16.0,54.0,6.028627450980393,2.303529411764706,0.7235374405798467,8.0,S022,2025-03-17,erection,4.0,S022|erection,5.0,True,False,24.0,18.0,0.33644237175216524,27.0,54.0,1.099537037037037,3.0,22.0,0.22727272727272727,24.189814814814813
0.22282608695652173,0.2717391304347826,0.21195652173913043,0.1793478260869565,0.11413043478260869,0.28888888888888886,0.25555555555555554,0.2,0.15555555555555556,0.1,58.0,16.0,55.0,6.157931034482759,2.324310344827586,0.7259792263755921,8.0,S022,2025-03-24,erection,4.0,S022|erection,6.0,True,False,24.0,17.0,0.3313262433531436,32.0,55.0,1.099537037037037,3.0,22.0,0.2727272727272727,24.189814814814813
0.24390243902439024,0.24878048780487805,0.2097560975609756,0.1951219512195122,0.1024390243902439,0.24096385542168675,0.24096385542168675,0.2289156626506024,0.1566265060240964,0.13253012048192772,53.0,6.0,56.0,6.153584905660378,2.378867924528302,0.7211976471628854,8.0,S022,2025-03-31,erection,4.0,S022|erection,7.0,True,False,24.0,16.0,0.1981858496270913,21.0,56.0,1.099537037037037,3.0,22.0,0.3181818181818182,24.189814814814813
0.25980392156862747,0.2107843137254902,0.2107843137254902,0.2107843137254902,0.10784313725490197,0.25,0.2375,0.225,0.1625,0.125,42.0,1.0,57.0,6.092142857142858,2.5271428571428567,0.7068036794563687,8.0,S022,2025-04-07,erection,4.0,S022|erection,8.0,True,False,24.0,15.0,0.1655686274509804,-1.0,57.0,1.099537037037037,3.0,22.0,0.36363636363636365,24.189814814814813
0.2727272727272727,0.1657754010695187,0.23529411764705882,0.20320855614973263,0.12299465240641712,0.22972972972972974,0.22972972972972974,0.2702702702702703,0.13513513513513514,0.13513513513513514,34.0,5.0,58.0,6.117058823529412,2.128529411764706,0.7418583912965935,8.0,S022,2025-04-14,erection,4.0,S022|erection,9.0,True,False,24.0,14.0,0.22108077680833102,-17.0,58.0,1.099537037037037,3.0,22.0,0.4090909090909091,24.189814814814813
0.2838709677419355,0.12903225806451613,0.2645161290322581,0.1935483870967742,0.12903225806451613,0.2028985507246377,0.2463768115942029,0.2608695652173913,0.14492753623188406,0.14492753623188406,26.0,2.0,59.0,5.811538461538462,2.105,0.7341009571005199,8.0,S022,2025-04-21,erection,4.0,S022|erection,10.0,True,False,24.0,13.0,0.285413744740533,-32.0,59.0,1.099537037037037,3.0,22.0,0.45454545454545453,24.189814814814813
0.2755905511811024,0.11023622047244094,0.30708661417322836,0.1732283464566929,0.13385826771653545,0.23809523809523808,0.2222222222222222,0.2857142857142857,0.14285714285714285,0.1111111111111111,25.0,4.0,60.0,5.533200000000001,1.7848,0.7561082262913364,8.0,S022,2025-04-28,erection,4.0,S022|erection,11.0,True,False,24.0,12.0,0.3208757441905128,-28.0,60.0,1.099537037037037,3.0,22.0,0.5,24.189814814814813
0.26605504587155965,0.10091743119266056,0.3302752293577982,0.1834862385321101,0.11926605504587157,0.23636363636363636,0.16363636363636364,0.2909090909090909,0.2,0.10909090909090909,24.0,5.0,61.0,5.907916666666666,2.7137499999999997,0.685240672723758,8.0,S022,2025-05-05,erection,4.0,S022|erection,12.0,True,False,24.0,11.0,0.27432991545241947,-18.0,61.0,1.099537037037037,3.0,22.0,0.5454545454545454,24.189814814814813
0.2549019607843137,0.11764705882352941,0.3235294117647059,0.21568627450980393,0.08823529411764706,0.20833333333333334,0.16666666666666666,0.3541666666666667,0.14583333333333334,0.125,27.0,9.0,62.0,6.818518518518518,2.9596296296296294,0.6973220711336692,8.0,S022,2025-05-12,erection,4.0,S022|erection,13.0,True,False,24.0,10.0,0.20142602495543674,-7.0,62.0,1.099537037037037,3.0,22.0,0.5909090909090909,24.189814814814813
0.2169811320754717,0.1320754716981132,0.330188679245283,0.24528301886792453,0.07547169811320754,0.15,0.15,0.425,0.15,0.125,30.0,8.0,63.0,7.014,2.8843333333333327,0.7086041421114666,8.0,S022,2025-05-19,erection,4.0,S022|erection,14.0,True,False,24.0,9.0,0.2409007912355447,4.0,63.0,1.099537037037037,3.0,22.0,0.6363636363636364,24.189814814814813
0.2037037037037037,0.12962962962962962,0.3425925925925926,0.25925925925925924,0.06481481481481481,0.15,0.15,0.425,0.175,0.1,27.0,6.0,64.0,7.099259259259259,3.1840740740740747,0.6903655681613541,8.0,S022,2025-05-26,erection,4.0,S022|erection,15.0,True,False,24.0,8.0,0.2818606007582386,2.0,64.0,1.099537037037037,3.0,22.0,0.6818181818181818,24.189814814814813
0.19298245614035087,0.12280701754385964,0.3508771929824561,0.24561403508771928,0.08771929824561403,0.14285714285714285,0.14285714285714285,0.40476190476190477,0.16666666666666666,0.14285714285714285,30.0,3.0,65.0,6.991666666666668,2.966666666666667,0.702092050209205,8.0,S022,2025-06-02,erection,4.0,S022|erection,16.0,True,False,24.0,7.0,0.20923869306293252,6.0,65.0,1.099537037037037,3.0,22.0,0.7272727272727273,24.189814814814813
0.19491525423728814,0.13559322033898305,0.3305084745762712,0.2288135593220339,0.11016949152542373,0.17073170731707318,0.17073170731707318,0.3170731707317073,0.1951219512195122,0.14634146341463414,31.0,4.0,66.0,6.838064516129034,3.195483870967741,0.6815200617283951,8.0,S022,2025-06-09,erection,4.0,S022|erection,17.0,True,False,24.0,6.0,0.11997341309405113,4.0,66.0,1.099537037037037,3.0,22.0,0.7727272727272727,24.189814814814813
0.21739130434782608,0.12173913043478261,0.30434782608695654,0.22608695652173913,0.13043478260869565,0.16279069767441862,0.13953488372093023,0.32558139534883723,0.23255813953488372,0.13953488372093023,27.0,4.0,67.0,6.350740740740742,3.1359259259259264,0.6694385882720387,8.0,S022,2025-06-16,erection,4.0,S022|erection,18.0,True,False,24.0,5.0,0.11074651353568493,-3.0,67.0,1.099537037037037,3.0,22.0,0.8181818181818182,24.189814814814813
0.22321428571428573,0.125,0.2857142857142857,0.22321428571428573,0.14285714285714285,0.13953488372093023,0.16279069767441862,0.3488372093023256,0.20930232558139536,0.13953488372093023,24.0,4.0,68.0,6.490833333333334,3.3237500000000004,0.6613457864572276,8.0,S022,2025-06-23,erection,4.0,S022|erection,19.0,True,False,24.0,4.0,0.19510582010582012,-3.0,68.0,1.099537037037037,3.0,22.0,0.8636363636363636,24.189814814814813
0.22857142857142856,0.13333333333333333,0.2857142857142857,0.21904761904761905,0.13333333333333333,0.15,0.175,0.35,0.175,0.15,23.0,2.0,69.0,6.514782608695652,3.070869565217391,0.6796389531455527,8.0,S022,2025-06-30,erection,4.0,S022|erection,20.0,True,False,24.0,3.0,0.18345864661654135,-7.0,69.0,1.099537037037037,3.0,22.0,0.9090909090909091,24.189814814814813
0.22340425531914893,0.1276595744680851,0.3191489361702128,0.20212765957446807,0.1276595744680851,0.125,0.1875,0.3125,0.1875,0.1875,20.0,1.0,70.0,6.5954999999999995,2.088,0.7595439626878563,7.0,S022,2025-07-07,erection,4.0,S022|erection,21.0,True,False,24.0,2.0,0.09195816804904434,-11.0,70.0,1.099537037037037,3.0,22.0,0.9545454545454546,24.189814814814813
0.21686746987951808,0.14457831325301204,0.3253012048192771,0.18072289156626506,0.13253012048192772,0.14814814814814814,0.18518518518518517,0.2222222222222222,0.18518518518518517,0.25925925925925924,16.0,3.0,71.0,6.31625,1.9718749999999998,0.7620843073674685,7.0,S022,2025-07-14,erection,4.0,S022|erection,22.0,True,False,24.0,1.0,0.09177579884756414,-11.0,71.0,1.099537037037037,3.0,22.0,1.0,24.189814814814813
0.18421052631578946,0.17105263157894737,0.3157894736842105,0.17105263157894737,0.15789473684210525,0.07692307692307693,0.23076923076923078,0.23076923076923078,0.19230769230769232,0.2692307692307692,17.0,5.0,72.0,6.311764705882354,1.9041176470588235,0.7682394214935204,7.0,S022,2025-07-21,erection,4.0,S022|erection,23.0,True,False,24.0,0.0,0.1823308270676692,-7.0,72.0,1.099537037037037,3.0,22.0,1.0454545454545454,24.189814814814813
0.13636363636363635,0.19696969696969696,0.3181818181818182,0.16666666666666666,0.18181818181818182,0.08333333333333333,0.25,0.2916666666666667,0.20833333333333334,0.16666666666666666,13.0,1.0,73.0,6.403846153846154,1.8053846153846154,0.7800787106446777,7.0,S022,2025-07-28,grading,5.0,S022|grading,0.0,False,False,,,0.2891774891774892,-10.0,73.0,1.0973800505050506,4.0,14.0,0.0,15.36332070707071
0.08333333333333333,0.18333333333333332,0.3333333333333333,0.16666666666666666,0.23333333333333334,0.037037037037037035,0.18518518518518517,0.37037037037037035,0.18518518518518517,0.2222222222222222,14.0,7.0,74.0,6.432857142857143,2.0785714285714283,0.7557905337361532,6.0,S022,2025-08-04,grading,5.0,S022|grading,1.0,False,False,,,0.35106382978723405,-6.0,74.0,1.0973800505050506,4.0,14.0,0.07142857142857142,15.36332070707071
0.03571428571428571,0.16071428571428573,0.375,0.14285714285714285,0.2857142857142857,0.0,0.19230769230769232,0.34615384615384615,0.11538461538461539,0.34615384615384615,12.0,3.0,75.0,6.810833333333334,3.1799999999999997,0.6817082325465009,5.0,S022,2025-08-11,grading,5.0,S022|grading,2.0,False,False,,,0.4380378657487092,-4.0,75.0,1.0973800505050506,4.0,14.0,0.14285714285714285,15.36332070707071
0.0,0.12,0.42,0.12,0.34,0.0,0.18181818181818182,0.3181818181818182,0.13636363636363635,0.36363636363636365,11.0,0.0,76.0,6.803636363636363,3.2754545454545454,0.6750248038242987,5.0,S022,2025-08-18,grading,5.0,S022|grading,3.0,False,False,,,0.5726315789473685,-6.0,76.0,1.0973800505050506,4.0,14.0,0.21428571428571427,15.36332070707071
0.0,0.5,0.5,0.0,0.0,0.0,0.5,0.5,0.0,0.0,2.0,2.0,0.0,5.48,1.23,0.8166915052160953,2.0,S023,2024-03-25,clearing,1.0,S023|clearing,0.0,True,False,9.0,8.0,0.0,0.0,0.0,1.0,0.0,10.0,0.0,10.0
0.2222222222222222,0.3333333333333333,0.3333333333333333,0.1111111111111111,0.0,0.2857142857142857,0.2857142857142857,0.2857142857142857,0.14285714285714285,0.0,7.0,5.0,1.0,5.801428571428572,1.5828571428571425,0.7856451924937126,4.0,S023,2024-04-01,clearing,1.0,S023|clearing,1.0,True,False,9.0,7.0,0.0,0.0,1.0,1.0,0.0,10.0,0.1,10.0
0.35714285714285715,0.2857142857142857,0.25,0.10714285714285714,0.0,0.42105263157894735,0.2631578947368421,0.21052631578947367,0.10526315789473684,0.0,19.0,12.0,2.0,6.467894736842105,1.8631578947368423,0.7763598458525491,8.0,S023,2024-04-08,clearing,1.0,S023|clearing,2.0,True,False,9.0,6.0,0.0,0.0,2.0,1.0,0.0,10.0,0.2,10.0
0.39622641509433965,0.2830188679245283,0.22641509433962265,0.09433962264150944,0.0,0.44,0.28,0.2,0.08,0.0,25.0,6.0,3.0,6.222799999999999,1.6652,0.788894523326572,8.0,S023,2024-04-15,clearing,1.0,S023|clearing,3.0,True,False,9.0,5.0,0.0,0.0,3.0,1.0,0.0,10.0,0.3,10.0
0.4383561643835616,0.2876712328767123,0.1917808219178082,0.0821917808219178,0.0,0.44,0.28,0.2,0.08,0.0,22.0,0.0,4.0,6.409090909090907,1.7390909090909092,0.7865669976570344,8.0,S023,2024-04-22,clearing,1.0,S023|clearing,4.0,True,False,9.0,4.0,1.0410958904109588,20.0,4.0,1.0,0.0,10.0,0.4,10.0
0.45555555555555555,0.2777777777777778,0.18888888888888888,0.07777777777777778,0.0,0.4,0.26666666666666666,0.23333333333333334,0.1,0.0,24.0,5.0,5.0,6.479166666666667,1.705,0.7916709092760412,8.0,S023,2024-04-29,clearing,1.0,S023|clearing,5.0,True,False,9.0,3.0,0.4666666666666666,17.0,5.0,1.0,0.0,10.0,0.5,10.0
0.4666666666666667,0.26666666666666666,0.18888888888888888,0.07777777777777778,0.0,0.41935483870967744,0.25806451612903225,0.22580645161290322,0.0967741935483871,0.0,19.0,1.0,6.0,5.961052631578947,1.4515789473684209,0.8041749502982107,7.0,S023,2024-05-06,clearing,1.0,S023|clearing,6.0,True,False,9.0,2.0,0.21904761904761905,0.0,6.0,1.0,0.0,10.0,0.6,10.0
0.47674418604651164,0.2441860465116279,0.18604651162790697,0.08139534883720931,0.011627906976744186,0.4473684210526316,0.23684210526315788,0.18421052631578946,0.10526315789473684,0.02631578947368421,21.0,7.0,7.0,5.9714285714285715,1.4585714285714286,0.8036915977696597,7.0,S023,2024-05-13,clearing,1.0,S023|clearing,7.0,True,False,9.0,1.0,0.18429135585783238,-4.0,7.0,1.0,0.0,10.0,0.7,10.0
0.48314606741573035,0.21348314606741572,0.19101123595505617,0.0898876404494382,0.02247191011235955,0.5111111111111111,0.2222222222222222,0.15555555555555556,0.08888888888888889,0.022222222222222223,25.0,9.0,8.0,6.184,1.6828,0.7860883713835358,8.0,S023,2024-05-20,clearing,1.0,S023|clearing,8.0,True,False,9.0,0.0,0.1499153455440973,3.0,8.0,1.0,0.0,10.0,0.8,10.0
0.4942528735632184,0.22988505747126436,0.1724137931034483,0.08045977011494253,0.022988505747126436,0.5111111111111111,0.26666666666666666,0.13333333333333333,0.06666666666666667,0.022222222222222223,22.0,5.0,9.0,6.455909090909092,1.6254545454545453,0.7988638281118173,7.0,S023,2024-05-27,excavation,2.0,S023|excavation,0.0,True,False,14.0,13.0,0.12873563218390804,-2.0,9.0,0.9,1.0,16.0,0.0,14.4
0.46835443037974683,0.27848101265822783,0.1518987341772152,0.0759493670886076,0.02531645569620253,0.4864864864864865,0.2972972972972973,0.13513513513513514,0.05405405405405406,0.02702702702702703,11.0,4.0,10.0,7.295454545454546,1.830909090909091,0.799382408606435,5.0,S023,2024-06-03,excavation,2.0,S023|excavation,1.0,True,False,14.0,12.0,0.07763713080168773,-8.0,10.0,0.9,1.0,16.0,0.0625,14.4
0.43478260869565216,0.34782608695652173,0.14492753623188406,0.057971014492753624,0.014492753623188406,0.45454545454545453,0.30303030303030304,0.15151515151515152,0.06060606060606061,0.030303030303030304,11.0,2.0,11.0,6.825454545454545,1.6900000000000004,0.8015373118394363,6.0,S023,2024-06-10,excavation,2.0,S023|excavation,2.0,True,False,14.0,11.0,0.2130097741826761,-10.0,11.0,0.9,1.0,16.0,0.125,14.4
0.3333333333333333,0.45614035087719296,0.15789473684210525,0.05263157894736842,0.0,0.43243243243243246,0.2972972972972973,0.16216216216216217,0.08108108108108109,0.02702702702702703,13.0,4.0,12.0,6.2069230769230765,1.6323076923076922,0.7917770581885978,6.0,S023,2024-06-17,excavation,2.0,S023|excavation,3.0,True,False,14.0,10.0,0.4853144096195545,-12.0,12.0,0.9,1.0,16.0,0.1875,14.4
0.24,0.52,0.18,0.06,0.0,0.4722222222222222,0.3333333333333333,0.1111111111111111,0.05555555555555555,0.027777777777777776,15.0,4.0,13.0,6.166,1.7166666666666666,0.7822225981055481,7.0,S023,2024-06-24,excavation,2.0,S023|excavation,4.0,True,False,14.0,9.0,0.5954022988505747,-7.0,13.0,0.9,1.0,16.0,0.25,14.4
0.23728813559322035,0.5084745762711864,0.2033898305084746,0.05084745762711865,0.0,0.4146341463414634,0.3902439024390244,0.12195121951219512,0.04878048780487805,0.024390243902439025,20.0,6.0,14.0,6.336,1.9904999999999997,0.7609439740587283,8.0,S023,2024-07-01,excavation,2.0,S023|excavation,5.0,True,False,14.0,8.0,0.5629693198884359,9.0,14.0,0.9,1.0,16.0,0.3125,14.4
0.23684210526315788,0.4868421052631579,0.19736842105263158,0.06578947368421052,0.013157894736842105,0.36363636363636365,0.4090909090909091,0.13636363636363635,0.06818181818181818,0.022727272727272728,28.0,10.0,15.0,6.663214285714287,1.9228571428571428,0.7760492491992846,8.0,S023,2024-07-08,excavation,2.0,S023|excavation,6.0,True,False,14.0,7.0,0.3985507246376812,17.0,15.0,0.9,1.0,16.0,0.375,14.4
0.2857142857142857,0.4175824175824176,0.18681318681318682,0.08791208791208792,0.02197802197802198,0.3488372093023256,0.37209302325581395,0.13953488372093023,0.11627906976744186,0.023255813953488372,28.0,8.0,16.0,6.618571428571428,2.296071428571428,0.7424382035976123,8.0,S023,2024-07-15,excavation,2.0,S023|excavation,7.0,True,False,14.0,6.0,0.17235396182764604,15.0,16.0,0.9,1.0,16.0,0.4375,14.4
0.32075471698113206,0.37735849056603776,0.16981132075471697,0.11320754716981132,0.018867924528301886,0.3409090909090909,0.3409090909090909,0.1590909090909091,0.13636363636363635,0.022727272727272728,30.0,6.0,17.0,6.795333333333334,2.7743333333333333,0.7100909122574802,8.0,S023,2024-07-22,excavation,2.0,S023|excavation,8.0,True,False,14.0,5.0,0.30566037735849055,15.0,17.0,0.9,1.0,16.0,0.5,14.4
0.35714285714285715,0.3392857142857143,0.16964285714285715,0.11607142857142858,0.017857142857142856,0.3409090909090909,0.3181818181818182,0.18181818181818182,0.13636363636363635,0.022727272727272728,26.0,4.0,18.0,6.865,3.016923076923077,0.6947028373486943,8.0,S023,2024-07-29,excavation,2.0,S023|excavation,9.0,True,False,14.0,4.0,0.40587167070217917,6.0,18.0,0.9,1.0,16.0,0.5625,14.4
0.40540540540540543,0.2882882882882883,0.16216216216216217,0.13513513513513514,0.009009009009009009,0.34782608695652173,0.30434782608695654,0.15217391304347827,0.17391304347826086,0.021739130434782608,27.0,4.0,19.0,6.818148148148148,2.918518518518518,0.7002548594469169,8.0,S023,2024-08-05,excavation,2.0,S023|excavation,10.0,True,False,14.0,3.0,0.4758179231863443,-1.0,19.0,0.9,1.0,16.0,0.625,14.4
0.41818181818181815,0.2727272727272727,0.15454545454545454,0.14545454545454545,0.00909090909090909,0.34782608695652173,0.2826086956521739,0.13043478260869565,0.1956521739130435,0.043478260869565216,27.0,4.0,20.0,6.76074074074074,2.6966666666666663,0.7148619541805366,8.0,S023,2024-08-12,excavation,2.0,S023|excavation,11.0,True,False,14.0,2.0,0.38001998001998005,-1.0,20.0,0.9,1.0,16.0,0.6875,14.4
0.39805825242718446,0.2621359223300971,0.1553398058252427,0.1650485436893204,0.019417475728155338,0.3333333333333333,0.26666666666666666,0.13333333333333333,0.2222222222222222,0.044444444444444446,23.0,3.0,21.0,6.860434782608697,2.8995652173913045,0.7029133998574483,8.0,S023,2024-08-19,excavation,2.0,S023|excavation,12.0,True,False,14.0,1.0,0.25938816633082984,-7.0,21.0,0.9,1.0,16.0,0.75,14.4
0.35294117647058826,0.2549019607843137,0.14705882352941177,0.21568627450980393,0.029411764705882353,0.32558139534883723,0.20930232558139536,0.13953488372093023,0.27906976744186046,0.046511627906976744,25.0,4.0,22.0,6.9304,2.8503999999999996,0.7085718959594307,8.0,S023,2024-08-26,excavation,2.0,S023|excavation,13.0,True,False,14.0,0.0,0.22233893557422973,-1.0,22.0,0.9,1.0,16.0,0.8125,14.4
0.3333333333333333,0.25252525252525254,0.1414141414141414,0.23232323232323232,0.04040404040404041,0.3684210526315789,0.15789473684210525,0.18421052631578946,0.2631578947368421,0.02631578947368421,24.0,5.0,23.0,7.5275,3.03,0.7130002367984846,8.0,S023,2024-09-02,foundation,3.0,S023|foundation,0.0,True,False,14.0,13.0,0.2571662571662572,-3.0,23.0,0.8875,2.0,18.0,0.0,15.975
0.33707865168539325,0.2247191011235955,0.15730337078651685,0.2247191011235955,0.056179775280898875,0.3055555555555556,0.19444444444444445,0.19444444444444445,0.2222222222222222,0.08333333333333333,17.0,6.0,24.0,8.107647058823531,3.6676470588235293,0.6885303227095614,7.0,S023,2024-09-09,foundation,3.0,S023|foundation,1.0,True,False,14.0,12.0,0.2582226762002042,-10.0,24.0,0.8875,2.0,18.0,0.05555555555555555,15.975
0.38095238095238093,0.20238095238095238,0.16666666666666666,0.17857142857142858,0.07142857142857142,0.3333333333333333,0.19444444444444445,0.16666666666666666,0.2222222222222222,0.08333333333333333,18.0,6.0,25.0,8.535555555555554,3.794444444444445,0.6922591691448139,6.0,S023,2024-09-16,foundation,3.0,S023|foundation,2.0,True,False,14.0,11.0,0.15372168284789645,-5.0,25.0,0.8875,2.0,18.0,0.1111111111111111,15.975
0.4342105263157895,0.17105263157894737,0.15789473684210525,0.14473684210526316,0.09210526315789473,0.3235294117647059,0.17647058823529413,0.11764705882352941,0.29411764705882354,0.08823529411764706,17.0,2.0,26.0,7.990000000000001,3.2888235294117645,0.7084072181078545,6.0,S023,2024-09-23,foundation,3.0,S023|foundation,3.0,True,False,14.0,10.0,0.3095975232198142,-8.0,26.0,0.8875,2.0,18.0,0.16666666666666666,15.975
0.4626865671641791,0.13432835820895522,0.16417910447761194,0.13432835820895522,0.1044776119402985,0.3333333333333333,0.15151515151515152,0.15151515151515152,0.2727272727272727,0.09090909090909091,15.0,3.0,27.0,8.022666666666666,2.796666666666667,0.7415121079548955,6.0,S023,2024-09-30,foundation,3.0,S023|foundation,4.0,True,False,14.0,9.0,0.43238353686114883,-9.0,27.0,0.8875,2.0,18.0,0.2222222222222222,15.975
0.4383561643835616,0.1780821917808219,0.1506849315068493,0.1506849315068493,0.0821917808219178,0.358974358974359,0.20512820512820512,0.1794871794871795,0.20512820512820512,0.05128205128205128,23.0,10.0,28.0,7.772608695652174,2.4952173913043474,0.7569867886178863,8.0,S023,2024-10-07,foundation,3.0,S023|foundation,5.0,True,False,14.0,8.0,0.25457903647837465,6.0,28.0,0.8875,2.0,18.0,0.2777777777777778,15.975
0.3870967741935484,0.20430107526881722,0.16129032258064516,0.17204301075268819,0.07526881720430108,0.35714285714285715,0.21428571428571427,0.17857142857142858,0.17857142857142858,0.07142857142857142,38.0,20.0,29.0,7.420526315789474,2.4210526315789473,0.7539975399753998,8.0,S023,2024-10-14,foundation,3.0,S023|foundation,6.0,True,False,14.0,7.0,0.023809523809523822,20.0,29.0,0.8875,2.0,18.0,0.3333333333333333,15.975
0.35714285714285715,0.2222222222222222,0.1984126984126984,0.16666666666666666,0.05555555555555555,0.35294117647058826,0.22058823529411764,0.22058823529411764,0.14705882352941177,0.058823529411764705,50.0,16.0,30.0,7.0207999999999995,2.1348000000000003,0.7668312289746166,8.0,S023,2024-10-21,foundation,3.0,S023|foundation,7.0,True,False,14.0,6.0,0.227234753550543,33.0,30.0,0.8875,2.0,18.0,0.3888888888888889,15.975
0.32335329341317365,0.25748502994011974,0.2275449101796407,0.1497005988023952,0.041916167664670656,0.3108108108108108,0.28378378378378377,0.21621621621621623,0.13513513513513514,0.05405405405405406,56.0,11.0,31.0,7.005178571428571,2.0796428571428573,0.7710859950859951,8.0,S023,2024-10-28,foundation,3.0,S023|foundation,8.0,True,False,14.0,5.0,0.40378943605326656,41.0,31.0,0.8875,2.0,18.0,0.4444444444444444,15.975
0.2964824120603015,0.271356783919598,0.25125628140703515,0.1457286432160804,0.035175879396984924,0.275,0.275,0.25,0.1625,0.0375,55.0,12.0,32.0,6.708181818181818,2.2212727272727273,0.7512420589672585,8.0,S023,2024-11-04,foundation,3.0,S023|foundation,9.0,True,False,14.0,4.0,0.3876918840779238,32.0,32.0,0.8875,2.0,18.0,0.5,15.975
0.2837209302325581,0.2837209302325581,0.2651162790697674,0.14418604651162792,0.023255813953488372,0.2804878048780488,0.2804878048780488,0.24390243902439024,0.15853658536585366,0.036585365853658534,54.0,8.0,33.0,6.713518518518518,2.416296296296296,0.7353400539542809,8.0,S023,2024-11-11,foundation,3.0,S023|foundation,10.0,True,False,14.0,3.0,0.3664916229057264,16.0,33.0,0.8875,2.0,18.0,0.5555555555555556,15.975
0.26548672566371684,0.2920353982300885,0.26991150442477874,0.14601769911504425,0.02654867256637168,0.26595744680851063,0.2765957446808511,0.2553191489361702,0.14893617021276595,0.05319148936170213,61.0,14.0,34.0,6.558688524590164,2.177377049180328,0.7507599924939012,8.0,S023,2024-11-18,foundation,3.0,S023|foundation,11.0,True,False,14.0,2.0,0.2826239640398932,11.0,34.0,0.8875,2.0,18.0,0.6111111111111112,15.975
0.25217391304347825,0.2782608695652174,0.2608695652173913,0.17391304347826086,0.034782608695652174,0.2616822429906542,0.27102803738317754,0.2523364485981308,0.16822429906542055,0.04672897196261682,60.0,16.0,35.0,6.7091666666666665,2.8736666666666664,0.7001234847035497,8.0,S023,2024-11-25,foundation,3.0,S023|foundation,12.0,True,False,14.0,1.0,0.1566258786774278,4.0,35.0,0.8875,2.0,18.0,0.6666666666666666,15.975
0.24324324324324326,0.26126126126126126,0.25675675675675674,0.19369369369369369,0.04504504504504504,0.25961538461538464,0.25961538461538464,0.25961538461538464,0.16346153846153846,0.057692307692307696,47.0,7.0,36.0,6.893191489361702,3.0663829787234036,0.69211706900235,8.0,S023,2024-12-02,foundation,3.0,S023|foundation,13.0,True,False,14.0,0.0,0.12666938295079,-8.0,36.0,0.8875,2.0,18.0,0.7222222222222222,15.975
0.25339366515837103,0.2398190045248869,0.248868778280543,0.2081447963800905,0.049773755656108594,0.27450980392156865,0.2647058823529412,0.2647058823529412,0.1568627450980392,0.0392156862745098,53.0,18.0,37.0,6.543584905660377,2.583962264150944,0.7169050768976352,8.0,S023,2024-12-09,erection,4.0,S023|erection,0.0,True,False,18.0,17.0,0.18095338314216558,-1.0,37.0,0.8509259259259259,3.0,22.0,0.0,18.720370370370368
0.2694300518134715,0.22279792746113988,0.24870466321243523,0.21761658031088082,0.04145077720207254,0.27956989247311825,0.25806451612903225,0.26881720430107525,0.15053763440860216,0.043010752688172046,33.0,7.0,38.0,6.406969696969697,2.3509090909090906,0.7315663817860975,8.0,S023,2024-12-16,erection,4.0,S023|erection,1.0,True,False,18.0,16.0,0.18088862396258423,-28.0,38.0,0.8509259259259259,3.0,22.0,0.045454545454545456,18.720370370370368
0.28484848484848485,0.21818181818181817,0.2606060606060606,0.20606060606060606,0.030303030303030304,0.2696629213483146,0.2247191011235955,0.2696629213483146,0.19101123595505617,0.0449438202247191,32.0,7.0,39.0,6.7559375,2.5346875,0.7271779347460477,8.0,S023,2024-12-23,erection,4.0,S023|erection,2.0,True,False,18.0,15.0,0.12964426877470356,-28.0,39.0,0.8509259259259259,3.0,22.0,0.09090909090909091,18.720370370370368
0.27388535031847133,0.2484076433121019,0.27388535031847133,0.1910828025477707,0.012738853503184714,0.26666666666666666,0.25555555555555554,0.26666666666666666,0.17777777777777778,0.03333333333333333,39.0,13.0,40.0,6.904871794871795,2.029230769230769,0.7728668599144736,8.0,S023,2024-12-30,erection,4.0,S023|erection,3.0,True,False,18.0,14.0,0.09554140127388532,-8.0,40.0,0.8509259259259259,3.0,22.0,0.13636363636363635,18.720370370370368
0.2152777777777778,0.2847222222222222,0.3055555555555556,0.19444444444444445,0.0,0.23863636363636365,0.25,0.2840909090909091,0.19318181818181818,0.03409090909090909,40.0,6.0,41.0,6.967499999999999,2.088,0.7694218982938547,8.0,S023,2025-01-06,erection,4.0,S023|erection,4.0,True,False,18.0,13.0,0.2031799899446958,-13.0,41.0,0.8509259259259259,3.0,22.0,0.18181818181818182,18.720370370370368
0.17419354838709677,0.2903225806451613,0.2967741935483871,0.21935483870967742,0.01935483870967742,0.25,0.25,0.23863636363636365,0.2159090909090909,0.045454545454545456,44.0,14.0,42.0,6.95,2.0770454545454538,0.7699086079709963,8.0,S023,2025-01-13,erection,4.0,S023|erection,5.0,True,False,18.0,12.0,0.23466488383753975,11.0,42.0,0.8509259259259259,3.0,22.0,0.22727272727272727,18.720370370370368
0.15757575757575756,0.28484848484848485,0.28484848484848485,0.23636363636363636,0.03636363636363636,0.2727272727272727,0.24675324675324675,0.23376623376623376,0.19480519480519481,0.05194805194805195,42.0,5.0,43.0,6.735000000000001,2.0611904761904762,0.7656723689909051,8.0,S023,2025-01-20,erection,4.0,S023|erection,6.0,True,False,18.0,11.0,0.2545454545454546,10.0,43.0,0.8509259259259259,3.0,22.0,0.2727272727272727,18.720370370370368
0.16666666666666666,0.25,0.25595238095238093,0.2619047619047619,0.06547619047619048,0.24358974358974358,0.23076923076923078,0.23076923076923078,0.23076923076923078,0.0641025641025641,42.0,8.0,44.0,6.707619047619047,1.9438095238095239,0.7753192426243944,8.0,S023,2025-01-27,erection,4.0,S023|erection,7.0,True,False,18.0,10.0,0.25030330603579015,3.0,44.0,0.8509259259259259,3.0,22.0,0.3181818181818182,18.720370370370368
0.2,0.21764705882352942,0.21764705882352942,0.27058823529411763,0.09411764705882353,0.2054794520547945,0.2328767123287671,0.2465753424657534,0.2465753424657534,0.0684931506849315,42.0,13.0,45.0,6.147857142857142,1.7547619047619047,0.7779518544183665,8.0,S023,2025-02-03,erection,4.0,S023|erection,8.0,True,False,18.0,9.0,0.3405228758169935,2.0,45.0,0.8509259259259259,3.0,22.0,0.36363636363636365,18.720370370370368
0.24571428571428572,0.19428571428571428,0.2057142857142857,0.24571428571428572,0.10857142857142857,0.23684210526315788,0.21052631578947367,0.23684210526315788,0.23684210526315788,0.07894736842105263,49.0,10.0,46.0,6.155102040816326,1.6773469387755102,0.7858464264311211,8.0,S023,2025-02-10,erection,4.0,S023|erection,9.0,True,False,18.0,8.0,0.37419354838709673,5.0,46.0,0.8509259259259259,3.0,22.0,0.4090909090909091,18.720370370370368
0.2760416666666667,0.171875,0.21354166666666666,0.203125,0.13541666666666666,0.2619047619047619,0.19047619047619047,0.25,0.17857142857142858,0.11904761904761904,59.0,15.0,47.0,6.284576271186441,2.0366101694915253,0.7552500254608412,8.0,S023,2025-02-17,erection,4.0,S023|erection,10.0,True,False,18.0,7.0,0.43503787878787886,17.0,47.0,0.8509259259259259,3.0,22.0,0.45454545454545453,18.720370370370368
0.29797979797979796,0.16666666666666666,0.22727272727272727,0.16666666666666666,0.1414141414141414,0.2948717948717949,0.15384615384615385,0.21794871794871795,0.20512820512820512,0.1282051282051282,48.0,7.0,48.0,6.220833333333334,2.2289583333333334,0.7362114450553514,8.0,S023,2025-02-24,erection,4.0,S023|erection,11.0,True,False,18.0,6.0,0.4145021645021645,6.0,48.0,0.8509259259259259,3.0,22.0,0.5,18.720370370370368
0.3034825870646766,0.16417910447761194,0.23880597014925373,0.14427860696517414,0.14925373134328357,0.27848101265822783,0.16455696202531644,0.21518987341772153,0.20253164556962025,0.13924050632911392,45.0,7.0,49.0,6.502222222222222,2.3844444444444446,0.7316829207301825,8.0,S023,2025-03-03,erection,4.0,S023|erection,12.0,True,False,18.0,5.0,0.35955516534972193,3.0,49.0,0.8509259259259259,3.0,22.0,0.5454545454545454,18.720370370370368
0.29473684210526313,0.16842105263157894,0.24736842105263157,0.1368421052631579,0.15263157894736842,0.2777777777777778,0.16666666666666666,0.2638888888888889,0.16666666666666666,0.125,38.0,7.0,50.0,6.637105263157895,2.023947368421052,0.7663162372386971,8.0,S023,2025-03-10,erection,4.0,S023|erection,13.0,True,False,18.0,4.0,0.2694736842105263,-11.0,50.0,0.8509259259259259,3.0,22.0,0.5909090909090909,18.720370370370368
0.27807486631016043,0.16042780748663102,0.26737967914438504,0.1497326203208556,0.1443850267379679,0.2391304347826087,0.14130434782608695,0.30434782608695654,0.17391304347826086,0.14130434782608695,56.0,25.0,51.0,6.475714285714285,1.9342857142857142,0.77000169865806,8.0,S023,2025-03-17,erection,4.0,S023|erection,14.0,True,False,18.0,3.0,0.12967914438502676,-3.0,51.0,0.8509259259259259,3.0,22.0,0.6363636363636364,18.720370370370368
0.2552083333333333,0.15104166666666666,0.2864583333333333,0.16666666666666666,0.140625,0.23333333333333334,0.15555555555555556,0.32222222222222224,0.16666666666666666,0.12222222222222222,53.0,6.0,52.0,6.433773584905661,2.0656603773584905,0.7569649477212689,8.0,S023,2025-03-24,erection,4.0,S023|erection,15.0,True,False,18.0,2.0,0.1183712121212121,5.0,52.0,0.8509259259259259,3.0,22.0,0.6818181818181818,18.720370370370368
0.22613065326633167,0.1407035175879397,0.31155778894472363,0.18090452261306533,0.1407035175879397,0.19540229885057472,0.16091954022988506,0.3218390804597701,0.16091954022988506,0.16091954022988506,52.0,10.0,53.0,6.230192307692307,1.9840384615384616,0.7584632673128248,8.0,S023,2025-03-31,erection,4.0,S023|erection,16.0,True,False,18.0,1.0,0.21875546888672218,7.0,53.0,0.8509259259259259,3.0,22.0,0.7272727272727273,18.720370370370368
0.2,0.1523809523809524,0.3142857142857143,0.19047619047619047,0.14285714285714285,0.14942528735632185,0.21839080459770116,0.3103448275862069,0.1724137931034483,0.14942528735632185,49.0,10.0,54.0,6.3757142857142854,1.9444897959183673,0.7662930167529249,8.0,S023,2025-04-07,erection,4.0,S023|erection,17.0,True,False,18.0,0.0,0.2411027568922305,11.0,54.0,0.8509259259259259,3.0,22.0,0.7727272727272727,18.720370370370368
0.18461538461538463,0.18461538461538463,0.3128205128205128,0.18974358974358974,0.1282051282051282,0.15,0.2375,0.3125,0.1875,0.1125,41.0,8.0,55.0,6.092926829268292,1.9114634146341465,0.7611981229812906,8.0,S023,2025-04-14,grading,5.0,S023|grading,0.0,True,False,12.0,11.0,0.21927876045523104,-15.0,55.0,0.842739898989899,4.0,14.0,0.0,11.798358585858585
0.18072289156626506,0.1927710843373494,0.3192771084337349,0.18072289156626506,0.12650602409638553,0.14285714285714285,0.24675324675324675,0.33766233766233766,0.15584415584415584,0.11688311688311688,24.0,4.0,56.0,6.22125,2.182916666666667,0.7402578086266733,8.0,S023,2025-04-21,grading,5.0,S023|grading,1.0,True,False,12.0,10.0,0.17720883534136547,-29.0,56.0,0.842739898989899,4.0,14.0,0.07142857142857142,11.798358585858585
0.19083969465648856,0.21374045801526717,0.32061068702290074,0.16793893129770993,0.10687022900763359,0.14864864864864866,0.22972972972972974,0.33783783783783783,0.16216216216216217,0.12162162162162163,17.0,4.0,57.0,6.076470588235294,1.5011764705882356,0.8018941158205247,7.0,S023,2025-04-28,grading,5.0,S023|grading,2.0,True,False,12.0,9.0,0.16417967701100922,-35.0,57.0,0.842739898989899,4.0,14.0,0.14285714285714285,11.798358585858585
0.2222222222222222,0.2037037037037037,0.3425925925925926,0.14814814814814814,0.08333333333333333,0.16666666666666666,0.21794871794871795,0.3333333333333333,0.16666666666666666,0.11538461538461539,26.0,11.0,58.0,6.170384615384616,1.700769230769231,0.7839237722941607,8.0,S023,2025-05-05,grading,5.0,S023|grading,3.0,True,False,12.0,8.0,0.20370370370370366,-23.0,58.0,0.842739898989899,4.0,14.0,0.21428571428571427,11.798358585858585
0.22916666666666666,0.16666666666666666,0.3333333333333333,0.17708333333333334,0.09375,0.13793103448275862,0.27586206896551724,0.29310344827586204,0.1896551724137931,0.10344827586206896,29.0,5.0,59.0,6.018275862068966,1.694137931034483,0.7803362246266655,8.0,S023,2025-05-12,grading,5.0,S023|grading,4.0,True,False,12.0,7.0,0.13012820512820508,-12.0,59.0,0.842739898989899,4.0,14.0,0.2857142857142857,11.798358585858585
0.2403846153846154,0.15384615384615385,0.27884615384615385,0.25,0.07692307692307693,0.16393442622950818,0.2459016393442623,0.2459016393442623,0.2459016393442623,0.09836065573770492,32.0,9.0,60.0,5.823125,2.145625,0.7307450980392157,8.0,S023,2025-05-19,grading,5.0,S023|grading,5.0,True,False,12.0,6.0,0.2578776645041705,8.0,60.0,0.842739898989899,4.0,14.0,0.35714285714285715,11.798358585858585
0.24786324786324787,0.1282051282051282,0.23931623931623933,0.3076923076923077,0.07692307692307693,0.19642857142857142,0.19642857142857142,0.23214285714285715,0.2857142857142857,0.08928571428571429,30.0,5.0,61.0,5.694000000000001,2.572666666666667,0.6887903225806452,7.0,S023,2025-05-26,grading,5.0,S023|grading,6.0,True,False,12.0,5.0,0.39355385920271413,13.0,61.0,0.842739898989899,4.0,14.0,0.42857142857142855,11.798358585858585
0.2542372881355932,0.0847457627118644,0.19491525423728814,0.3813559322033898,0.0847457627118644,0.20833333333333334,0.125,0.20833333333333334,0.3333333333333333,0.125,27.0,2.0,62.0,5.62925925925926,2.8288888888888892,0.6655427595568595,7.0,S023,2025-06-02,grading,5.0,S023|grading,7.0,True,False,12.0,4.0,0.5332705586942875,1.0,62.0,0.842739898989899,4.0,14.0,0.5,11.798358585858585
0.2719298245614035,0.043859649122807015,0.16666666666666666,0.41228070175438597,0.10526315789473684,0.17777777777777778,0.08888888888888889,0.17777777777777778,0.37777777777777777,0.17777777777777778,25.0,5.0,63.0,5.652,2.9347999999999996,0.6582195928634649,7.0,S023,2025-06-09,grading,5.0,S023|grading,8.0,True,False,12.0,3.0,0.5789473684210527,-4.0,63.0,0.842739898989899,4.0,14.0,0.5714285714285714,11.798358585858585
0.2621359223300971,0.019417475728155338,0.1553398058252427,0.4077669902912621,0.1553398058252427,0.16279069767441862,0.06976744186046512,0.13953488372093023,0.4186046511627907,0.20930232558139536,21.0,2.0,64.0,5.998571428571429,3.2752380952380955,0.6468292682926828,8.0,S023,2025-06-16,grading,5.0,S023|grading,9.0,True,False,12.0,2.0,0.5158700522778192,-11.0,64.0,0.842739898989899,4.0,14.0,0.6428571428571429,11.798358585858585
0.25274725274725274,0.0,0.14285714285714285,0.38461538461538464,0.21978021978021978,0.18604651162790697,0.046511627906976744,0.13953488372093023,0.3953488372093023,0.23255813953488372,18.0,4.0,65.0,6.214444444444444,3.5005555555555556,0.6396751872819809,8.0,S023,2025-06-23,grading,5.0,S023|grading,10.0,True,False,12.0,1.0,0.44932844932844934,-12.0,65.0,0.842739898989899,4.0,14.0,0.7142857142857143,11.798358585858585
0.2289156626506024,0.0,0.1686746987951807,0.3253012048192771,0.27710843373493976,0.13513513513513514,0.0,0.13513513513513514,0.43243243243243246,0.2972972972972973,19.0,5.0,66.0,5.981578947368422,4.311052631578948,0.581151564737165,8.0,S023,2025-06-30,grading,5.0,S023|grading,11.0,True,False,12.0,0.0,0.3847253420461507,-8.0,66.0,0.842739898989899,4.0,14.0,0.7857142857142857,11.798358585858585
0.17721518987341772,0.0,0.189873417721519,0.3037974683544304,0.3291139240506329,0.1282051282051282,0.0,0.15384615384615385,0.41025641025641024,0.3076923076923077,21.0,7.0,67.0,6.328571428571429,3.4680952380952372,0.6459923200311087,8.0,S023,2025-07-07,demobilisation,6.0,S023|demobilisation,0.0,False,False,,,0.4941150344214968,-4.0,67.0,0.8456204906204906,5.0,10.0,0.0,8.456204906204906
0.14925373134328357,0.0,0.208955223880597,0.31343283582089554,0.3283582089552239,0.1,0.0,0.16666666666666666,0.3333333333333333,0.4,9.0,0.0,68.0,6.65,1.9722222222222223,0.7712628865979381,6.0,S023,2025-07-14,demobilisation,6.0,S023|demobilisation,1.0,False,False,,,0.4532676423706709,-12.0,68.0,0.8456204906204906,5.0,10.0,0.1,8.456204906204906
0.10526315789473684,0.0,0.2631578947368421,0.3157894736842105,0.3157894736842105,0.08,0.0,0.2,0.32,0.4,8.0,0.0,69.0,6.630000000000001,1.8925,0.7779407450865357,5.0,S023,2025-07-21,demobilisation,6.0,S023|demobilisation,2.0,False,False,,,0.43262001156738,-10.0,69.0,0.8456204906204906,5.0,10.0,0.2,8.456204906204906
0.044444444444444446,0.044444444444444446,0.28888888888888886,0.3333333333333333,0.28888888888888886,0.08,0.08,0.2,0.28,0.36,7.0,2.0,70.0,7.231428571428571,2.08,0.776618594660939,6.0,S023,2025-07-28,demobilisation,6.0,S023|demobilisation,3.0,False,False,,,0.36894243641231583,-12.0,70.0,0.8456204906204906,5.0,10.0,0.3,8.456204906204906
0.0,0.12903225806451613,0.3548387096774194,0.3225806451612903,0.1935483870967742,0.045454545454545456,0.09090909090909091,0.22727272727272727,0.2727272727272727,0.36363636363636365,7.0,2.0,71.0,7.542857142857144,2.1928571428571426,0.7747615553925166,4.0,S023,2025-08-04,demobilisation,6.0,S023|demobilisation,4.0,False,False,,,0.6255614536545528,-14.0,71.0,0.8456204906204906,5.0,10.0,0.4,8.456204906204906
0.0,0.1935483870967742,0.3870967741935484,0.22580645161290322,0.1935483870967742,0.045454545454545456,0.09090909090909091,0.2727272727272727,0.22727272727272727,0.36363636363636365,9.0,2.0,72.0,7.253333333333334,1.9255555555555555,0.7902191018036558,5.0,S023,2025-08-11,demobilisation,6.0,S023|demobilisation,5.0,False,False,,,0.7433798748194511,0.0,72.0,0.8456204906204906,5.0,10.0,0.5,8.456204906204906
0.0,0.22580645161290322,0.41935483870967744,0.16129032258064516,0.1935483870967742,0.0,0.1111111111111111,0.3333333333333333,0.2222222222222222,0.3333333333333333,8.0,0.0,73.0,7.0875,1.86125,0.7920100572705685,5.0,S023,2025-08-18,demobilisation,6.0,S023|demobilisation,6.0,False,False,,,0.7640067911714772,0.0,73.0,0.8456204906204906,5.0,10.0,0.6,8.456204906204906
0.0,1.0,0.0,0.0,0.0,0.0,1.0,0.0,0.0,0.0,1.0,1.0,0.0,6.03,1.19,0.835180055401662,1.0,S024,2023-07-31,clearing,1.0,S024|clearing,0.0,True,False,14.0,13.0,0.0,0.0,0.0,1.0,0.0,10.0,0.0,10.0
0.0,1.0,0.0,0.0,0.0,0.0,1.0,0.0,0.0,0.0,1.0,0.0,1.0,6.03,1.19,0.835180055401662,1.0,S024,2023-08-07,clearing,1.0,S024|clearing,1.0,True,False,14.0,12.0,0.0,0.0,1.0,1.0,0.0,10.0,0.1,10.0
0.25,0.75,0.0,0.0,0.0,0.5,0.5,0.0,0.0,0.0,2.0,1.0,2.0,7.045,2.125,0.7682660850599782,2.0,S024,2023-08-14,clearing,1.0,S024|clearing,2.0,True,False,14.0,11.0,0.0,0.0,2.0,1.0,0.0,10.0,0.2,10.0
0.2857142857142857,0.5714285714285714,0.14285714285714285,0.0,0.0,0.3333333333333333,0.3333333333333333,0.3333333333333333,0.0,0.0,3.0,1.0,3.0,7.19,2.7133333333333334,0.726018175698418,3.0,S024,2023-08-21,clearing,1.0,S024|clearing,3.0,True,False,14.0,10.0,0.0,0.0,3.0,1.0,0.0,10.0,0.3,10.0
0.3333333333333333,0.5,0.16666666666666666,0.0,0.0,0.3333333333333333,0.5,0.16666666666666666,0.0,0.0,6.0,3.0,4.0,7.14,2.49,0.7414330218068537,5.0,S024,2023-08-28,clearing,1.0,S024|clearing,4.0,True,False,14.0,9.0,0.9999999999999999,5.0,4.0,1.0,0.0,10.0,0.4,10.0
0.3684210526315789,0.42105263157894735,0.21052631578947367,0.0,0.0,0.3333333333333333,0.4444444444444444,0.2222222222222222,0.0,0.0,8.0,3.0,5.0,6.8812500000000005,2.17375,0.7599392600773054,4.0,S024,2023-09-04,clearing,1.0,S024|clearing,5.0,True,False,14.0,8.0,1.1578947368421053,7.0,5.0,1.0,0.0,10.0,0.5,10.0
0.38461538461538464,0.4230769230769231,0.19230769230769232,0.0,0.0,0.36363636363636365,0.45454545454545453,0.18181818181818182,0.0,0.0,9.0,2.0,6.0,6.505555555555556,1.66,0.7967070349707444,4.0,S024,2023-09-11,clearing,1.0,S024|clearing,6.0,True,False,14.0,7.0,0.6538461538461539,7.0,6.0,1.0,0.0,10.0,0.6,10.0
0.3939393939393939,0.42424242424242425,0.15151515151515152,0.0,0.030303030303030304,0.35714285714285715,0.42857142857142855,0.14285714285714285,0.0,0.07142857142857142,10.0,3.0,7.0,6.322,1.6119999999999997,0.7968237963196371,5.0,S024,2023-09-18,clearing,1.0,S024|clearing,7.0,True,False,14.0,6.0,0.2943722943722943,7.0,7.0,1.0,0.0,10.0,0.7,10.0
0.4473684210526316,0.3684210526315789,0.13157894736842105,0.0,0.05263157894736842,0.4666666666666667,0.3333333333333333,0.13333333333333333,0.0,0.06666666666666667,11.0,2.0,8.0,6.401818181818182,1.5045454545454542,0.8097044958031506,6.0,S024,2023-09-25,clearing,1.0,S024|clearing,8.0,True,False,14.0,5.0,0.33333333333333337,5.0,8.0,1.0,0.0,10.0,0.8,10.0
0.5,0.3181818181818182,0.11363636363636363,0.0,0.06818181818181818,0.47368421052631576,0.3157894736842105,0.15789473684210525,0.0,0.05263157894736842,14.0,4.0,9.0,7.020714285714286,1.7957142857142858,0.7963218018309973,6.0,S024,2023-10-02,clearing,1.0,S024|clearing,9.0,True,False,14.0,4.0,0.39952153110047844,6.0,9.0,1.0,0.0,10.0,0.9,10.0
0.48148148148148145,0.3148148148148148,0.1111111111111111,0.018518518518518517,0.07407407407407407,0.4230769230769231,0.38461538461538464,0.11538461538461539,0.038461538461538464,0.038461538461538464,19.0,8.0,10.0,6.8978947368421055,1.8931578947368422,0.7846494641681135,7.0,S024,2023-10-09,clearing,1.0,S024|clearing,10.0,True,False,14.0,3.0,0.37891737891737887,10.0,10.0,1.0,0.0,10.0,1.0,10.0
0.45454545454545453,0.3333333333333333,0.10606060606060606,0.030303030303030304,0.07575757575757576,0.41935483870967744,0.41935483870967744,0.06451612903225806,0.03225806451612903,0.06451612903225806,22.0,6.0,11.0,6.576363636363637,1.9422727272727272,0.7719972253348274,7.0,S024,2023-10-16,clearing,1.0,S024|clearing,11.0,True,False,14.0,2.0,0.27272727272727276,12.0,11.0,1.0,0.0,10.0,1.1,10.0
0.44871794871794873,0.34615384615384615,0.08974358974358974,0.038461538461538464,0.07692307692307693,0.4857142857142857,0.37142857142857144,0.05714285714285714,0.02857142857142857,0.05714285714285714,23.0,7.0,12.0,6.817391304347827,2.286521739130434,0.748841874014996,7.0,S024,2023-10-23,clearing,1.0,S024|clearing,12.0,True,False,14.0,1.0,0.1282051282051282,12.0,12.0,1.0,0.0,10.0,1.2,10.0
0.4222222222222222,0.3888888888888889,0.06666666666666667,0.044444444444444446,0.07777777777777778,0.4358974358974359,0.4358974358974359,0.05128205128205128,0.02564102564102564,0.05128205128205128,26.0,7.0,13.0,6.373461538461537,2.1780769230769232,0.7452999910047675,8.0,S024,2023-10-30,clearing,1.0,S024|clearing,13.0,True,False,14.0,0.0,0.24949494949494952,12.0,13.0,1.0,0.0,10.0,1.3,10.0
0.43157894736842106,0.4105263157894737,0.06315789473684211,0.031578947368421054,0.06315789473684211,0.425531914893617,0.425531914893617,0.0851063829787234,0.02127659574468085,0.0425531914893617,24.0,10.0,14.0,6.461666666666667,2.623333333333333,0.7112456430012841,8.0,S024,2023-11-06,excavation,2.0,S024|excavation,0.0,True,False,21.0,20.0,0.21754385964912273,5.0,14.0,1.4,1.0,16.0,0.0,22.4
0.4421052631578947,0.4,0.07368421052631578,0.042105263157894736,0.042105263157894736,0.4230769230769231,0.40384615384615385,0.09615384615384616,0.057692307692307696,0.019230769230769232,22.0,8.0,15.0,6.363181818181818,2.4527272727272726,0.7217839649394173,8.0,S024,2023-11-13,excavation,2.0,S024|excavation,1.0,True,False,21.0,19.0,0.15693779904306224,0.0,15.0,1.4,1.0,16.0,0.0625,22.4
0.4270833333333333,0.3958333333333333,0.10416666666666667,0.052083333333333336,0.020833333333333332,0.4107142857142857,0.4107142857142857,0.10714285714285714,0.05357142857142857,0.017857142857142856,24.0,6.0,16.0,7.047916666666666,2.51125,0.7372940458547641,8.0,S024,2023-11-20,excavation,2.0,S024|excavation,2.0,True,False,21.0,18.0,0.155448717948718,1.0,16.0,1.4,1.0,16.0,0.125,22.4
0.422680412371134,0.3711340206185567,0.14432989690721648,0.061855670103092786,0.0,0.40350877192982454,0.42105263157894735,0.10526315789473684,0.05263157894736842,0.017543859649122806,27.0,5.0,17.0,7.407037037037036,2.547037037037037,0.7441211489805031,8.0,S024,2023-11-27,excavation,2.0,S024|excavation,3.0,True,False,21.0,17.0,0.19106529209621992,1.0,17.0,1.4,1.0,16.0,0.1875,22.4
0.41237113402061853,0.32989690721649484,0.1958762886597938,0.061855670103092786,0.0,0.3888888888888889,0.3888888888888889,0.16666666666666666,0.037037037037037035,0.018518518518518517,24.0,5.0,18.0,7.422916666666666,1.95875,0.7912151359033576,7.0,S024,2023-12-04,excavation,2.0,S024|excavation,4.0,True,False,21.0,16.0,0.3259902333152469,0.0,18.0,1.4,1.0,16.0,0.25,22.4
0.3939393939393939,0.31313131313131315,0.25252525252525254,0.04040404040404041,0.0,0.4,0.34545454545454546,0.21818181818181817,0.03636363636363636,0.0,24.0,7.0,19.0,7.132916666666667,2.02625,0.7787735419888999,8.0,S024,2023-12-11,excavation,2.0,S024|excavation,5.0,True,False,21.0,15.0,0.3576820839978735,2.0,19.0,1.4,1.0,16.0,0.3125,22.4
0.3523809523809524,0.3238095238095238,0.29523809523809524,0.02857142857142857,0.0,0.3275862068965517,0.39655172413793105,0.22413793103448276,0.05172413793103448,0.0,30.0,10.0,20.0,7.136666666666668,1.9819999999999998,0.7826436613539991,8.0,S024,2023-12-18,excavation,2.0,S024|excavation,6.0,True,False,21.0,14.0,0.38214285714285706,6.0,20.0,1.4,1.0,16.0,0.375,22.4
0.3394495412844037,0.3119266055045872,0.3302752293577982,0.01834862385321101,0.0,0.4,0.3,0.25,0.05,0.0,31.0,9.0,21.0,6.66258064516129,1.5767741935483872,0.8086289249079948,8.0,S024,2023-12-25,excavation,2.0,S024|excavation,7.0,True,False,21.0,13.0,0.37189066490116335,4.0,21.0,1.4,1.0,16.0,0.4375,22.4
0.3416666666666667,0.2916666666666667,0.3416666666666667,0.025,0.0,0.38333333333333336,0.25,0.31666666666666665,0.05,0.0,35.0,10.0,22.0,6.890000000000001,1.8,0.7928653624856156,8.0,S024,2024-01-01,excavation,2.0,S024|excavation,8.0,True,False,21.0,12.0,0.29158075601374567,11.0,22.0,1.4,1.0,16.0,0.5,22.4
0.35074626865671643,0.2835820895522388,0.3358208955223881,0.029850746268656716,0.0,0.3728813559322034,0.2711864406779661,0.3389830508474576,0.01694915254237288,0.0,38.0,7.0,23.0,6.627105263157895,1.828157894736842,0.7837846249610955,8.0,S024,2024-01-08,excavation,2.0,S024|excavation,9.0,True,False,21.0,11.0,0.1665912859942711,14.0,23.0,1.4,1.0,16.0,0.5625,22.4
0.3680555555555556,0.2638888888888889,0.3333333333333333,0.034722222222222224,0.0,0.35714285714285715,0.26785714285714285,0.3392857142857143,0.03571428571428571,0.0,40.0,3.0,24.0,6.5992500000000005,1.8247500000000003,0.7833867521367521,8.0,S024,2024-01-15,excavation,2.0,S024|excavation,10.0,True,False,21.0,10.0,0.11984126984126983,10.0,24.0,1.4,1.0,16.0,0.625,22.4
0.37583892617449666,0.2684563758389262,0.3221476510067114,0.03355704697986577,0.0,0.3793103448275862,0.2413793103448276,0.3448275862068966,0.034482758620689655,0.0,36.0,7.0,25.0,6.619166666666666,1.931111111111111,0.7741463890062051,8.0,S024,2024-01-22,excavation,2.0,S024|excavation,11.0,True,False,21.0,9.0,0.10319561603349553,5.0,25.0,1.4,1.0,16.0,0.6875,22.4
0.36363636363636365,0.2792207792207792,0.3116883116883117,0.045454545454545456,0.0,0.37681159420289856,0.2318840579710145,0.3333333333333333,0.057971014492753624,0.0,40.0,16.0,26.0,6.4030000000000005,1.77925,0.7825475877662013,8.0,S024,2024-01-29,excavation,2.0,S024|excavation,12.0,True,False,21.0,8.0,0.0848484848484849,5.0,26.0,1.4,1.0,16.0,0.75,22.4
0.36363636363636365,0.2727272727272727,0.2987012987012987,0.05844155844155844,0.006493506493506494,0.36231884057971014,0.2318840579710145,0.3188405797101449,0.07246376811594203,0.014492753623188406,38.0,7.0,27.0,6.559473684210527,2.1342105263157896,0.7545102312628647,8.0,S024,2024-02-05,excavation,2.0,S024|excavation,13.0,True,False,21.0,7.0,0.09594882729211092,0.0,27.0,1.4,1.0,16.0,0.8125,22.4
0.36774193548387096,0.2645161290322581,0.2903225806451613,0.06451612903225806,0.012903225806451613,0.390625,0.1875,0.34375,0.0625,0.015625,41.0,5.0,28.0,6.831707317073171,2.260243902439024,0.7514016685892105,8.0,S024,2024-02-12,excavation,2.0,S024|excavation,14.0,True,False,21.0,6.0,0.08664874551971326,1.0,28.0,1.4,1.0,16.0,0.875,22.4
0.3503184713375796,0.22929936305732485,0.3057324840764331,0.08917197452229299,0.025477707006369428,0.3230769230769231,0.2153846153846154,0.3384615384615385,0.09230769230769231,0.03076923076923077,38.0,10.0,29.0,6.938157894736843,2.248947368421052,0.7552060954999856,8.0,S024,2024-02-19,excavation,2.0,S024|excavation,15.0,True,False,21.0,5.0,0.16218526909759332,2.0,29.0,1.4,1.0,16.0,0.9375,22.4
0.3333333333333333,0.20261437908496732,0.3202614379084967,0.10457516339869281,0.0392156862745098,0.3064516129032258,0.22580645161290322,0.3387096774193548,0.0967741935483871,0.03225806451612903,36.0,7.0,30.0,6.727222222222222,2.170555555555556,0.7560564435564435,8.0,S024,2024-02-26,excavation,2.0,S024|excavation,16.0,True,False,21.0,4.0,0.2138188608776844,-4.0,30.0,1.4,1.0,16.0,1.0,22.4
0.31756756756756754,0.1891891891891892,0.33783783783783783,0.10810810810810811,0.0472972972972973,0.3220338983050847,0.2033898305084746,0.3389830508474576,0.1016949152542373,0.03389830508474576,33.0,4.0,31.0,6.627878787878789,2.141212121212121,0.7558227935586427,8.0,S024,2024-03-04,excavation,2.0,S024|excavation,17.0,True,False,21.0,3.0,0.2592137592137592,-5.0,31.0,1.4,1.0,16.0,1.0625,22.4
0.3191489361702128,0.16312056737588654,0.3546099290780142,0.10638297872340426,0.05673758865248227,0.35384615384615387,0.18461538461538463,0.35384615384615387,0.07692307692307693,0.03076923076923077,34.0,9.0,32.0,6.425882352941177,1.809705882352941,0.7802578479340024,8.0,S024,2024-03-11,excavation,2.0,S024|excavation,18.0,True,False,21.0,2.0,0.29997712194005943,-7.0,32.0,1.4,1.0,16.0,1.125,22.4
0.3591549295774648,0.14084507042253522,0.352112676056338,0.09859154929577464,0.04929577464788732,0.35714285714285715,0.17142857142857143,0.34285714285714286,0.1,0.02857142857142857,39.0,12.0,33.0,7.021025641025642,2.6184615384615384,0.7283609086556366,8.0,S024,2024-03-18,excavation,2.0,S024|excavation,19.0,True,False,21.0,1.0,0.17690858526957928,1.0,33.0,1.4,1.0,16.0,1.1875,22.4
0.40816326530612246,0.1360544217687075,0.3401360544217687,0.08163265306122448,0.034013605442176874,0.328125,0.1875,0.375,0.078125,0.03125,41.0,10.0,34.0,7.241219512195122,2.650487804878049,0.7320495117861722,8.0,S024,2024-03-25,excavation,2.0,S024|excavation,20.0,True,False,21.0,0.0,0.18940909697212222,5.0,34.0,1.4,1.0,16.0,1.25,22.4
0.4144736842105263,0.13157894736842105,0.3618421052631579,0.07236842105263158,0.019736842105263157,0.3125,0.203125,0.40625,0.0625,0.015625,38.0,7.0,35.0,6.969210526315789,2.797368421052631,0.7135774526446259,8.0,S024,2024-04-01,foundation,3.0,S024|foundation,0.0,True,False,21.0,20.0,0.2418207681365577,5.0,35.0,1.35625,2.0,18.0,0.0,24.412499999999998
0.4122137404580153,0.13740458015267176,0.35877862595419846,0.08396946564885496,0.007633587786259542,0.3,0.18333333333333332,0.4166666666666667,0.08333333333333333,0.016666666666666666,13.0,1.0,36.0,5.926923076923076,2.232307692307692,0.7264070896577731,7.0,S024,2024-04-08,foundation,3.0,S024|foundation,1.0,True,False,21.0,19.0,0.1944670023279736,-21.0,36.0,1.35625,2.0,18.0,0.05555555555555555,24.412499999999998
0.36792452830188677,0.18867924528301888,0.3584905660377358,0.07547169811320754,0.009433962264150943,0.3157894736842105,0.21052631578947367,0.40350877192982454,0.05263157894736842,0.017543859649122806,14.0,7.0,37.0,6.054285714285713,2.182857142857143,0.734998265695456,7.0,S024,2024-04-15,foundation,3.0,S024|foundation,2.0,True,False,21.0,18.0,0.1259633271326069,-25.0,37.0,1.35625,2.0,18.0,0.1111111111111111,24.412499999999998
0.3,0.2625,0.3375,0.075,0.025,0.33962264150943394,0.24528301886792453,0.33962264150943394,0.05660377358490566,0.018867924528301886,15.0,3.0,38.0,6.477999999999999,2.1966666666666663,0.7467722102674454,7.0,S024,2024-04-22,foundation,3.0,S024|foundation,3.0,True,False,21.0,17.0,0.25289115646258503,-26.0,38.0,1.35625,2.0,18.0,0.16666666666666666,24.412499999999998
0.2807017543859649,0.38596491228070173,0.21052631578947367,0.07017543859649122,0.05263157894736842,0.35294117647058826,0.23529411764705882,0.3333333333333333,0.058823529411764705,0.0196078431372549,15.0,2.0,39.0,6.54,2.3306666666666667,0.737261385840974,7.0,S024,2024-04-29,foundation,3.0,S024|foundation,4.0,True,False,21.0,16.0,0.574561403508772,-23.0,39.0,1.35625,2.0,18.0,0.2222222222222222,24.412499999999998
0.3548387096774194,0.3870967741935484,0.14516129032258066,0.04838709677419355,0.06451612903225806,0.3673469387755102,0.22448979591836735,0.2857142857142857,0.08163265306122448,0.04081632653061224,18.0,7.0,40.0,6.3455555555555545,2.4555555555555557,0.720994823885873,7.0,S024,2024-05-06,foundation,3.0,S024|foundation,5.0,True,False,21.0,15.0,0.6131494705737502,5.0,40.0,1.35625,2.0,18.0,0.2777777777777778,24.412499999999998
0.43661971830985913,0.36619718309859156,0.09859154929577464,0.04225352112676056,0.056338028169014086,0.3333333333333333,0.2857142857142857,0.2857142857142857,0.047619047619047616,0.047619047619047616,23.0,5.0,41.0,6.606086956521738,2.589130434782609,0.7184264031396282,7.0,S024,2024-05-13,foundation,3.0,S024|foundation,6.0,True,False,21.0,14.0,0.5862343874568164,9.0,41.0,1.35625,2.0,18.0,0.3333333333333333,24.412499999999998
0.5128205128205128,0.28205128205128205,0.08974358974358974,0.0641025641025641,0.05128205128205128,0.41025641025641024,0.2564102564102564,0.1794871794871795,0.10256410256410256,0.05128205128205128,22.0,7.0,42.0,6.531818181818181,2.2099999999999995,0.7471921797004992,7.0,S024,2024-05-20,foundation,3.0,S024|foundation,7.0,True,False,21.0,13.0,0.5173076923076922,7.0,42.0,1.35625,2.0,18.0,0.3888888888888889,24.412499999999998
0.5402298850574713,0.21839080459770116,0.09195402298850575,0.09195402298850575,0.05747126436781609,0.4166666666666667,0.2777777777777778,0.1111111111111111,0.1111111111111111,0.08333333333333333,24.0,4.0,43.0,6.547916666666667,2.1775,0.7504417172054819,7.0,S024,2024-05-27,foundation,3.0,S024|foundation,8.0,True,False,21.0,12.0,0.5722928009679371,9.0,43.0,1.35625,2.0,18.0,0.4444444444444444,24.412499999999998
0.5111111111111111,0.2,0.1111111111111111,0.12222222222222222,0.05555555555555555,0.42105263157894735,0.2894736842105263,0.10526315789473684,0.10526315789473684,0.07894736842105263,21.0,3.0,44.0,7.070952380952382,2.271904761904762,0.756829765545362,7.0,S024,2024-06-03,foundation,3.0,S024|foundation,9.0,True,False,21.0,11.0,0.46021505376344074,3.0,44.0,1.35625,2.0,18.0,0.5,24.412499999999998
0.45054945054945056,0.17582417582417584,0.14285714285714285,0.17582417582417584,0.054945054945054944,0.40540540540540543,0.24324324324324326,0.13513513513513514,0.16216216216216217,0.05405405405405406,24.0,6.0,45.0,7.130416666666666,2.265833333333333,0.7588577003237108,7.0,S024,2024-06-10,foundation,3.0,S024|foundation,10.0,True,False,21.0,10.0,0.3835319609967498,1.0,45.0,1.35625,2.0,18.0,0.5555555555555556,24.412499999999998
0.3655913978494624,0.1935483870967742,0.1827956989247312,0.20430107526881722,0.053763440860215055,0.39473684210526316,0.21052631578947367,0.15789473684210525,0.18421052631578946,0.05263157894736842,24.0,4.0,46.0,7.206666666666667,2.20125,0.766021524425351,8.0,S024,2024-06-17,foundation,3.0,S024|foundation,11.0,True,False,21.0,9.0,0.47146401985111663,2.0,46.0,1.35625,2.0,18.0,0.6111111111111112,24.412499999999998
0.2777777777777778,0.2111111111111111,0.2111111111111111,0.25555555555555554,0.044444444444444446,0.3333333333333333,0.20512820512820512,0.1794871794871795,0.23076923076923078,0.05128205128205128,21.0,3.0,47.0,7.0704761904761915,2.154285714285715,0.7664670658682635,8.0,S024,2024-06-24,foundation,3.0,S024|foundation,12.0,True,False,21.0,8.0,0.5655172413793104,-3.0,47.0,1.35625,2.0,18.0,0.6666666666666666,24.412499999999998
0.21176470588235294,0.2,0.23529411764705882,0.3058823529411765,0.047058823529411764,0.2647058823529412,0.23529411764705882,0.20588235294117646,0.2647058823529412,0.029411764705882353,16.0,2.0,48.0,6.73,2.1275,0.759808072255151,7.0,S024,2024-07-01,foundation,3.0,S024|foundation,13.0,True,False,21.0,7.0,0.6156862745098038,-5.0,48.0,1.35625,2.0,18.0,0.7222222222222222,24.412499999999998
0.16883116883116883,0.2077922077922078,0.23376623376623376,0.33766233766233766,0.05194805194805195,0.22580645161290322,0.25806451612903225,0.1935483870967742,0.2903225806451613,0.03225806451612903,16.0,2.0,49.0,5.8862499999999995,1.86625,0.7592712028377943,7.0,S024,2024-07-08,foundation,3.0,S024|foundation,14.0,True,False,21.0,6.0,0.5694305694305695,-8.0,49.0,1.35625,2.0,18.0,0.7777777777777778,24.412499999999998
0.12857142857142856,0.21428571428571427,0.24285714285714285,0.35714285714285715,0.05714285714285714,0.1724137931034483,0.2413793103448276,0.27586206896551724,0.27586206896551724,0.034482758620689655,17.0,5.0,50.0,5.948823529411764,1.7217647058823529,0.775536809815951,7.0,S024,2024-07-15,foundation,3.0,S024|foundation,15.0,True,False,21.0,5.0,0.4740399385560676,-7.0,50.0,1.35625,2.0,18.0,0.8333333333333334,24.412499999999998
0.109375,0.203125,0.28125,0.34375,0.0625,0.18518518518518517,0.2222222222222222,0.2962962962962963,0.2962962962962963,0.0,15.0,2.0,51.0,5.924666666666666,1.399333333333333,0.808938649189878,8.0,S024,2024-07-22,foundation,3.0,S024|foundation,16.0,True,False,21.0,4.0,0.3527777777777778,-6.0,51.0,1.35625,2.0,18.0,0.8888888888888888,24.412499999999998
0.10606060606060606,0.25757575757575757,0.2727272727272727,0.30303030303030304,0.06060606060606061,0.1724137931034483,0.27586206896551724,0.27586206896551724,0.27586206896551724,0.0,18.0,5.0,52.0,6.734999999999999,1.6894444444444445,0.7994592455816407,8.0,S024,2024-07-29,foundation,3.0,S024|foundation,17.0,True,False,21.0,3.0,0.21711229946524063,2.0,52.0,1.35625,2.0,18.0,0.9444444444444444,24.412499999999998
0.1267605633802817,0.2676056338028169,0.28169014084507044,0.2676056338028169,0.056338028169014086,0.2222222222222222,0.2962962962962963,0.25925925925925924,0.2222222222222222,0.0,21.0,4.0,53.0,6.493809523809524,1.753333333333333,0.7874011201570529,8.0,S024,2024-08-05,foundation,3.0,S024|foundation,18.0,True,False,21.0,2.0,0.2242546186208158,5.0,53.0,1.35625,2.0,18.0,1.0,24.412499999999998
0.13333333333333333,0.29333333333333333,0.26666666666666666,0.24,0.06666666666666667,0.1724137931034483,0.3103448275862069,0.27586206896551724,0.20689655172413793,0.034482758620689655,21.0,6.0,54.0,6.564285714285714,1.9223809523809523,0.7734822129951745,8.0,S024,2024-08-12,foundation,3.0,S024|foundation,19.0,True,False,21.0,1.0,0.23428571428571432,4.0,54.0,1.35625,2.0,18.0,1.0555555555555556,24.412499999999998
0.14102564102564102,0.32051282051282054,0.2564102564102564,0.20512820512820512,0.07692307692307693,0.17857142857142858,0.32142857142857145,0.2857142857142857,0.14285714285714285,0.07142857142857142,18.0,2.0,55.0,7.146111111111111,2.043333333333333,0.7776434314733087,5.0,S024,2024-08-19,foundation,3.0,S024|foundation,20.0,True,False,21.0,0.0,0.326923076923077,3.0,55.0,1.35625,2.0,18.0,1.1111111111111112,24.412499999999998
0.1527777777777778,0.3333333333333333,0.2638888888888889,0.1527777777777778,0.09722222222222222,0.14814814814814814,0.3333333333333333,0.3333333333333333,0.1111111111111111,0.07407407407407407,12.0,1.0,56.0,7.533333333333334,2.3175,0.7647407156754928,5.0,S024,2024-08-26,erection,4.0,S024|erection,0.0,True,False,31.0,30.0,0.3181818181818181,-6.0,56.0,1.2930555555555554,3.0,22.0,0.0,28.44722222222222
0.14035087719298245,0.3508771929824561,0.2807017543859649,0.12280701754385964,0.10526315789473684,0.14814814814814814,0.25925925925925924,0.37037037037037035,0.14814814814814814,0.07407407407407407,6.0,2.0,57.0,7.416666666666667,5.271666666666667,0.5845264678838828,4.0,S024,2024-09-02,erection,4.0,S024|erection,1.0,True,False,31.0,29.0,0.29157400543612555,-15.0,57.0,1.2930555555555554,3.0,22.0,0.045454545454545456,28.44722222222222
0.11904761904761904,0.3333333333333333,0.35714285714285715,0.09523809523809523,0.09523809523809523,0.12,0.32,0.36,0.12,0.08,6.0,3.0,58.0,7.941666666666666,5.376666666666666,0.5962958328119135,4.0,S024,2024-09-09,erection,4.0,S024|erection,2.0,True,False,31.0,28.0,0.3180952380952381,-15.0,58.0,1.2930555555555554,3.0,22.0,0.09090909090909091,28.44722222222222
0.11764705882352941,0.3235294117647059,0.38235294117647056,0.11764705882352941,0.058823529411764705,0.14285714285714285,0.32142857142857145,0.32142857142857145,0.14285714285714285,0.07142857142857142,10.0,5.0,59.0,7.522,3.9559999999999995,0.6553406516814776,5.0,S024,2024-09-16,erection,4.0,S024|erection,3.0,True,False,31.0,27.0,0.25791855203619907,-8.0,59.0,1.2930555555555554,3.0,22.0,0.13636363636363635,28.44722222222222
0.08823529411764706,0.2647058823529412,0.4411764705882353,0.17647058823529413,0.029411764705882353,0.12,0.24,0.4,0.12,0.12,12.0,2.0,60.0,7.2316666666666665,3.6141666666666663,0.666769112562428,6.0,S024,2024-09-23,erection,4.0,S024|erection,4.0,True,False,31.0,26.0,0.4019607843137254,0.0,60.0,1.2930555555555554,3.0,22.0,0.18181818181818182,28.44722222222222
0.1,0.25,0.425,0.15,0.075,0.08333333333333333,0.20833333333333334,0.4166666666666667,0.125,0.16666666666666666,12.0,3.0,61.0,7.132499999999999,1.9266666666666665,0.7873240732223347,7.0,S024,2024-09-30,erection,4.0,S024|erection,5.0,True,False,31.0,25.0,0.3429824561403508,6.0,61.0,1.2930555555555554,3.0,22.0,0.22727272727272727,28.44722222222222
0.13333333333333333,0.2222222222222222,0.37777777777777777,0.15555555555555556,0.1111111111111111,0.1,0.15,0.45,0.15,0.15,11.0,2.0,62.0,6.6909090909090905,1.787272727272727,0.7891915076131247,6.0,S024,2024-10-07,erection,4.0,S024|erection,6.0,True,False,31.0,24.0,0.2222222222222222,5.0,62.0,1.2930555555555554,3.0,22.0,0.2727272727272727,28.44722222222222
0.15217391304347827,0.2391304347826087,0.34782608695652173,0.13043478260869565,0.13043478260869565,0.09523809523809523,0.2857142857142857,0.38095238095238093,0.14285714285714285,0.09523809523809523,11.0,3.0,63.0,7.186363636363637,1.497272727272727,0.8275753768844223,5.0,S024,2024-10-14,erection,4.0,S024|erection,7.0,True,False,31.0,23.0,0.23785166240409206,1.0,63.0,1.2930555555555554,3.0,22.0,0.3181818181818182,28.44722222222222
0.14545454545454545,0.23636363636363636,0.36363636363636365,0.14545454545454545,0.10909090909090909,0.09375,0.21875,0.40625,0.1875,0.09375,21.0,12.0,64.0,6.6138095238095245,1.5419047619047621,0.8109417878204006,7.0,S024,2024-10-21,erection,4.0,S024|erection,8.0,True,False,31.0,22.0,0.2737967914438503,9.0,64.0,1.2930555555555554,3.0,22.0,0.36363636363636365,28.44722222222222
0.15492957746478872,0.23943661971830985,0.352112676056338,0.16901408450704225,0.08450704225352113,0.15384615384615385,0.2564102564102564,0.3333333333333333,0.15384615384615385,0.10256410256410256,28.0,9.0,65.0,6.336785714285716,1.6092857142857144,0.7974740437772484,8.0,S024,2024-10-28,erection,4.0,S024|erection,9.0,True,False,31.0,21.0,0.16690140845070423,16.0,65.0,1.2930555555555554,3.0,22.0,0.4090909090909091,28.44722222222222
0.17391304347826086,0.25,0.34782608695652173,0.15217391304347827,0.07608695652173914,0.19047619047619047,0.21428571428571427,0.30952380952380953,0.16666666666666666,0.11904761904761904,32.0,6.0,66.0,6.374687499999999,1.60375,0.7989894637891192,8.0,S024,2024-11-04,erection,4.0,S024|erection,10.0,True,False,31.0,20.0,0.13671497584541062,21.0,66.0,1.2930555555555554,3.0,22.0,0.45454545454545453,28.44722222222222
0.18803418803418803,0.24786324786324787,0.3504273504273504,0.1452991452991453,0.06837606837606838,0.17391304347826086,0.2391304347826087,0.32608695652173914,0.15217391304347827,0.10869565217391304,36.0,9.0,67.0,6.561944444444445,1.761388888888889,0.788379388599653,8.0,S024,2024-11-11,erection,4.0,S024|erection,11.0,True,False,31.0,19.0,0.12411742846525453,25.0,67.0,1.2930555555555554,3.0,22.0,0.5,28.44722222222222
0.22556390977443608,0.2556390977443609,0.3157894736842105,0.13533834586466165,0.06766917293233082,0.21568627450980393,0.2549019607843137,0.27450980392156865,0.17647058823529413,0.0784313725490196,37.0,7.0,68.0,6.734324324324324,1.8748648648648647,0.7822251522571735,8.0,S024,2024-11-18,erection,4.0,S024|erection,12.0,True,False,31.0,18.0,0.19876965140123037,16.0,68.0,1.2930555555555554,3.0,22.0,0.5454545454545454,28.44722222222222
0.2357142857142857,0.2714285714285714,0.30714285714285716,0.12142857142857143,0.06428571428571428,0.21153846153846154,0.2692307692307692,0.28846153846153844,0.17307692307692307,0.057692307692307696,35.0,4.0,69.0,6.888857142857142,2.0194285714285716,0.7733089579524679,8.0,S024,2024-11-25,erection,4.0,S024|erection,13.0,True,False,31.0,17.0,0.22555331991951705,7.0,69.0,1.2930555555555554,3.0,22.0,0.5909090909090909,28.44722222222222
0.23134328358208955,0.29850746268656714,0.29850746268656714,0.12686567164179105,0.04477611940298507,0.21568627450980393,0.27450980392156865,0.27450980392156865,0.17647058823529413,0.058823529411764705,26.0,1.0,70.0,7.007307692307693,2.161923076923077,0.764219798657718,8.0,S024,2024-12-02,erection,4.0,S024|erection,14.0,True,False,31.0,16.0,0.2118754055807917,-6.0,70.0,1.2930555555555554,3.0,22.0,0.6363636363636364,28.44722222222222
0.224,0.288,0.288,0.152,0.048,0.23214285714285715,0.19642857142857142,0.2857142857142857,0.19642857142857142,0.08928571428571429,27.0,8.0,71.0,6.954074074074073,2.206296296296296,0.7591476974083209,7.0,S024,2024-12-09,erection,4.0,S024|erection,15.0,True,False,31.0,15.0,0.1656068376068376,-9.0,71.0,1.2930555555555554,3.0,22.0,0.6818181818181818,28.44722222222222
0.21238938053097345,0.24778761061946902,0.3185840707964602,0.1592920353982301,0.061946902654867256,0.27450980392156865,0.19607843137254902,0.27450980392156865,0.1568627450980392,0.09803921568627451,25.0,7.0,72.0,6.646400000000001,2.0244,0.766526733404069,7.0,S024,2024-12-16,erection,4.0,S024|erection,16.0,True,False,31.0,14.0,0.053496573291636165,-12.0,72.0,1.2930555555555554,3.0,22.0,0.7272727272727273,28.44722222222222
0.205607476635514,0.18691588785046728,0.3364485981308411,0.18691588785046728,0.08411214953271028,0.22916666666666666,0.16666666666666666,0.2916666666666667,0.20833333333333334,0.10416666666666667,29.0,6.0,73.0,6.747931034482758,2.1403448275862074,0.7591945996275604,7.0,S024,2024-12-23,erection,4.0,S024|erection,17.0,True,False,31.0,13.0,0.22923898531375164,-6.0,73.0,1.2930555555555554,3.0,22.0,0.7727272727272727,28.44722222222222
0.20535714285714285,0.125,0.33035714285714285,0.20535714285714285,0.13392857142857142,0.19230769230769232,0.17307692307692307,0.28846153846153844,0.21153846153846154,0.1346153846153846,31.0,10.0,74.0,6.588064516129032,2.371612903225807,0.7353015301530151,8.0,S024,2024-12-30,erection,4.0,S024|erection,18.0,True,False,31.0,12.0,0.39898720682302774,5.0,74.0,1.2930555555555554,3.0,22.0,0.8181818181818182,28.44722222222222
0.2033898305084746,0.1016949152542373,0.3220338983050847,0.2033898305084746,0.1694915254237288,0.1956521739130435,0.13043478260869565,0.2826086956521739,0.21739130434782608,0.17391304347826086,33.0,3.0,75.0,6.552424242424243,2.229090909090909,0.7461610131474516,8.0,S024,2025-01-06,erection,4.0,S024|erection,19.0,True,False,31.0,11.0,0.41383050847457625,6.0,75.0,1.2930555555555554,3.0,22.0,0.8636363636363636,28.44722222222222
0.2032520325203252,0.10569105691056911,0.2845528455284553,0.21138211382113822,0.1951219512195122,0.18604651162790697,0.09302325581395349,0.3023255813953488,0.20930232558139536,0.20930232558139536,30.0,4.0,76.0,6.508,2.2920000000000007,0.7395454545454545,8.0,S024,2025-01-13,erection,4.0,S024|erection,20.0,True,False,31.0,10.0,0.37053025397510614,5.0,76.0,1.2930555555555554,3.0,22.0,0.9090909090909091,28.44722222222222
0.2066115702479339,0.12396694214876033,0.256198347107438,0.2231404958677686,0.19008264462809918,0.15555555555555556,0.1111111111111111,0.26666666666666666,0.26666666666666666,0.2,27.0,6.0,77.0,6.756666666666666,2.358518518518519,0.7412539108528706,8.0,S024,2025-01-20,erection,4.0,S024|erection,21.0,True,False,31.0,9.0,0.28639839345022017,-2.0,77.0,1.2930555555555554,3.0,22.0,0.9545454545454546,28.44722222222222
0.20869565217391303,0.1391304347826087,0.25217391304347825,0.23478260869565218,0.16521739130434782,0.16666666666666666,0.10416666666666667,0.2916666666666667,0.25,0.1875,25.0,4.0,78.0,6.5456,2.2416,0.7449016751638747,8.0,S024,2025-01-27,erection,4.0,S024|erection,22.0,True,False,31.0,8.0,0.1563664596273292,-6.0,78.0,1.2930555555555554,3.0,22.0,1.0,28.44722222222222
0.20952380952380953,0.13333333333333333,0.24761904761904763,0.2571428571428571,0.1523809523809524,0.1590909090909091,0.11363636363636363,0.29545454545454547,0.22727272727272727,0.20454545454545456,23.0,4.0,79.0,6.789130434782607,2.3513043478260864,0.7427579317889931,7.0,S024,2025-02-03,erection,4.0,S024|erection,23.0,True,False,31.0,7.0,0.183050847457627,-10.0,79.0,1.2930555555555554,3.0,22.0,1.0454545454545454,28.44722222222222
0.1875,0.13541666666666666,0.2708333333333333,0.2604166666666667,0.14583333333333334,0.12195121951219512,0.12195121951219512,0.2926829268292683,0.24390243902439024,0.21951219512195122,21.0,4.0,80.0,6.438095238095237,2.410952380952381,0.7275466824517031,6.0,S024,2025-02-10,erection,4.0,S024|erection,24.0,True,False,31.0,6.0,0.15752032520325204,-9.0,80.0,1.2930555555555554,3.0,22.0,1.0909090909090908,28.44722222222222
0.16129032258064516,0.11827956989247312,0.3118279569892473,0.24731182795698925,0.16129032258064516,0.13333333333333333,0.1111111111111111,0.3111111111111111,0.24444444444444444,0.2,24.0,10.0,81.0,7.169583333333333,2.877916666666667,0.7135688811478809,7.0,S024,2025-02-17,erection,4.0,S024|erection,25.0,True,False,31.0,5.0,0.15960188394205993,-3.0,81.0,1.2930555555555554,3.0,22.0,1.1363636363636365,28.44722222222222
0.1326530612244898,0.10204081632653061,0.35714285714285715,0.21428571428571427,0.19387755102040816,0.11904761904761904,0.09523809523809523,0.38095238095238093,0.21428571428571427,0.19047619047619047,30.0,7.0,82.0,7.085333333333333,2.82,0.7153048862565621,8.0,S024,2025-02-24,erection,4.0,S024|erection,26.0,True,False,31.0,4.0,0.2672582076308785,5.0,82.0,1.2930555555555554,3.0,22.0,1.1818181818181819,28.44722222222222
0.10476190476190476,0.09523809523809523,0.4095238095238095,0.19047619047619047,0.2,0.11363636363636363,0.06818181818181818,0.38636363636363635,0.25,0.18181818181818182,30.0,5.0,83.0,7.522999999999999,2.999666666666667,0.714932843385707,8.0,S024,2025-03-03,erection,4.0,S024|erection,27.0,True,False,31.0,3.0,0.419047619047619,7.0,83.0,1.2930555555555554,3.0,22.0,1.2272727272727273,28.44722222222222
0.07339449541284404,0.10091743119266056,0.43119266055045874,0.2018348623853211,0.1926605504587156,0.06976744186046512,0.11627906976744186,0.3953488372093023,0.2558139534883721,0.16279069767441862,25.0,3.0,84.0,6.9352,2.8376,0.7096430910281598,7.0,S024,2025-03-10,erection,4.0,S024|erection,28.0,True,False,31.0,2.0,0.4143730886850153,4.0,84.0,1.2930555555555554,3.0,22.0,1.2727272727272727,28.44722222222222
0.04424778761061947,0.11504424778761062,0.4424778761061947,0.18584070796460178,0.21238938053097345,0.06818181818181818,0.11363636363636363,0.4318181818181818,0.18181818181818182,0.20454545454545456,28.0,7.0,85.0,7.329285714285715,2.990000000000001,0.7102512632380424,8.0,S024,2025-03-17,erection,4.0,S024|erection,29.0,True,False,31.0,1.0,0.3634979541345513,4.0,85.0,1.2930555555555554,3.0,22.0,1.3181818181818181,28.44722222222222
0.01818181818181818,0.14545454545454545,0.44545454545454544,0.18181818181818182,0.20909090909090908,0.046511627906976744,0.13953488372093023,0.4418604651162791,0.16279069767441862,0.20930232558139536,27.0,3.0,86.0,7.284814814814815,3.039259259259259,0.7056143497757849,8.0,S024,2025-03-24,erection,4.0,S024|erection,30.0,True,False,31.0,0.0,0.29387755102040813,-3.0,86.0,1.2930555555555554,3.0,22.0,1.3636363636363635,28.44722222222222
0.0,0.19387755102040816,0.4489795918367347,0.16326530612244897,0.19387755102040816,0.024390243902439025,0.17073170731707318,0.43902439024390244,0.17073170731707318,0.1951219512195122,18.0,2.0,87.0,6.677222222222222,1.598888888888889,0.8068067396120023,7.0,S024,2025-03-31,grading,5.0,S024|grading,0.0,True,False,17.0,16.0,0.27619047619047626,-12.0,87.0,1.322064393939394,4.0,14.0,0.0,18.508901515151514
0.0,0.20481927710843373,0.43373493975903615,0.1566265060240964,0.20481927710843373,0.02564102564102564,0.1794871794871795,0.38461538461538464,0.20512820512820512,0.20512820512820512,10.0,2.0,88.0,6.903999999999999,2.024,0.7732974910394265,7.0,S024,2025-04-07,grading,5.0,S024|grading,1.0,True,False,17.0,15.0,0.23720570354813747,-15.0,88.0,1.322064393939394,4.0,14.0,0.07142857142857142,18.508901515151514
0.0,0.22580645161290322,0.4032258064516129,0.1774193548387097,0.1935483870967742,0.0,0.22580645161290322,0.3870967741935484,0.16129032258064516,0.22580645161290322,7.0,2.0,89.0,7.444285714285714,2.0585714285714287,0.7833734215273602,7.0,S024,2025-04-14,grading,5.0,S024|grading,2.0,True,False,17.0,14.0,0.22152440765058526,-21.0,89.0,1.322064393939394,4.0,14.0,0.14285714285714285,18.508901515151514
0.0,0.23404255319148937,0.3617021276595745,0.19148936170212766,0.2127659574468085,0.0,0.27586206896551724,0.3448275862068966,0.1724137931034483,0.20689655172413793,12.0,5.0,90.0,7.053333333333334,2.0008333333333335,0.7790151863782788,7.0,S024,2025-04-21,grading,5.0,S024|grading,3.0,True,False,17.0,13.0,0.20386847195357832,-15.0,90.0,1.322064393939394,4.0,14.0,0.21428571428571427,18.508901515151514
0.022222222222222223,0.2,0.3333333333333333,0.24444444444444444,0.2,0.03333333333333333,0.26666666666666666,0.36666666666666664,0.16666666666666666,0.16666666666666666,16.0,6.0,91.0,6.85875,1.8893750000000002,0.7840251482460527,8.0,S024,2025-04-28,grading,5.0,S024|grading,4.0,True,False,17.0,12.0,0.23129251700680278,-2.0,91.0,1.322064393939394,4.0,14.0,0.2857142857142857,18.508901515151514
0.0392156862745098,0.21568627450980393,0.3333333333333333,0.2549019607843137,0.1568627450980392,0.034482758620689655,0.20689655172413793,0.3793103448275862,0.1724137931034483,0.20689655172413793,16.0,2.0,92.0,6.778124999999999,1.9337499999999999,0.7780328574503192,7.0,S024,2025-05-05,grading,5.0,S024|grading,5.0,True,False,17.0,11.0,0.2967162768721947,6.0,92.0,1.322064393939394,4.0,14.0,0.35714285714285715,18.508901515151514
0.07692307692307693,0.18461538461538463,0.36923076923076925,0.23076923076923078,0.13846153846153847,0.10344827586206896,0.1724137931034483,0.3793103448275862,0.1724137931034483,0.1724137931034483,21.0,7.0,93.0,6.6585714285714275,2.036190476190476,0.7658141190645709,8.0,S024,2025-05-12,grading,5.0,S024|grading,6.0,True,False,17.0,10.0,0.26054590570719594,14.0,93.0,1.322064393939394,4.0,14.0,0.42857142857142855,18.508901515151514
0.10666666666666667,0.16,0.37333333333333335,0.22666666666666666,0.13333333333333333,0.125,0.125,0.34375,0.21875,0.1875,22.0,6.0,94.0,6.457727272727274,1.8809090909090906,0.7744344508040338,8.0,S024,2025-05-19,grading,5.0,S024|grading,7.0,True,False,17.0,9.0,0.30695035460992903,10.0,94.0,1.322064393939394,4.0,14.0,0.5,18.508901515151514
0.11904761904761904,0.15476190476190477,0.35714285714285715,0.21428571428571427,0.15476190476190477,0.11764705882352941,0.11764705882352941,0.38235294117647056,0.23529411764705882,0.14705882352941177,25.0,4.0,95.0,6.492800000000001,2.0848,0.7569483305353479,8.0,S024,2025-05-26,grading,5.0,S024|grading,8.0,True,False,17.0,8.0,0.2412698412698413,9.0,95.0,1.322064393939394,4.0,14.0,0.5714285714285714,18.508901515151514
0.11827956989247312,0.13978494623655913,0.3763440860215054,0.1935483870967742,0.17204301075268819,0.1111111111111111,0.1111111111111111,0.4166666666666667,0.19444444444444445,0.16666666666666666,25.0,4.0,96.0,6.3744000000000005,2.18,0.7451603852987936,8.0,S024,2025-06-02,grading,5.0,S024|grading,9.0,True,False,17.0,7.0,0.2745098039215687,9.0,96.0,1.322064393939394,4.0,14.0,0.6428571428571429,18.508901515151514
0.09473684210526316,0.12631578947368421,0.3684210526315789,0.21052631578947367,0.2,0.10810810810810811,0.08108108108108109,0.40540540540540543,0.21621621621621623,0.1891891891891892,23.0,3.0,97.0,6.601304347826088,2.303913043478261,0.741285030758715,8.0,S024,2025-06-09,grading,5.0,S024|grading,10.0,True,False,17.0,6.0,0.15870445344129563,2.0,97.0,1.322064393939394,4.0,14.0,0.7142857142857143,18.508901515151514
0.06593406593406594,0.12087912087912088,0.3516483516483517,0.24175824175824176,0.21978021978021978,0.12121212121212122,0.06060606060606061,0.36363636363636365,0.2727272727272727,0.18181818181818182,18.0,1.0,98.0,6.805555555555557,2.339444444444444,0.7441832209464796,7.0,S024,2025-06-16,grading,5.0,S024|grading,11.0,True,False,17.0,5.0,0.2030769230769231,-4.0,98.0,1.322064393939394,4.0,14.0,0.7857142857142857,18.508901515151514
0.03571428571428571,0.10714285714285714,0.3333333333333333,0.2619047619047619,0.2619047619047619,0.1,0.1,0.3333333333333333,0.23333333333333334,0.23333333333333334,18.0,3.0,99.0,7.154999999999999,2.4966666666666666,0.7413227421861509,8.0,S024,2025-06-23,grading,5.0,S024|grading,12.0,True,False,17.0,4.0,0.3095238095238096,-7.0,99.0,1.322064393939394,4.0,14.0,0.8571428571428571,18.508901515151514
0.013333333333333334,0.10666666666666667,0.28,0.29333333333333333,0.30666666666666664,0.1,0.1,0.36666666666666664,0.2,0.23333333333333334,16.0,2.0,100.0,7.174375,2.4475,0.7456316986034428,7.0,S024,2025-06-30,grading,5.0,S024|grading,13.0,True,False,17.0,3.0,0.4688172043010752,-9.0,100.0,1.322064393939394,4.0,14.0,0.9285714285714286,18.508901515151514
0.015625,0.125,0.234375,0.296875,0.328125,0.08,0.08,0.32,0.28,0.24,12.0,2.0,101.0,6.746666666666666,2.174166666666667,0.7562821111630079,6.0,S024,2025-07-07,grading,5.0,S024|grading,14.0,True,False,17.0,2.0,0.42894736842105263,-11.0,101.0,1.322064393939394,4.0,14.0,1.0,18.508901515151514
0.03389830508474576,0.11864406779661017,0.2033898305084746,0.2542372881355932,0.3898305084745763,0.045454545454545456,0.09090909090909091,0.2727272727272727,0.22727272727272727,0.36363636363636365,13.0,3.0,102.0,6.845384615384616,2.191538461538461,0.7574906367041199,8.0,S024,2025-07-14,grading,5.0,S024|grading,15.0,True,False,17.0,1.0,0.3650586701434159,-5.0,102.0,1.322064393939394,4.0,14.0,1.0714285714285714,18.508901515151514
0.07142857142857142,0.10714285714285714,0.17857142857142858,0.19642857142857142,0.44642857142857145,0.09090909090909091,0.045454545454545456,0.22727272727272727,0.18181818181818182,0.45454545454545453,15.0,4.0,103.0,7.165999999999999,2.283333333333333,0.7583603781571892,8.0,S024,2025-07-21,grading,5.0,S024|grading,16.0,True,False,17.0,0.0,0.44047619047619047,-3.0,103.0,1.322064393939394,4.0,14.0,1.1428571428571428,18.508901515151514
0.09803921568627451,0.09803921568627451,0.17647058823529413,0.13725490196078433,0.49019607843137253,0.10526315789473684,0.05263157894736842,0.15789473684210525,0.21052631578947367,0.47368421052631576,11.0,1.0,104.0,6.931818181818181,2.1154545454545453,0.7661776527331189,7.0,S024,2025-07-28,demobilisation,6.0,S024|demobilisation,0.0,False,False,,,0.5364705882352941,-5.0,104.0,1.300508658008658,5.0,10.0,0.0,13.00508658008658
0.09090909090909091,0.06818181818181818,0.1590909090909091,0.11363636363636363,0.5681818181818182,0.125,0.0625,0.1875,0.125,0.5,5.0,0.0,105.0,7.388,2.016,0.785623139089749,4.0,S024,2025-08-04,demobilisation,6.0,S024|demobilisation,1.0,False,False,,,0.6306818181818182,-7.0,105.0,1.300508658008658,5.0,10.0,0.1,13.00508658008658
0.08333333333333333,0.05555555555555555,0.19444444444444445,0.1111111111111111,0.5555555555555556,0.1111111111111111,0.05555555555555555,0.2777777777777778,0.1111111111111111,0.4444444444444444,5.0,3.0,106.0,6.491999999999999,1.634,0.7989170563622938,4.0,S024,2025-08-11,demobilisation,6.0,S024|demobilisation,2.0,False,False,,,0.4303201506591337,-8.0,106.0,1.300508658008658,5.0,10.0,0.2,13.00508658008658
0.04,0.04,0.24,0.16,0.52,0.13333333333333333,0.0,0.26666666666666666,0.13333333333333333,0.4666666666666667,4.0,0.0,107.0,6.302499999999999,1.3525,0.8233180927498367,3.0,S024,2025-08-18,demobilisation,6.0,S024|demobilisation,3.0,False,False,,,0.26999999999999996,-11.0,107.0,1.300508658008658,5.0,10.0,0.3,13.00508658008658
